종목코드,법인명,지정구분,업종명,온실가스 배출량(tCO₂eq),에너지 사용량(TJ),ESG등급,환경,사회,지배구조
286940,롯데이노베이트,사업장,"컴퓨터 프로그래밍, 시스템 통합 및 관리업","120,487","2,514",A,A,A+,A
00None,리뉴에너지경인,사업장,폐기물 처리업,"51,427",12,,,,
00None,남해환경,사업장,폐기물 처리업,"27,986",178,,,,
00None,에보닉페록사이드코리아,사업장,기초 화학물질 제조업,"36,818",734,,,,
00None,청명,사업장,폐기물,"25,597",511,,,,
00None,호남고속,사업장,교통(여객),"20,755",317,,,,
00None,우체국물류지원단,사업장,육상운송 및 파이프라인 운송업,"18,542",273,,,,
00None,MSC,사업장,기타 식품 제조업,"29,704",596,,,,
009160,SIMPAC,업체,1차 철강 제조업,"99,791","1,161",D,C,C,D
002820,SUN&L,사업장,나무제품 제조업,"9,998",271,C,C,C,B
198440,강동씨앤엘,업체,"시멘트, 석회, 플라스터 및 그 외 제품 제조업","9,576",181,,,,
035250,강원랜드,사업장,유원지 및 기타 오락관련 서비스업,"79,430","1,602",A,A,A,A
00None,건화,사업장,선박 및 보트 건조업,"36,370",655,,,,
00None,경기고속,업체,육상 여객 운송업,"115,254","1,851",,,,
00None,경동,업체,석탄 광업,"204,871",383,,,,
00None,경동원,사업장,기계,"8,652",168,,,,
214390,경보제약,사업장,석유화학,"11,603",278,B+,B+,A,B
00None,경북고속,사업장,육상 여객 운송업,"31,288",443,,,,
00None,경신전선,사업장,전기전자,"14,500",300,,,,
00None,국제금속,사업장,비철금속,"29,525",293,,,,
00None,그린스코,사업장,폐기물 처리업,"59,323",102,,,,
00None,금남고속,사업장,육상 여객 운송업,"22,296",318,,,,
008870,금비,사업장,유리 및 유리제품 제조업,"84,439","1,195",D,D,D,C
00None,남해고속,사업장,교통(해운),"23,741",338,,,,
212560,네오오토,사업장,자동차,"16,901",350,,,,
00None,네이처이앤티경주,사업장,지정외 폐기물처리업 등,"30,830",5,,,,
033640,네패스,사업장,반도체,"15,802",326,C,B,B+,D
005720,넥센,사업장,석유화학,"17,306",357,B+,B+,A,B
00None,농협물류,사업장,도로 화물 운송업,"29,600",433,,,,
00None,농협사료,업체,식료품 제조업,"87,275","1,791",,,,
00None,다나에너지솔루션,사업장,폐기물 처리업,"58,590",222,,,,
00None,대농,사업장,섬유,"3,811",79,,,,
00None,대동세라믹,사업장,"내화, 비내화 요업제품 제조업","36,887",677,,,,
017650,대림제지,사업장,"펄프, 종이 및 판지 제조업","109,561","1,675",,,,
009190,대양금속,사업장,기계,"19,950",395,D,C,C,D
047040,대우건설,업체,건설,"61,064","1,259",A,A,B+,A
00None,대욱케스트,사업장,철강,"15,522",289,,,,
069620,대웅제약,사업장,석유화학,"20,586",424,B,B+,A,C
00None,대원고속,업체,육상 여객 운송업,"117,728","1,920",,,,
00None,대원농산,사업장,폐기물,"20,027",127,,,,
00None,대원버스,사업장,육상 여객 운송업,"33,811",583,,,,
00None,대원여객,사업장,교통(여객),"16,290",313,,,,
00None,대원운수,사업장,육상 여객 운송업,"35,606",596,,,,
00None,대유코아,사업장,"시멘트, 석회, 플라스터 및 그 외 제품 제조업","96,217",736,,,,
00None,대천텍스타일,사업장,섬유,"15,547",233,,,,
021040,대호특수강,사업장,철강,"40,263",806,,,,
00None,동광화학,사업장,석유화학,"25,455",527,,,,
00None,동남,사업장,1차 비철금속 제조업,"53,758",837,,,,
004140,동방,사업장,도로 화물 운송업,"57,667",842,C,B,B,C
00None,동서기공,사업장,자동차 신품 부품 제조업,"50,632","1,045",,,,
00None,동신포리마,사업장,플라스틱 제품 제조업,"37,349",765,,,,
084670,동양고속,사업장,육상 여객 운송업,"53,374",762,D,C,D,D
00None,동양환경,업체,폐기물 처리업,"239,750",664,,,,
088910,동우팜투테이블,사업장,식료품 제조업,"14,515",292,,,,
00None,동원F&B,업체,식료품 제조업,"84,156","1,832",,,,
005290,동진쎄미켐,사업장,석유화학,"27,662",567,B,A,A,C
000150,두산,업체,전기전자,"55,371","1,102",A,A,A+,B+
131970,두산테스나,사업장,반도체,"58,757","1,227",B+,B+,A,B+
00None,디알액시온,사업장,비철금속,"11,424",233,,,,
066900,디에이피,사업장,전자 부품 제조업,"77,814","1,613",,,,
00None,디케이씨,사업장,철강,"17,114",344,,,,
00None,로옴코리아,사업장,반도체,"14,770",308,,,,
086900,메디톡스,사업장,석유화학,"16,584",340,B,B+,B+,C
00None,면사랑,사업장,식료품 제조업,"29,600",571,,,,
012690,모나리자,사업장,"펄프, 종이 및 판지 제조업","41,925",781,A,A,A+,A
00None,미래페이퍼,사업장,"펄프, 종이 및 판지 제조업","66,492","1,039",,,,
003610,방림,사업장,섬유,"19,542",297,C,C,D,C
00None,베르상스퍼시픽,사업장,유리 및 유리제품 제조업,"28,013",481,,,,
007210,벽산,사업장,유리 및 유리제품 제조업,"118,254","2,177",B+,B+,B+,B
003850,보령,사업장,석유화학,"17,158",303,A,A,A+,B+
00None,보림씨에스,사업장,폐기물 처리업,"52,338",25,,,,
00None,부산도시가스,사업장,"증기, 냉ㆍ온수 및 공기 조절 공급업","58,486",302,,,,
090460,비에이치,사업장,전기전자,"18,903",368,C,B,B+,C
00None,비엠금속,사업장,철강,"15,365",282,,,,
005180,빙그레,업체,식료품 제조업,"59,696","1,200",A,A,A+,A
00None,삼동,사업장,절연선 및 케이블 제조업,"46,241",955,,,,
00None,삼우에프앤지,사업장,교통(화물),"21,539",357,,,,
023000,삼원강재,사업장,자동차 신품 부품 제조업,"31,842",646,B+,B+,B+,A
004690,삼천리,사업장,"증기, 냉ㆍ온수 및 공기 조절 공급업","98,837","1,733",C,B,B+,C
00None,삼표산업,업체,"시멘트, 석회, 플라스터 및 그 외 제품 제조업","89,261","1,559",,,,
437730,삼현,사업장,"내화, 비내화 요업제품 제조업","25,761",445,,,,
00None,삼화양행,업체,전기전자,"51,499","1,065",,,,
00None,상공에너지,사업장,"증기, 냉ㆍ온수 및 공기 조절 공급업","4,568","1,601",,,,
00None,샤니,사업장,식료품 제조업,"35,410",719,,,,
021050,서원,사업장,비철금속,"11,134",229,C,C,D,C
008490,서흥,사업장,기타 식품 제조업,"37,334",766,C,B+,A,D
00None,선일다이파스,사업장,기계,"20,958",432,,,,
00None,선진운수,사업장,육상 여객 운송업,"24,798",470,,,,
00None,성신미네필드,사업장,시멘트,"17,752",349,,,,
00None,성호금속,사업장,철강,"18,936",338,,,,
00None,성호금속경주2공장,사업장,금속 주조업,"28,588",515,,,,
00None,성호기업,사업장,철강,"13,162",258,,,,
00None,세아씨엠,사업장,1차 철강 제조업,"80,019","1,519",,,,
00None,세아엘앤에스,사업장,교통(화물),"14,542",210,,,,
306200,세아제강,사업장,1차 철강 제조업,"63,961","1,305",B+,B+,B+,B+
019440,세아특수강,사업장,1차 철강 제조업,"54,540","1,100",B+,B+,B+,B+
00None,세우,사업장,식료품 제조업,"17,612",357,,,,
00None,세주,사업장,해상 운송업,"28,350",387,,,,
068760,셀트리온제약,사업장,석유화학,"15,490",317,D,C,C,D
00None,시흥교통,사업장,교통(여객),"22,048",401,,,,
00None,신동,사업장,"시멘트, 석회, 플라스터 및 그 외 제품 제조업","79,688",283,,,,
004170,신세계,업체,종합 소매업,"130,801","2,705",A,A,A+,A
00None,신승에너지,사업장,폐기물 처리업,"68,270",322,,,,
00None,신안주철,사업장,철강,"16,117",302,,,,
00None,신영포르투,사업장,나무제품 제조업,"18,426",685,,,,
00None,신우금속,사업장,철강,"16,858",292,,,,
00None,신한중공업,사업장,조선,"15,472",247,,,,
00None,쌍용씨앤비,사업장,"펄프, 종이 및 판지 제조업","66,006","1,260",,,,
00None,씨텍,업체,"증기, 냉ㆍ온수 및 공기 조절 공급업","763,404","10,981",,,,
149950,아바텍,사업장,유리,"16,462",336,,,,
00None,아진피앤피,사업장,"펄프, 종이 및 판지 제조업","138,991","3,288",,,,
00None,애니테크,사업장,폐기물 처리업,"45,268",204,,,,
00None,에너지세종,사업장,폐기물 처리업,"72,084",425,,,,
00None,에너지정세,사업장,폐기물 처리업,"60,000",481,,,,
00None,에스이그린에너지,사업장,전기업,"55,997",0,,,,
00None,에스제이금속,사업장,철강,"19,958",351,,,,
00None,에스파워,업체,전기업,"1,508,447","29,876",,,,
00None,에스피환경,사업장,폐기물 처리업,"73,956",515,,,,
00None,에이치해운,사업장,교통(해운),"17,780",243,,,,
00None,에이티에너지,사업장,폐기물 처리업,"21,500",18,,,,
00None,에코프로머티리얼즈,사업장,일차전지 및 축전지 제조업,"70,327","1,432",,,,
247540,에코프로비엠,사업장,일차전지 및 축전지 제조업,"68,312","1,424",C,B,B+,D
00None,엔아이티,업체,폐기물 처리업,"163,208",283,,,,
00None,엔이티,사업장,"증기, 냉ㆍ온수 및 공기 조절 공급업","6,977",82,,,,
048830,엔피케이,사업장,석유화학,"15,313",316,,,,
00None,엘엑스글라스,업체,유리 및 유리제품 제조업,"298,344","3,670",,,,
00None,엘엑스판토스,사업장,도로 화물 운송업,"46,415",558,,,,
00None,엘지생활건강,사업장,석유화학,"47,246","1,041",,,,
00None,엘지씨엔에스,업체,"컴퓨터 프로그래밍, 시스템 통합 및 관리업","130,641","2,780",,,,
00None,영신물산,사업장,"섬유제품 염색, 정리 및 마무리 가공업","29,421",198,,,,
007310,오뚜기,사업장,기타 식품 제조업,"93,135","1,877",A,A,A+,B+
271560,오리온,사업장,기타 식품 제조업,"74,067","1,481",A,A,A,B+
00None,오미아코리아,사업장,기초 화학물질 제조업,"45,800",935,,,,
00None,오영,사업장,석유화학,"14,127",308,,,,
00None,온셀텍,사업장,전자 부품 제조업,"34,623",722,,,,
00None,올품,사업장,식료품 제조업,"22,914",467,,,,
122990,와이솔,사업장,반도체,"20,144",319,,,,
067900,와이엔텍,업체,폐기물 처리업,"158,406",975,,,,
007530,와이엠,사업장,기계,"17,196",354,,,,
019210,와이지-원,사업장,기계,"16,506",344,,,,
00None,우룡,업체,"시멘트, 석회, 플라스터 및 그 외 제품 제조업","168,720",752,,,,
00None,우성염직,사업장,섬유,"12,442",196,,,,
00None,우신금속,사업장,비철금속,"23,769",372,,,,
00None,우익반도체,사업장,전기전자,"31,277",646,,,,
00None,원익아이피에스,사업장,특수 목적용 기계 제조업,"27,441",536,,,,
000910,유니온,업체,"시멘트, 석회, 플라스터 및 그 외 제품 제조업","142,490","1,162",C,C,C,B
024800,유성티엔에스,사업장,도로 화물 운송업,"26,598",384,,,,
00None,유진로지스틱스,사업장,도로 화물 운송업,"22,940",333,,,,
000100,유한양행,사업장,석유화학,"17,597",362,A,B+,A+,A
00None,유한화학,사업장,석유화학,"20,739",380,,,,
272290,이녹스첨단소재,사업장,전자 부품 제조업,"30,420",556,B+,B+,B,B+
139480,이마트,업체,종합 소매업,"522,497","10,881",A,A,A,A
007660,이수페타시스,사업장,전자 부품 제조업,"49,020",951,B,B+,A,C
005950,이수화학,업체,기초 화학물질 제조업,"277,942","5,001",B,B+,B+,C
00None,이스타항공,업체,항공 여객 운송업,"122,762","1,757",,,,
00None,이알지서비스,사업장,폐기물 처리업,"83,417",60,,,,
00None,이에스티,사업장,폐기물 처리업,"68,030",11,,,,
051370,인터플렉스,사업장,전자 부품 제조업,"36,807",769,C,C,B,C
00None,일강,사업장,자동차,"19,141",393,,,,
00None,일진글로벌,사업장,자동차 신품 부품 제조업,"122,351","2,549",,,,
00None,전북고속,사업장,육상 여객 운송업,"16,758",238,,,,
00None,정·식품,사업장,음료제조업,"17,976",361,,,,
00None,제때,사업장,교통(화물),"25,825",463,,,,
00None,제양항공해운,사업장,해상 운송업,718,10,,,,
00None,제이엠씨,사업장,기초 화학물질 제조업,"33,421",736,,,,
00None,젤텍,사업장,석유화학,"14,308",487,,,,
002600,조흥,사업장,식료품 제조업,"16,363",353,B,B+,C,B
185750,종근당,사업장,석유화학,"19,934",554,A,A,A,B+
063160,종근당바이오,사업장,기초 의약 물질 및 생물학적 제제 제조업,"92,309","1,937",B+,B+,A,B+
00None,중앙고속,사업장,육상 여객 운송업,"47,642",680,,,,
00None,중일,사업장,1차 비철금속 제조업,"29,361",293,,,,
00None,지에스동해전력,업체,전기업,"2,368,116","26,420",,,,
00None,지엠씨,사업장,광업,"13,954",290,,,,
00None,진합,사업장,자동차 신품 부품 제조업,"26,316",546,,,,
00None,진흥주물,사업장,철강,"30,311",531,,,,
00None,참프레,사업장,"도축, 육류 가공 및 저장 처리업","42,987",860,,,,
00None,창원그린,업체,폐기물 처리업,"57,512",21,,,,
00None,창원에너텍,사업장,폐기물 처리업,"77,277","1,032",,,,
000650,천일고속,사업장,육상 여객 운송업,"21,368",305,D,C,D,D
00None,청송산업개발,사업장,폐기물 처리업,"71,731",520,,,,
066360,체리부로,사업장,식료품 제조업,"15,210",310,,,,
00None,충남고속,사업장,육상 여객 운송업,"23,447",334,,,,
00None,충무화학,업체,"시멘트, 석회, 플라스터 및 그 외 제품 제조업","155,600",637,,,,
00None,카길애그리퓨리나,사업장,식료품 제조업,"21,263",434,,,,
00None,카펙발레오,사업장,자동차,"22,015",444,,,,
071850,캐스텍코리아,사업장,철강,"17,076",300,,,,
00None,케이비아이국인산업,업체,폐기물 처리업,"247,354",114,,,,
00None,케이비아이텍,업체,폐기물 처리업,"151,791",178,,,,
00None,케이에프엔티,사업장,석유화학,"21,733",458,,,,
00None,케이원전자,사업장,전기전자,"23,937",499,,,,
00None,케이이씨,사업장,반도체 제조업,"35,594",648,,,,
00None,케이조선,사업장,선박 및 보트 건조업,"63,962","1,153",,,,
00None,케이티앤지,사업장,담배 제조업,"104,110","2,109",,,,
064820,케이프,사업장,조선,"14,825",264,,,,
00None,케이피텍,사업장,석유화학,"9,117",189,,,,
00None,코넥,사업장,자동차 신품 부품 제조업,"39,621",786,,,,
046070,코다코,사업장,자동차 신품 부품 제조업,"39,518",808,,,,
007810,코리아써키트,사업장,전자 부품 제조업,"127,197","2,578",C,B,D,D
00None,코스틸,사업장,1차 철강 제조업,"10,611",212,,,,
00None,태상,사업장,기타 금속 가공제품 제조업,"57,201","1,113",,,,
009410,태영건설,사업장,건설,"19,192",377,B,B+,B+,C
00None,태영열처리,사업장,기계,"14,249",294,,,,
00None,태우,사업장,비철금속,"17,165",334,,,,
044490,태웅,업체,1차 철강 제조업,"162,294","2,950",,,,
00None,태평양금속,사업장,"내화, 비내화 요업제품 제조업","37,112",754,,,,
00None,티씨씨스틸,사업장,1차 철강 제조업,"32,724",676,,,,
064760,티씨케이,사업장,기타 비금속 광물제품 제조업,"34,496",713,B+,B,A,B+
356860,티엘비,사업장,전기전자,"22,682",456,,,,
00None,파리크라상,사업장,식료품 제조업,"20,408",422,,,,
00None,평안운수,사업장,교통(여객),"12,864",234,,,,
00None,포레스코,사업장,나무제품 제조업,"32,212",771,,,,
00None,포스코이앤씨,사업장,건설,"43,843",884,,,,
00None,포항그린,사업장,폐기물 처리업,"75,079",17,,,,
00None,풍년그린텍,사업장,제지,"22,977",469,,,,
00None,풍농,사업장,석유화학,"18,535",340,,,,
00None,풍정주공,사업장,금속 주조업,"30,214",558,,,,
00None,퓨렉스,사업장,반도체,"16,886",348,,,,
00None,피엔디티,사업장,자동차,"17,142",335,,,,
128660,피제이메탈,사업장,비철금속,"18,099",327,,,,
00None,필맥스,사업장,플라스틱 제품 제조업,"20,861",427,,,,
136480,하림,사업장,"도축, 육류 가공 및 저장 처리업","102,619","2,514",A,A,A,A
00None,한국인삼공사고려인삼창,사업장,식료품 제조업,"32,542",661,,,,
007280,한국특강,업체,1차 철강 제조업,"349,281","6,239",C,C,C,C
00None,한금,사업장,철강,"17,179",371,,,,
014680,한솔케미칼,사업장,기초 화학물질 제조업,"133,544","2,813",A,B+,A,A
025750,한솔홈데코,사업장,나무제품 제조업,"63,294","1,804",B+,B+,B,B+
00None,한양에스앤씨,사업장,자동차,"19,575",347,,,,
014130,한익스프레스,사업장,도로 화물 운송업,"23,918",400,D,C,D,D
00None,한일고속,사업장,육상 여객 운송업,"70,972",973,,,,
00None,한주,업체,"증기, 냉ㆍ온수 및 공기 조절 공급업","1,049,220","12,857",,,,
002320,한진,업체,도로 화물 운송업,"102,568","1,644",A,A,A,A
009460,한창제지,업체,"펄프, 종이 및 판지 제조업","193,116","2,442",C,C,D,C
000880,한화,업체,기타 화학제품 제조업,"64,772","1,213",B+,A,B+,B+
069960,현대백화점,업체,종합 소매업,"162,990","3,416",A+,A+,A+,A
00None,현대엘앤씨,사업장,플라스틱 제품 제조업,"38,430",785,,,,
00None,현대케피코,사업장,자동차 신품 부품 제조업,"24,930",515,,,,
00None,화성여객,사업장,교통(여객),"25,348",406,,,,
378850,화승알앤에이,사업장,석유화학,"20,734",426,B+,B+,B+,B+
00None,화승케미칼,사업장,플라스틱 제품 제조업,"25,483",522,,,,
133820,화인베스틸,사업장,철강,"18,934",346,D,C,D,D
00None,(합)경남여객,사업장,육상 여객 운송업,"41,498",701,,,,
000120,CJ대한통운,업체,도로 화물 운송업,"228,750","4,077",A,A,A+,B+
097950,CJ제일제당,업체,"곡물 가공품, 전분 및 전분제품 제조업","421,213","9,704",A,A,A,B+
006360,GS건설,업체,건설,"116,706","2,166",A,A,A+,B+
00None,GS파워,업체,"증기, 냉ㆍ온수 및 공기 조절 공급업","2,696,279","52,465",,,,
234080,JW생명과학,사업장,의약품 제조업,"28,248",577,B+,B+,A,B
025000,KPX케미칼,사업장,석유화학,"24,270",770,D,C,D,D
061970,LB세미콘,사업장,반도체 제조업,"48,250","1,442",C,B+,A,D
00None,LX엠엠에이,업체,기초 화학물질 제조업,"327,127","2,974",,,,
00None,NC양산,사업장,폐기물 처리업,"32,957",24,,,,
00None,NC울산,사업장,폐기물 처리업,"71,888",40,,,,
00None,OCISE,업체,"증기, 냉ㆍ온수 및 공기 조절 공급업","1,290,550","23,775",,,,
010950,S-OIL,업체,석유 정제품 제조업,"9,632,037","127,577",A,B+,A,A
00None,SKBROADBAND,업체,전기 통신업,"455,962","9,485",,,,
096770,SK이노베이션,업체,일차전지 및 축전지 제조업,"2,364,006","47,046",A+,A,A+,A+
00None,SK인천석유화학,업체,석유 정제품 제조업,"1,538,765","45,185",,,,
00None,Y&T파워텍,사업장,자동차,"19,258",401,,,,
00None,토탈,사업장,폐기물 처리업,"64,339",70,,,,
000500,가온전선,사업장,전기전자,"8,572",175,B,A,A,C
00None,강남금융센터,사업장,건물,"17,358",358,,,,
00None,강남화성,사업장,석유화학,"19,455",314,,,,
00None,강릉시,사업장,폐기물 처리업,"107,713",764,,,,
00None,강릉에코파워,업체,발전에너지,"2,627,471","32,364",,,,
00None,강변테크노마트,사업장,건물,"13,404",278,,,,
00None,강원고속,사업장,육상 여객 운송업,"16,788",239,,,,
00None,강원대학교,사업장,건물,"19,897",411,,,,
00None,거제시,사업장,폐기물 처리업,"60,696",487,,,,
00None,경기그린에너지,업체,전기업,"118,443",0,,,,
00None,경기도광주시,업체,수도업,"59,846",999,,,,
00None,경북대학교,사업장,고등 교육기관,"41,113",864,,,,
00None,경북대학교병원,사업장,건물,"20,752",426,,,,
00None,경산시,사업장,폐기물 처리업,"74,974",800,,,,
00None,경산제지,사업장,"펄프, 종이 및 판지 제조업","107,106",909,,,,
00None,경상국립대학교,사업장,건물,"20,967",433,,,,
00None,경상북도,사업장,폐기물 처리업,"71,188",426,,,,
00None,경원여객자동차,사업장,육상 여객 운송업,"15,471",220,,,,
00None,경원여객자동차,사업장,육상 여객 운송업,"31,036",572,,,,
00None,경주시,사업장,폐기물 처리업,"83,421",682,,,,
00None,경진단조,사업장,기계,"14,386",298,,,,
00None,경진여객운수,사업장,육상 여객 운송업,"21,107",373,,,,
024910,경창산업,사업장,자동차,"22,326",465,,,,
00None,고덕그린에너지,사업장,전기업,"28,909",17,,,,
00None,고려강선,사업장,1차 철강 제조업,"57,778","1,210",,,,
00None,고려고속훼리,사업장,해상 운송업,"31,118",447,,,,
00None,고려기초소재,사업장,기타 비금속 광물제품 제조업,"20,080",352,,,,
010130,고려아연,업체,1차 비철금속 제조업,"3,199,180","44,425",B+,B+,A,B+
00None,고려용접봉,사업장,기계,"16,869",347,,,,
002240,고려제강,사업장,1차 철강 제조업,"90,621","1,854",D,C,D,D
00None,고려특수선재,사업장,철강,"22,134",461,,,,
00None,고성그린파워,업체,전기업,"8,875,485","96,161",,,,
00None,고양시,업체,폐기물 처리업,"140,051","1,147",,,,
00None,공주시,사업장,폐기물,"16,080",43,,,,
00None,공항철도,사업장,육상 여객 운송업,"58,108","1,211",,,,
00None,과천시,사업장,폐기물,"14,905",102,,,,
00None,광명시,사업장,폐기물 처리업,"67,729",326,,,,
00None,광양시,사업장,폐기물 처리업,"45,864",195,,,,
00None,광주과학기술원,사업장,건물,"24,365",504,,,,
00None,광주광역시,업체,폐기물 처리업,"174,787","1,635",,,,
00None,광주교통공사,사업장,교통(철도),"19,368",403,,,,
00None,광진산업,사업장,"시멘트, 석회, 플라스터 및 그 외 제품 제조업","78,427",196,,,,
00None,괴산군,사업장,폐기물,"18,411",113,,,,
00None,구리농수산물공사,사업장,건물,"17,502",364,,,,
00None,구리시,사업장,폐기물 처리업,"55,002",544,,,,
00None,구미시,업체,폐기물 처리업,"148,251","1,167",,,,
007690,국도화학,사업장,합성고무 및 플라스틱 물질 제조업,"64,136","2,028",C,C,B,C
00None,국립대학법인서울대학교,업체,고등 교육기관,"150,776","3,108",,,,
00None,국립암센터,사업장,건물,"20,522",435,,,,
00None,국방과학연구소,사업장,건물,"22,491",464,,,,
078130,국일제지,사업장,"펄프, 종이 및 판지 제조업","31,922",714,,,,
00None,국회사무처,사업장,건물,"22,871",480,,,,
00None,군산시,사업장,폐기물 처리업,"107,270",597,,,,
00None,군포시,사업장,폐기물 처리업,"42,825",413,,,,
00None,그린에어,업체,기초 화학물질 제조업,"585,121","12,125",,,,
083420,그린케미칼,사업장,기초 화학물질 제조업,"56,908","1,291",C,C,D,C
014280,금강공업,사업장,비철금속,"13,809",238,D,C,D,D
00None,금진해운,사업장,교통(해운),"15,981",221,,,,
00None,금호고속,업체,육상 여객 운송업,"6,064",126,,,,
00None,금호미쓰이화학,사업장,기초 화학물질 제조업,"170,330","3,037",,,,
011780,금호석유화학,업체,합성고무 및 플라스틱 물질 제조업,"3,308,643","41,348",B+,A,A+,B
00None,금호익스프레스,업체,육상 여객 운송업,"100,236","1,438",,,,
073240,금호타이어,업체,고무제품 제조업,"260,704","5,354",B+,A,B+,B+
00None,금호폴리켐,업체,합성고무 및 플라스틱 물질 제조업,"328,101","5,564",,,,
00None,금호피앤비화학,업체,기초 화학물질 제조업,"803,074","10,919",,,,
000270,기아,업체,자동차용 엔진 및 자동차 제조업,"709,750","14,534",A,A+,A+,B+
00None,기초과학연구원,사업장,건물,"22,733",485,,,,
00None,김천시,사업장,"하수, 폐수 및 분뇨 처리업","43,214",374,,,,
00None,김천에너지서비스,업체,"증기, 냉ㆍ온수 및 공기 조절 공급업","689,186","8,017",,,,
00None,김포시,사업장,폐기물 처리업,"54,659",602,,,,
00None,김포운수,사업장,육상 여객 운송업,"16,961",315,,,,
00None,김해시,사업장,폐기물 처리업,"117,612","1,324",,,,
004540,깨끗한나라,업체,"펄프, 종이 및 판지 제조업","332,386","4,353",B,B,B+,B
00None,나래에너지서비스,업체,"증기, 냉ㆍ온수 및 공기 조절 공급업","1,822,245","36,262",,,,
00None,나투라페이퍼,업체,"펄프, 종이 및 판지 제조업","165,385","1,215",,,,
00None,남강제지,사업장,"펄프, 종이 및 판지 제조업","25,510",223,,,,
00None,남양금속,사업장,"구조용 금속제품, 탱크 및 증기발생기 제조업","97,314","1,811",,,,
003920,남양유업,사업장,낙농제품 및 식용 빙과류 제조업,"80,101","1,864",B,A,A+,C
00None,남양주시,업체,폐기물,"78,397","1,065",,,,
025860,남해화학,사업장,"비료, 농약 및 살균ㆍ살충제 제조업","65,183",965,C,C,D,C
00None,내포그린에너지,사업장,"증기, 냉ㆍ온수 및 공기 조절 공급업","1,033,275","20,617",,,,
00None,네이버,사업장,"자료 처리, 호스팅, 포털 및 기타 인터넷 정보 매개 서비스업","121,187","2,531",,,,
00None,네이처이앤티,업체,폐기물 처리업,"198,107",438,,,,
002350,넥센타이어,업체,고무제품 제조업,"221,463","4,447",B,A,A+,C
00None,노벨리스코리아,업체,1차 비철금속 제조업,"294,783","5,978",,,,
00None,노을그린에너지,사업장,전기업,"76,387",15,,,,
006280,녹십자,사업장,의약품 제조업,"64,761","1,650",B+,A,A+,B
00None,논산시,사업장,폐기물,"21,911",85,,,,
00None,농협은행,업체,건물,"91,650","1,386",,,,
00None,능원금속공업,사업장,1차 비철금속 제조업,"23,499",483,,,,
00None,단일가스켐,사업장,석유화학,"43,395",885,,,,
00None,담우물산,사업장,"시멘트, 석회, 플라스터 및 그 외 제품 제조업","63,424",203,,,,
00None,대구광역시,업체,폐기물 처리업,"474,138","4,905",,,,
00None,대구교통공사,사업장,육상 여객 운송업,"98,437","2,053",,,,
00None,대구그린파워,업체,"증기, 냉ㆍ온수 및 공기 조절 공급업","661,138","13,158",,,,
00None,대구염색산업단지관리공단,업체,"증기, 냉ㆍ온수 및 공기 조절 공급업","620,336","7,033",,,,
353200,대덕전자,사업장,전자 부품 제조업,"136,647","2,848",B+,B+,A,B
020400,대동금속,사업장,금속 주조업,"31,710",609,,,,
00None,대동산업,사업장,"내화, 비내화 요업제품 제조업","19,056",306,,,,
001680,대상,업체,"곡물 가공품, 전분 및 전분제품 제조업","430,747","10,078",A,A,A+,B+
00None,대성엠디아이,사업장,"시멘트, 석회, 플라스터 및 그 외 제품 제조업","164,740",822,,,,
00None,대성지엠텍,업체,"시멘트, 석회, 플라스터 및 그 외 제품 제조업","112,249",293,,,,
00None,대신정기화물자동차,사업장,도로 화물 운송업,"46,233",658,,,,
00None,대양제지공업,업체,"펄프, 종이 및 판지 제조업","72,126",844,,,,
00None,대용산업,사업장,기계,"16,021",330,,,,
000430,대원강업,사업장,자동차 신품 부품 제조업,"48,056",972,B+,B+,A,B+
00None,대원알텍,사업장,자동차 신품 부품 제조업,"36,825",753,,,,
024890,대원화성,사업장,석유화학,"9,140",163,D,C,D,D
00None,대일개발,사업장,폐기물 처리업,"55,847",155,,,,
00None,대전광역시,업체,폐기물 처리업,"362,486","3,059",,,,
00None,대전교통공사,사업장,교통(철도),"19,440",396,,,,
00None,대전열병합발전,업체,"증기, 냉ㆍ온수 및 공기 조절 공급업","133,814","2,718",,,,
00None,대전충남양돈농협포크빌축산물공판장,사업장,식료품 제조업,"15,999",329,,,,
015230,대창단조,사업장,기계,"9,015",186,C,C,D,C
00None,대창운수,사업장,육상 여객 운송업,"22,580",423,,,,
010170,대한광통신,사업장,전기전자,"7,941",163,,,,
001070,대한방직,사업장,"섬유제품 염색, 정리 및 마무리 가공업","28,193",442,C,C,D,C
00None,대한사료,사업장,식료품 제조업,"11,356",232,,,,
00None,대한석탄공사,업체,석탄 광업,"61,027",558,,,,
00None,대한소결금속,사업장,자동차,"19,361",395,,,,
00None,대한슬래그,사업장,기타 비금속 광물제품 제조업,"29,988",543,,,,
00None,대한시멘트,사업장,"시멘트, 석회, 플라스터 및 그 외 제품 제조업","55,732","1,013",,,,
00None,대한약품공업,사업장,석유화학,"26,254",443,,,,
006650,대한유화,업체,기초 화학물질 제조업,"1,697,905","34,203",B+,B+,B+,B
001440,대한전선,사업장,절연선 및 케이블 제조업,"48,101",968,A,A,A+,B+
084010,대한제강,업체,1차 철강 제조업,"298,667","5,419",C,C,C,C
001790,대한제당,사업장,기타 식품 제조업,"63,721","1,272",C,C,D,C
001130,대한제분,사업장,식료품 제조업,"21,785",454,C,C,C,C
00None,대한제지,업체,"펄프, 종이 및 판지 제조업","201,421","2,391",,,,
439260,대한조선,사업장,선박 및 보트 건조업,"67,444","1,064",,,,
003490,대한항공,업체,항공 여객 운송업,"425,062","6,505",B+,B+,A,B+
003830,대한화섬,사업장,화학섬유 제조업,"47,098","1,033",B+,B,A,B+
00None,더블유스코프코리아,사업장,석유화학,"22,707",900,,,,
393890,더블유씨피,사업장,플라스틱 제품 제조업,"96,802","2,086",D,C,C,D
00None,도레이배터리세퍼레이터필름한국유한,사업장,일차전지 및 축전지 제조업,"101,441","2,071",,,,
00None,도레이비에스에프코팅한국유한,사업장,일차전지 및 축전지 제조업,"86,241",458,,,,
00None,도레이첨단소재,업체,합성고무 및 플라스틱 물질 제조업,"602,557","12,138",,,,
00None,도명특송,사업장,도로 화물 운송업,"20,832",296,,,,
005160,동국산업,사업장,1차 철강 제조업,"41,354",840,,,,
460850,동국씨엠,업체,1차 철강 제조업,"287,890","6,267",,,,
460860,동국제강,업체,1차 철강 제조업,"1,297,673","22,387",,,,
001230,동국홀딩스,업체,부동산 임대 및 공급업,762,14,A,B+,A+,B+
00None,동두천드림파워,업체,전기업,"2,843,691","56,502",,,,
00None,동서석유화학,업체,기초 화학물질 제조업,"334,298","1,953",,,,
00None,동서식품,사업장,기타 식품 제조업,"119,966","2,604",,,,
00None,동서페더럴모굴,사업장,자동차,"18,570",377,,,,
00None,동성교통,사업장,교통(여객),"14,904",282,,,,
00None,동성화물자동차,사업장,교통(화물),"13,798",196,,,,
00None,동성화학공업,사업장,석유화학,"11,609",237,,,,
00None,동아운수,사업장,교통(여객),"15,685",297,,,,
00None,동양산업,사업장,자동차,"14,751",307,,,,
00None,동양피스톤,사업장,자동차 신품 부품 제조업,"26,919",554,,,,
00None,동우화인켐,업체,사진장비 및 광학 기기 제조업,"330,980","5,266",,,,
00None,동원로엑스,사업장,도로 화물 운송업,"55,333",900,,,,
006040,동원산업,사업장,수산,"6,769",99,B,A,A,C
014820,동원시스템즈,업체,유리 및 유리제품 제조업,"264,278","4,458",B+,B+,A+,B
00None,동원페이퍼,사업장,"펄프, 종이 및 판지 제조업","105,488","1,508",,,,
00None,동은단조,사업장,자동차,"34,576",717,,,,
004890,동일산업,업체,1차 철강 제조업,"231,725","2,822",C,C,D,B+
002690,동일제강,사업장,철강,"18,515",347,D,C,D,D
00None,동일팩키지,사업장,"펄프, 종이 및 판지 제조업","47,189",409,,,,
00None,동해시,사업장,폐기물,"18,802",8,,,,
00None,동호칼슘,사업장,석유화학,"18,229",284,,,,
025900,동화기업,사업장,나무제품 제조업,"138,621","2,700",D,D,C,D
00None,동화지앤피,사업장,유리,"22,290",343,,,,
00None,동희오토,사업장,자동차용 엔진 및 자동차 제조업,"40,971",827,,,,
034020,두산에너빌리티,업체,1차 철강 제조업,"235,252","4,498",B+,A,A,B
00None,두원중공업,사업장,일반 목적용 기계 제조업,"23,166",497,,,,
00None,디아이동일,사업장,비철금속,"19,058",396,,,,
00None,디아이지에어가스,업체,기초 화학물질 제조업,"844,157","17,586",,,,
00None,디에스파워,업체,"증기, 냉ㆍ온수 및 공기 조절 공급업","994,942","19,769",,,,
00None,디엘,업체,합성고무 및 플라스틱 물질 제조업,39,0,,,,
00None,디엘건설,사업장,건설,"28,938",525,,,,
00None,디엘모터스,사업장,자동차 신품 부품 제조업,"50,711","1,040",,,,
00None,디엘에프엔씨,사업장,플라스틱 제품 제조업,"22,822",472,,,,
00None,디엘이앤씨,업체,건설,"53,238","1,015",,,,
00None,디엘케미칼,업체,합성고무 및 플라스틱 물질 제조업,"236,065","4,532",,,,
00None,디케이동신,사업장,1차 철강 제조업,"27,447",508,,,,
00None,롯데건설,업체,건설,"52,420","1,031",,,,
032350,롯데관광개발,사업장,일반 및 생활 숙박시설 운영업,"32,367",666,D,D,D,D
00None,롯데글로벌로지스,사업장,도로 화물 운송업,"60,296","1,166",,,,
00None,롯데네슬레코리아,사업장,기타 식품 제조업,"29,848",617,,,,
00None,롯데물산,사업장,부동산 임대 및 공급업,"40,273",773,,,,
00None,롯데베르살리스엘라스토머스,사업장,합성고무 및 플라스틱 물질 제조업,"143,286","2,715",,,,
023530,롯데쇼핑,업체,종합 소매업,"717,398","14,600",A,A,A+,A
020150,롯데에너지머티리얼즈,사업장,전자 부품 제조업,"98,944","2,153",C,B,B+,C
00None,롯데엠시시,업체,기초 화학물질 제조업,"285,111","2,777",,,,
280360,롯데웰푸드,업체,기타 식품 제조업,"206,189","4,235",A,A,A,A
00None,롯데이네오스화학,업체,기초 화학물질 제조업,"250,209","3,472",,,,
004000,롯데정밀화학,업체,기초 화학물질 제조업,"677,663","15,626",A,A,A+,A
00None,롯데지에스화학,사업장,석유화학,"126,466","1,959",,,,
00None,롯데칠성음료,업체,비알코올 음료 및 얼음 제조업,"155,782","2,923",,,,
00None,롯데컬처웍스,업체,건물,"49,958","1,000",,,,
011170,롯데케미칼,업체,기초 화학물질 제조업,"5,902,878","113,070",A,A,A+,B+
00None,롯데패키징솔루션즈,업체,기계,"54,112","1,034",,,,
00None,르노코리아,사업장,자동차용 엔진 및 자동차 제조업,"65,292","1,369",,,,
00None,리뉴랜드경주,업체,폐기물 처리업,"111,733",31,,,,
00None,리뉴에너지경기,사업장,폐기물 처리업,"56,518",90,,,,
00None,리뉴에너지경북,사업장,폐기물 처리업,"70,426",205,,,,
00None,리뉴에너지그린,사업장,폐기물 처리업,"53,590",40,,,,
00None,리뉴에너지대원,사업장,폐기물 처리업,"67,197",378,,,,
00None,리뉴에너지새한,사업장,폐기물 처리업,"82,836",135,,,,
00None,리뉴에너지충북,업체,폐기물 처리업,"191,548",211,,,,
00None,리뉴에너지충청,사업장,폐기물 처리업,"58,486",126,,,,
00None,린데코리아,업체,기초 화학물질 제조업,"938,587","18,818",,,,
00None,마이크로소프트5673코리아,사업장,"자료 처리, 호스팅, 포털 및 기타 인터넷 정보 매개 서비스업","62,662","1,309",,,,
001080,만호제강,사업장,1차 철강 제조업,"34,404",700,D,C,D,D
00None,매그나칩반도체,업체,반도체 제조업,"82,292","1,394",,,,
267980,매일유업,사업장,낙농제품 및 식용 빙과류 제조업,"110,178","2,196",A,A,A+,A
00None,명화공업,사업장,자동차 신품 부품 제조업,"39,957",817,,,,
070960,모나용평,사업장,일반 및 생활 숙박시설 운영업,"34,759",693,D,C,D,D
00None,목포시,사업장,폐기물 처리업,"57,706",375,,,,
00None,무림에스피,사업장,"펄프, 종이 및 판지 제조업","47,064",950,,,,
00None,무림파워텍,업체,"증기, 냉ㆍ온수 및 공기 조절 공급업","164,636","2,228",,,,
009200,무림페이퍼,업체,"펄프, 종이 및 판지 제조업","179,950","3,523",B+,A,B+,B+
00None,무림피앤피,업체,"펄프, 종이 및 판지 제조업","252,175","13,867",,,,
00None,무안군,사업장,폐기물,"17,472",110,,,,
095500,미래나노텍,사업장,전기전자,"32,578",572,C,C,B,D
002840,미원상사,사업장,석유화학,"64,934","1,197",C,C,D,C
00None,미원스페셜티케미칼,사업장,기초 화학물질 제조업,"73,595","1,432",,,,
00None,밀양시,사업장,폐기물,"5,039",5,,,,
00None,바스프퍼포먼스폴리아마이드코리아,사업장,기초 화학물질 제조업,"71,387","1,625",,,,
00None,버슘머트리얼즈피엠코리아,사업장,기초 화학물질 제조업,"19,678",410,,,,
00None,범일운수,사업장,교통(여객),"16,294",307,,,,
00None,베올리아워터코리아대산,사업장,수도업,"89,082","1,859",,,,
00None,베페사징크코리아,사업장,1차 비철금속 제조업,"106,400",150,,,,
00None,보령시,사업장,폐기물 처리업,"51,879",312,,,,
00None,보령엘엔지터미널,사업장,연료용 가스 제조 및 배관공급업,"60,929","1,229",,,,
00None,보영운수,사업장,교통(여객),"12,874",230,,,,
00None,보임열병합발전,업체,"증기, 냉ㆍ온수 및 공기 조절 공급업","910,533","9,795",,,,
00None,볼보그룹코리아,사업장,기계,"16,157",318,,,,
00None,부경산업,사업장,폐기물 처리업,"65,958",132,,,,
00None,부산광역시,업체,폐기물 처리업,"745,005","8,114",,,,
00None,부산교통공사,업체,육상 여객 운송업,"157,182","3,280",,,,
00None,부산그린에너지,사업장,발전에너지,"123,447",0,,,,
00None,부산그린파워,사업장,폐기물 처리업,"35,650",12,,,,
00None,부산대학교,사업장,건물,"28,575",648,,,,
00None,부산대학교병원,사업장,건물,"39,331",819,,,,
00None,부산신항국제터미널,사업장,기타 운송관련 서비스업,"29,880","1,822",,,,
00None,부산신항만,사업장,기타 운송관련 서비스업,"51,412","1,018",,,,
00None,부산정관에너지,사업장,"증기, 냉ㆍ온수 및 공기 조절 공급업","70,101","1,396",,,,
005030,부산주공,사업장,자동차 신품 부품 제조업,"87,529","1,637",C,C,C,C
00None,부산패션칼라산업협동조합,업체,"증기, 냉ㆍ온수 및 공기 조절 공급업","115,889","1,636",,,,
00None,부천시,업체,"하수, 폐수 및 분뇨 처리업","162,602","1,595",,,,
00None,브리티쉬아메리칸토바코코리아제조,사업장,담배제조업,"17,936",462,,,,
00None,브이피에이치메탈유한,사업장,자동차 신품 부품 제조업,"30,954",574,,,,
00None,비노텍,사업장,폐기물 처리업,"107,519",63,,,,
00None,비를라카본코리아,업체,기초 화학물질 제조업,"124,148",488,,,,
00None,비테스코테크놀로지스코리아,사업장,자동차,"17,339",357,,,,
00None,빛고을에코에너지,사업장,발전에너지,"51,369",0,,,,
00None,사천시,사업장,지정외 폐기물처리업 등,"33,583",128,,,,
00None,사회복지법인삼성생명공익재단,사업장,병원,"85,651","1,757",,,,
00None,삼강에스앤씨,사업장,선박 및 보트 건조업,"18,197",324,,,,
00None,삼남석유화학,업체,기초 화학물질 제조업,"185,782","2,416",,,,
018310,삼목에스폼,업체,1차 비철금속 제조업,"32,565",598,,,,
012210,삼미금속,사업장,철강,"15,867",322,,,,
009620,삼보산업,사업장,1차 비철금속 제조업,"34,132",523,,,,
00None,삼성디스플레이,업체,전자 부품 제조업,"4,000,544","60,771",,,,
028260,삼성물산,사업장,건물 건설업,"93,059","2,036",A,A,A+,A
207940,삼성바이오로직스,사업장,기초 의약 물질 및 생물학적 제제 제조업,"226,519","4,651",A,A,A+,A
00None,삼성생명보험,업체,건물,"60,113",763,,,,
00None,삼성에스디아이,업체,일차전지 및 축전지 제조업,"572,209","11,818",,,,
018260,삼성에스디에스,사업장,"컴퓨터 프로그래밍, 시스템 통합 및 관리업","173,674","3,622",A,B+,A+,A
009150,삼성전기,업체,전자 부품 제조업,"456,652","9,783",A,A,A+,A
005930,삼성전자,업체,반도체 제조업,"13,594,735","258,326",B+,B+,A,B
010140,삼성중공업,업체,선박 및 보트 건조업,"528,395","9,155",A,A,A,B+
00None,삼성코닝어드밴스드글라스유한,사업장,유리 및 유리제품 제조업,"49,859","1,017",,,,
00None,삼신정밀,사업장,철강,"25,602",527,,,,
006110,삼아알미늄,사업장,비철금속,"20,535",399,C,C,D,C
003230,삼양식품,사업장,기타 식품 제조업,"72,404","1,497",A,A,A+,A
00None,삼양이노켐,사업장,기초 화학물질 제조업,"99,485","1,777",,,,
00None,삼양화성,사업장,합성고무 및 플라스틱 물질 제조업,"80,044","1,853",,,,
00None,삼양화인테크놀로지,사업장,합성고무 및 플라스틱 물질 제조업,"31,163",364,,,,
00None,삼영운수,사업장,육상 여객 운송업,"20,143",372,,,,
00None,삼영전자공업,업체,기타 금속 가공제품 제조업,"29,094",668,,,,
009770,삼정펄프,업체,"펄프, 종이 및 판지 제조업","143,169","1,912",D,C,D,D
00None,삼지금속공업,사업장,비철금속,"17,930",193,,,,
038500,삼표시멘트,업체,"시멘트, 석회, 플라스터 및 그 외 제품 제조업","4,998,174","31,009",A,A,A+,A
00None,삼표자원개발,사업장,토사석 광업,"29,506",524,,,,
00None,삼표해운,사업장,해상 운송업,"70,239",969,,,,
00None,삼호제강,사업장,철강,"12,712",255,,,,
004450,삼화왕관,사업장,기계,"19,197",387,C,C,D,C
00None,삼화제지,업체,"펄프, 종이 및 판지 제조업","28,988",624,,,,
00None,삼화콘덴서공업,사업장,전기전자,"25,292",527,,,,
00None,삼흥열처리,사업장,기타 금속 가공제품 제조업,"30,191",622,,,,
00None,상지해운,사업장,교통(해운),"19,349",266,,,,
075180,새론오토모티브,사업장,자동차,"15,659",317,D,C,D,D
00None,새한특수,사업장,교통(화물),"16,865",239,,,,
00None,생고뱅이소바코리아,사업장,유리 및 유리제품 제조업,"38,864",774,,,,
00None,서산시,사업장,하수처리업,"20,284",210,,,,
00None,서영주정,사업장,알코올 음료 제조업,"30,156",412,,,,
00None,서울교통공사,업체,육상 여객 운송업,"650,164","13,575",,,,
00None,서울교통네트웍,사업장,교통(여객),"13,583",259,,,,
00None,서울냉열,사업장,석유화학,"17,063",356,,,,
00None,서울대학교병원,사업장,병원,"92,838","1,935",,,,
092190,서울바이오시스,사업장,반도체 제조업,"61,646","1,276",,,,
00None,서울시메트로9호선,사업장,육상 여객 운송업,"53,211","1,109",,,,
00None,서울에너지공사,업체,"증기, 냉ㆍ온수 및 공기 조절 공급업","300,444","6,361",,,,
00None,서울우유협동조합,업체,낙농제품 및 식용 빙과류 제조업,"73,904","1,415",,,,
00None,서울특별시,업체,폐기물 처리업,"1,360,897","13,003",,,,
00None,서울특별시농수산식품공사,사업장,부동산 임대 및 공급업,"63,908","1,328",,,,
00None,서진산업,사업장,자동차,"16,623",317,,,,
00None,서한이앤피,사업장,기타 금속 가공제품 제조업,"57,373","1,141",,,,
00None,서해그린환경,사업장,폐기물 처리업,"93,483",212,,,,
00None,선도화학,사업장,기초 화학물질 제조업,"23,759",496,,,,
00None,선진버스,사업장,육상 여객 운송업,"17,365",321,,,,
00None,성남시,업체,폐기물 처리업,"243,032","2,335",,,,
00None,성남시내버스,사업장,육상 여객 운송업,"24,814",477,,,,
00None,성림유화,업체,폐기물 처리업,"255,697",216,,,,
00None,성보공업,사업장,철강,"15,007",292,,,,
00None,성신씨엠,사업장,"시멘트, 석회, 플라스터 및 그 외 제품 제조업","16,848",344,,,,
004980,성신양회,업체,"시멘트, 석회, 플라스터 및 그 외 제품 제조업","4,072,874","22,552",C,B+,A,D
00None,성안합섬,사업장,화학섬유 제조업,92,1,,,,
00None,성우해운,사업장,교통(해운),"20,467",281,,,,
00None,성일요업,사업장,요업,"18,605",323,,,,
365340,성일하이텍,사업장,1차 비철금속 제조업,"26,083",440,C,C,C,C
00None,성창보드,사업장,나무제품 제조업,"30,386",619,,,,
00None,성훈엔지니어링,사업장,1차 비철금속 제조업,"39,339",784,,,,
00None,세메스,사업장,특수 목적용 기계 제조업,"41,805",727,,,,
004360,세방,사업장,도로 화물 운송업,"27,838",436,C,B,C,C
004490,세방전지,업체,일차전지 및 축전지 제조업,"147,941","3,054",C,C,C,C
00None,세종특별자치시,사업장,"하수, 폐수 및 분뇨 처리업","53,883",595,,,,
068270,셀트리온,사업장,기초 의약 물질 및 생물학적 제제 제조업,"79,174","1,656",A,A,A+,A
00None,셰플러코리아,사업장,일반 목적용 기계 제조업,"71,392","1,480",,,,
00None,소신여객자동차,사업장,육상 여객 운송업,"15,756",310,,,,
00None,속초시,사업장,폐기물,"35,408",290,,,,
00None,솔베이실리카코리아,사업장,기초 화학물질 제조업,"35,404",757,,,,
357780,솔브레인,사업장,석유화학,"48,230","1,092",B+,B+,A+,B
00None,솔브레인에스엘디,사업장,전자 부품 제조업,"30,391",579,,,,
004430,송원산업,업체,기타 화학제품 제조업,"143,654","2,913",C,B+,B+,D
00None,송학제지,사업장,"펄프, 종이 및 판지 제조업",50,0,,,,
00None,수도권매립지관리공사,업체,폐기물 처리업,"1,006,395","4,386",,,,
00None,수양물류,사업장,육상운송 및 파이프라인 운송업,"24,132",343,,,,
00None,수완에너지,업체,"증기, 냉ㆍ온수 및 공기 조절 공급업","158,941","3,154",,,,
00None,수원시,업체,폐기물 처리업,"194,918","2,255",,,,
00None,수원애경역사,사업장,건물,"14,845",306,,,,
00None,수원여객운수,사업장,육상 여객 운송업,"19,546",386,,,,
00None,수협노량진수산,사업장,건물,"16,654",347,,,,
00None,순천시,사업장,"하수, 폐수 및 분뇨 처리업","57,853",436,,,,
00None,스미토모세이카폴리머스코리아,사업장,합성고무 및 플라스틱 물질 제조업,"34,627","1,508",,,,
00None,스테코,사업장,전자 부품 제조업,"42,075",876,,,,
00None,스템코,사업장,반도체 제조업,"48,982","1,046",,,,
00None,스틸싸이클,사업장,1차 비철금속 제조업,"78,531",803,,,,
00None,스틸싸이클에스씨,사업장,1차 비철금속 제조업,"5,884",80,,,,
033170,시그네틱스,사업장,반도체 제조업,"34,225",710,C,C,C,C
00None,시흥시,사업장,폐기물 처리업,"99,448","1,020",,,,
016590,신대양제지,업체,"펄프, 종이 및 판지 제조업","241,875","2,987",D,C,D,D
00None,신대양제지반월,사업장,"펄프, 종이 및 판지 제조업","119,528","1,466",,,,
00None,신대일페이퍼,사업장,"펄프, 종이 및 판지 제조업","85,611",904,,,,
00None,신대한정유산업,사업장,폐기물 처리업,"96,976",253,,,,
00None,신도림테크노마트,사업장,건물,"15,253",316,,,,
00None,신분당선,사업장,육상 여객 운송업,"26,382",550,,,,
00None,신선대감만터미널,사업장,항만,"47,455",886,,,,
00None,신성교통,사업장,육상 여객 운송업,"10,449",194,,,,
00None,신안종합리조트,사업장,건물,"16,252",326,,,,
00None,신창제지공업,사업장,"펄프, 종이 및 판지 제조업","23,065",556,,,,
00None,신평택발전,업체,전기업,"1,883,760","37,400",,,,
056700,신화인터텍,사업장,전기전자,"14,440",295,C,C,C,B
00None,쌍용기초소재,사업장,시멘트,"20,512",377,,,,
00None,쌍용씨앤이,업체,"시멘트, 석회, 플라스터 및 그 외 제품 제조업","10,574,492","62,302",,,,
00None,씨엔씨티에너지,사업장,"증기, 냉ㆍ온수 및 공기 조절 공급업","25,906",521,,,,
00None,씨월드고속훼리,사업장,해상 운송업,"108,976","1,498",,,,
00None,씨이케이,업체,폐기물 처리업,"226,301","1,306",,,,
00None,씨제이씨지브이,업체,건물,"69,504","1,397",,,,
00None,씨지앤대산전력,업체,전기업,"15,848",242,,,,
00None,씨지앤율촌전력,업체,전기업,"1,988,171","39,590",,,,
00None,아산시,사업장,폐기물 처리업,"108,502","1,048",,,,
183190,아세아시멘트,업체,"시멘트, 석회, 플라스터 및 그 외 제품 제조업","2,114,034","13,832",A,A,A,B+
002310,아세아제지,업체,"펄프, 종이 및 판지 제조업","466,661","4,339",B+,B+,A,B
020560,아시아나항공,업체,항공 여객 운송업,"306,178","4,511",B+,A,B+,B+
00None,아주대학교의료원,사업장,병원,"28,391",581,,,,
139990,아주스틸,사업장,기계,"13,780",255,D,C,D,D
00None,안동시,사업장,수도사업,"16,774",166,,,,
00None,안산도시개발,사업장,"증기, 냉ㆍ온수 및 공기 조절 공급업","27,470",615,,,,
00None,안산시,업체,"하수, 폐수 및 분뇨 처리업","114,730","1,443",,,,
00None,안양시,사업장,"하수, 폐수 및 분뇨 처리업","95,365","1,059",,,,
161000,애경케미칼,업체,기초 화학물질 제조업,"165,838","1,828",B+,B+,A,B+
00None,양산시,사업장,폐기물 처리업,"94,700",830,,,,
00None,양주시,사업장,폐기물 처리업,"70,705",922,,,,
00None,어프로티움,업체,기초 화학물질 제조업,"328,313","3,503",,,,
00None,에너원,사업장,"증기, 냉ㆍ온수 및 공기 조절 공급업","41,855",484,,,,
00None,에드워드코리아,사업장,기계,"12,269",257,,,,
00None,에스앤에스아이앤씨,사업장,자동차,"18,223",380,,,,
00None,에스앤티모티브,사업장,자동차,"19,561",406,,,,
00None,에스에스엘엠,사업장,전기전자,"19,323",395,,,,
00None,에스엔에프코리아,사업장,기타 화학제품 제조업,"45,645","1,063",,,,
005850,에스엘,업체,전기전자,"54,187","1,126",B,B+,A,C
00None,에스와이에너지,사업장,나무제품 제조업,"26,030",800,,,,
00None,에스지씨솔루션,업체,유리 및 유리제품 제조업,"161,621","2,646",,,,
00None,에스지씨에너지,업체,유리 및 유리제품 제조업,"1,780,408","46,581",,,,
00None,에스케이,업체,"컴퓨터 프로그래밍, 시스템 통합 및 관리업","136,656","2,846",,,,
00None,에스케이가스,사업장,발전에너지,"14,853",241,,,,
00None,에스케이네트웍스,사업장,건물,"23,447",478,,,,
00None,에스케이넥실리스,사업장,1차 비철금속 제조업,"125,554","2,604",,,,
00None,에스케이마이크로웍스,업체,플라스틱 제품 제조업,"154,240","3,164",,,,
00None,에스케이마이크로웍스솔루션즈,사업장,플라스틱 제품 제조업,"38,406",673,,,,
00None,에스케이멀티유틸리티,업체,"증기, 냉ㆍ온수 및 공기 조절 공급업","356,042","4,286",,,,
00None,에스케이바이오사이언스,사업장,석유화학,"17,352",356,,,,
00None,에스케이스페셜티,업체,기초 화학물질 제조업,"261,423","5,416",,,,
00None,에스케이실트론,업체,반도체 제조업,"410,642","8,623",,,,
00None,에스케이씨,업체,플라스틱 제품 제조업,"1,437",28,,,,
00None,에스케이아이이테크놀로지,사업장,일차전지 및 축전지 제조업,"75,145","1,540",,,,
00None,에스케이어드밴스드,업체,기초 화학물질 제조업,"529,742","10,547",,,,
00None,에스케이에너지,업체,석유 정제품 제조업,"7,146,701","75,417",,,,
00None,에스케이에어플러스,업체,기초 화학물질 제조업,"331,712","6,936",,,,
00None,에스케이에코프라임,업체,기타 화학제품 제조업,"34,212",588,,,,
00None,에스케이에코플랜트,사업장,건설,"25,242",516,,,,
00None,에스케이엔무브,업체,석유 정제품 제조업,"169,022","5,954",,,,
00None,에스케이엔텀,업체,보관 및 창고업,"36,958","1,729",,,,
00None,에스케이오션플랜트,사업장,조선,"18,207",325,,,,
00None,에스케이온,업체,일차전지 및 축전지 제조업,"160,618","3,325",,,,
00None,에스케이지오센트릭,업체,기초 화학물질 제조업,"2,541,554","59,114",,,,
00None,에스케이케미칼,업체,합성고무 및 플라스틱 물질 제조업,"222,379","4,056",,,,
00None,에스케이키파운드리,업체,반도체 제조업,"290,381","3,648",,,,
00None,에스케이텔레콤,업체,전기 통신업,"1,166,518","24,364",,,,
00None,에스케이피아이씨글로벌,업체,기초 화학물질 제조업,"540,380","9,598",,,,
00None,에스케이하이닉스시스템아이씨,업체,반도체 제조업,125,2,,,,
00None,에스케이하이닉스,업체,반도체 제조업,"4,848,541","94,903",,,,
00None,에스티엠,사업장,일차전지 및 축전지 제조업,"54,647","1,141",,,,
00None,에스피엘,사업장,기타 식품 제조업,"28,691",646,,,,
00None,에어리퀴드코리아,업체,기초 화학물질 제조업,"258,580","3,048",,,,
298690,에어부산,업체,항공 여객 운송업,"163,093","2,341",C,B+,B+,D
00None,에어서울,사업장,항공 여객 운송업,"21,973",315,,,,
00None,에어프로덕츠코리아,업체,기초 화학물질 제조업,"792,284","16,358",,,,
00None,에이에스이코리아,사업장,반도체 제조업,"103,083","2,134",,,,
00None,에이지씨디스플레이글라스오창,사업장,유리,"12,558",262,,,,
00None,에이지씨화인테크노한국,업체,유리 및 유리제품 제조업,"200,216","4,022",,,,
00None,에이치디씨아이파크몰,사업장,건물,"19,898",410,,,,
00None,에이치디씨폴리올,사업장,석유화학,"33,360",565,,,,
00None,에이치디씨현대산업개발,사업장,건설,"24,640",504,,,,
00None,에이치디씨현대이피,사업장,석유화학,"20,719",388,,,,
00None,에이치디현대미포,업체,선박 및 보트 건조업,"166,913","3,009",,,,
00None,에이치디현대삼호,업체,선박 및 보트 건조업,"276,469","4,802",,,,
00None,에이치디현대에너지솔루션,사업장,반도체 제조업,"19,982",401,,,,
00None,에이치디현대오씨아이,업체,기초 화학물질 제조업,"352,618","3,992",,,,
00None,에이치디현대오일뱅크,업체,석유 정제품 제조업,"6,428,458","80,865",,,,
00None,에이치디현대인프라코어,사업장,특수 목적용 기계 제조업,"87,657","1,700",,,,
00None,에이치디현대일렉트릭,사업장,"전동기, 발전기 및 전기 변환ㆍ공급ㆍ제어 장치 제조업","38,225",785,,,,
00None,에이치디현대중공업,업체,선박 및 보트 건조업,"671,156","11,630",,,,
00None,에이치디현대케미칼,업체,기초 화학물질 제조업,"2,719,270","50,104",,,,
00None,에이치에스지성동조선,사업장,선박 및 보트 건조업,"60,206","1,136",,,,
00None,에이치에스효성첨단소재,업체,화학섬유 제조업,"186,927","4,152",,,,
00None,에이치엘만도,사업장,자동차 신품 부품 제조업,"68,160","1,425",,,,
00None,에이치엘비에너지,사업장,폐기물 처리업,"27,071",43,,,,
00None,에이치엠엠피에스에이신항만,사업장,기타 운송관련 서비스업,"29,022",581,,,,
00None,에이치케이이노엔,사업장,석유화학,"17,964",369,,,,
038110,에코플라스틱,사업장,자동차,"17,731",366,,,,
066970,엘앤에프,사업장,전자 부품 제조업,"138,295","2,842",B,B+,A,C
00None,엘에스메탈,사업장,비철금속,"21,335",444,,,,
00None,엘에스엠앤엠,업체,1차 비철금속 제조업,"493,516","8,509",,,,
00None,엘에스일렉트릭,사업장,전기전자,"16,427",340,,,,
00None,엘에스전선,업체,절연선 및 케이블 제조업,"99,356","2,013",,,,
00None,엘지디스플레이,업체,전자 부품 제조업,"3,671,012","53,590",,,,
00None,엘지마그나이파워트레인,사업장,자동차,"18,891",393,,,,
00None,엘지유플러스,업체,전기 통신업,"1,418,334","29,633",,,,
00None,엘지이노텍,업체,전자 부품 제조업,"426,341","8,861",,,,
00None,엘지전자,업체,반도체 제조업,"257,475","5,469",,,,
00None,엠이엠씨코리아,사업장,반도체 제조업,"115,124","2,429",,,,
00None,엠코테크놀로지코리아,업체,반도체 제조업,"369,182","7,423",,,,
00None,여수시,업체,폐기물,"116,702",803,,,,
00None,여주에너지서비스,업체,발전에너지,"2,014,575","40,034",,,,
00None,여천엔씨씨,업체,기초 화학물질 제조업,"3,803,197","73,678",,,,
00None,연천군,사업장,폐기물,"16,906",25,,,,
00None,영우해운,사업장,교통(해운),"13,426",188,,,,
00None,영주시,사업장,폐기물 처리업,"36,061",133,,,,
00None,영풍전자,사업장,전자 부품 제조업,"38,638",775,,,,
00None,영풍제지,사업장,"펄프, 종이 및 판지 제조업","91,679","1,329",,,,
012280,영화금속,사업장,금속 주조업,"87,847","1,290",D,C,D,D
00None,오뚜기라면,업체,기타 식품 제조업,"47,742",960,,,,
00None,오라이온코리아,업체,기초 화학물질 제조업,"360,685",542,,,,
00None,오비맥주,사업장,알코올 음료 제조업,"90,773","1,918",,,,
00None,오산시,사업장,하수처리업,"19,899",263,,,,
00None,오성연료전지,사업장,전기업,"35,002",0,,,,
00None,오씨아이,업체,기타 화학제품 제조업,"1,187,244","18,408",,,,
00None,오씨아이홀딩스,업체,기초 화학물질 제조업,"1,140",22,,,,
00None,오케이에프음료,사업장,음료제조업,"20,171",389,,,,
00None,옥천군,사업장,지정외 폐기물처리업 등,"17,258",60,,,,
00None,온세미컨덕터코리아,업체,반도체 제조업,"193,260","3,199",,,,
00None,와이이십이프로젝트금융투자,사업장,건물,"17,446",360,,,,
00None,와이케이스틸,업체,1차 철강 제조업,"214,963","3,861",,,,
00None,용남고속,사업장,육상 여객 운송업,"21,173",372,,,,
00None,용산케미칼,사업장,기초 화학물질 제조업,"113,456",958,,,,
00None,용인시,업체,폐기물 처리업,"191,023","1,987",,,,
00None,우림해운,사업장,교통(해운),"24,338",335,,,,
00None,우지막코리아,사업장,요업,"4,201",85,,,,
00None,우진환경개발,사업장,폐기물 처리업,"67,813",771,,,,
00None,울산과학기술원,사업장,고등 교육기관,"37,607",786,,,,
00None,울산광역시,업체,폐기물 처리업,"315,968","3,065",,,,
00None,울산아로마틱스,업체,기초 화학물질 제조업,"430,585","10,023",,,,
00None,울산알루미늄,업체,1차 비철금속 제조업,"157,457","3,196",,,,
00None,울산피피,사업장,합성고무 및 플라스틱 물질 제조업,"49,134","1,389",,,,
00None,원강산업,사업장,기계,"21,731",451,,,,
00None,원주시,사업장,"하수, 폐수 및 분뇨 처리업","57,836",732,,,,
00None,위드인천에너지,업체,"증기, 냉ㆍ온수 및 공기 조절 공급업","22,850",492,,,,
047400,유니온머티리얼,사업장,"내화, 비내화 요업제품 제조업","37,845",763,C,C,D,C
00None,유니투스,업체,자동차 신품 부품 제조업,"68,712","1,426",,,,
002920,유성기업,사업장,자동차,"13,596",279,C,C,C,B
00None,유한킴벌리,업체,"펄프, 종이 및 판지 제조업","199,589","3,999",,,,
00None,유한회사사조씨피케이,업체,"곡물 가공품, 전분 및 전분제품 제조업","135,361","2,432",,,,
00None,유한회사스태츠칩팩코리아,사업장,반도체 제조업,"76,436","1,572",,,,
00None,유한회사클라리오스델코,사업장,전기전자,"52,469","1,087",,,,
008730,율촌화학,사업장,플라스틱 제품 제조업,"81,954","1,509",C,C,C,C
00None,음성에코파크,사업장,발전에너지,"60,857",4,,,,
00None,의료법인길의료재단,사업장,건물,"21,181",435,,,,
00None,의정부시,사업장,"하수, 폐수 및 분뇨 처리업","82,379",400,,,,
00None,이건에너지,사업장,산업단지,"15,254","2,615",,,,
025820,이구산업,사업장,1차 비철금속 제조업,"36,264",748,C,C,D,B
00None,이누스,사업장,"내화, 비내화 요업제품 제조업","52,998",903,,,,
00None,이도에코오산,사업장,폐기물 처리업,"47,492",33,,,,
00None,이도에코전주,사업장,폐기물 처리업,"42,693",23,,,,
00None,이스트만화이버코리아,사업장,화학섬유 제조업,"42,245",716,,,,
00None,이지스제210호전문투자형사모부동산투자,사업장,건물,"20,982",435,,,,
00None,이천시,사업장,폐기물 처리업,"120,026",633,,,,
00None,익산시,사업장,폐기물 처리업,"74,429",572,,,,
00None,인제군,사업장,폐기물,"24,069",35,,,,
00None,인지에이엠티,사업장,자동차,"20,590",424,,,,
00None,인천공항에너지,업체,"증기, 냉ㆍ온수 및 공기 조절 공급업","185,004","3,674",,,,
00None,인천광역시,업체,폐기물 처리업,"398,065","4,977",,,,
00None,인천교통공사,사업장,육상 여객 운송업,"117,332","2,421",,,,
00None,인천국제공항공사,업체,기타 운송관련 서비스업,"267,110","5,157",,,,
00None,인천연료전지,업체,전기업,"167,926",18,,,,
00None,인천종합에너지,업체,"증기, 냉ㆍ온수 및 공기 조절 공급업","397,688","7,984",,,,
129260,인터지스,사업장,도로 화물 운송업,"32,691",485,C,C,C,C
00None,인프라에어홀딩스,업체,기초 화학물질 제조업,"260,445","5,441",,,,
00None,일신로지스틱스,사업장,교통(해운),"15,043",217,,,,
003200,일신방직,사업장,방적 및 가공사 제조업,"50,727","1,059",D,C,C,D
00None,일진디스플레이,사업장,전자 부품 제조업,"15,664",326,,,,
00None,일진제강,사업장,1차 철강 제조업,"53,130","1,073",,,,
00None,재단법인대구경북과학기술원,사업장,고등 교육기관,"31,474",643,,,,
00None,재단법인아산사회복지재단,사업장,병원,"95,744","1,928",,,,
00None,재단법인오송첨단의료산업진흥재단,사업장,건물,"16,372",335,,,,
00None,재원산업,사업장,기초 화학물질 제조업,"25,225",665,,,,
00None,전남대학교,사업장,고등 교육기관,"37,811",769,,,,
000950,전방,업체,섬유,"17,410",362,D,C,D,D
00None,전북대학교,사업장,고등 교육기관,"35,713",735,,,,
00None,전북대학교병원,사업장,건물,"21,845",458,,,,
00None,전북집단에너지,업체,"증기, 냉ㆍ온수 및 공기 조절 공급업","195,564","2,313",,,,
00None,전주시,업체,폐기물 처리업,"168,919","1,771",,,,
00None,전차연물류,사업장,교통(화물),"14,359",204,,,,
00None,제이비,사업장,"증기, 냉ㆍ온수 및 공기 조절 공급업","28,524",572,,,,
00None,제이셋스태츠칩팩코리아,사업장,반도체 제조업,"100,223","2,090",,,,
00None,제이아이금속,사업장,비철금속,"19,157",311,,,,
00None,제주신화월드,사업장,일반 및 생활 숙박시설 운영업,"44,436",882,,,,
00None,제주특별자치도,업체,폐기물 처리업,"354,623","3,359",,,,
00None,제주특별자치도개발공사,사업장,비알코올 음료 및 얼음 제조업,"32,721",664,,,,
089590,제주항공,업체,항공 여객 운송업,"228,618","3,278",A,A+,A+,B+
00None,제천시,사업장,"하수, 폐수 및 분뇨 처리업","45,322",354,,,,
462520,조선내화,사업장,요업,"18,507",353,,,,
018470,조일알미늄,사업장,1차 비철금속 제조업,"84,268","1,706",C,C,D,B
00None,존슨일렉트릭오퍼레이션스,사업장,자동차,"16,579",328,,,,
036930,주성엔지니어링,사업장,기계,"19,662",406,B+,B+,A,B+
00None,GS구미열병합발전,업체,"증기, 냉ㆍ온수 및 공기 조절 공급업","1,074,616","12,266",,,,
00None,GS반월열병합발전,업체,"증기, 냉ㆍ온수 및 공기 조절 공급업","879,990","10,283",,,,
000050,경방,사업장,건물,"18,122",375,C,C,D,C
00None,고려제지,업체,"펄프, 종이 및 판지 제조업","149,257","3,748",,,,
00None,광주글로벌모터스,사업장,자동차,"19,065",388,,,,
00None,구미그린,사업장,폐기물 처리업,"56,938",31,,,,
00None,국민은행,업체,건물,"92,871","1,494",,,,
00None,그린밸리,사업장,폐기물 처리업,"35,571",33,,,,
00None,남성버스,사업장,교통(여객),"15,804",297,,,,
00None,네패스라웨,사업장,반도체,"6,237",129,,,,
00None,녹수,사업장,석유화학,"28,682",581,,,,
004370,농심,업체,기타 식품 제조업,"189,047","3,771",B,A,B+,C
00None,뉴그린,업체,폐기물 처리업,"104,518",242,,,,
00None,대륜발전,업체,"증기, 냉ㆍ온수 및 공기 조절 공급업","658,637","13,051",,,,
00None,대전신세계,사업장,건물,"21,912",454,,,,
012800,대창,사업장,1차 비철금속 제조업,"30,155",617,D,C,D,D
00None,대한세라믹스,사업장,"내화, 비내화 요업제품 제조업","33,095",601,,,,
069460,대호에이엘,사업장,1차 비철금속 제조업,"26,366",529,D,C,C,D
00None,더블유티씨서울,사업장,부동산 임대 및 공급업,"58,002","1,195",,,,
00None,덕양에너젠,업체,기초 화학물질 제조업,"32,041",662,,,,
00None,동부고속,사업장,교통(여객),"21,853",321,,,,
102260,동성케미컬,사업장,기초 화학물질 제조업,"27,046",535,A,A,A+,A
00None,동아,사업장,기계,"17,198",356,,,,
00None,디비메탈,업체,1차 철강 제조업,"180,424","2,130",,,,
00None,디비하이텍,업체,반도체 제조업,"278,302","4,069",,,,
00None,디앤오,사업장,건물,"16,937",346,,,,
00None,디에스단석,사업장,1차 비철금속 제조업,"86,023","1,599",,,,
00None,디엔오토모티브,사업장,전기전자,"21,476",447,,,,
00None,메타즈,사업장,기계,"9,327",192,,,,
00None,명성,사업장,육상 여객 운송업,"23,450",406,,,,
00None,명성환경,사업장,폐기물 처리업,38,116,,,,
00None,무주덕유산리조트,사업장,건물,"17,943",331,,,,
00None,문화방송,사업장,건물,"15,957",349,,,,
00None,범우,사업장,폐기물 처리업,"95,337",76,,,,
00None,베어링아트,사업장,자동차 신품 부품 제조업,"62,874","1,298",,,,
122350,삼기,사업장,자동차 신품 부품 제조업,"63,431","1,211",,,,
00None,삼보광업,업체,"시멘트, 석회, 플라스터 및 그 외 제품 제조업","166,725",382,,,,
145990,삼양사,업체,"곡물 가공품, 전분 및 전분제품 제조업","264,263","6,241",A,A+,A+,B+
272550,삼양패키징,업체,플라스틱 제품 제조업,"134,673","2,919",B,A,A,C
003720,삼영,사업장,플라스틱 제품 제조업,"32,488",667,D,C,D,D
00None,서부티엔디,사업장,건물,"22,314",459,,,,
00None,서원환경,사업장,폐기물 처리업,"31,301",2,,,,
00None,세아베스틸,업체,1차 철강 제조업,"1,155,808","18,418",,,,
001430,세아베스틸지주,업체,1차 철강 제조업,485,9,A,A,B+,A
00None,세아창원특수강,업체,1차 철강 제조업,"436,291","7,917",,,,
00None,세진메탈,사업장,1차 비철금속 제조업,"33,018",532,,,,
00None,소노인터내셔널,사업장,일반 및 생활 숙박시설 운영업,"136,468","2,747",,,,
00None,스타필드고양,사업장,부동산 임대 및 공급업,"25,819",576,,,,
00None,스타필드안성,사업장,건물,"18,077",374,,,,
00None,스타필드하남,사업장,부동산 임대 및 공급업,"24,865",518,,,,
00None,신세계동대구복합환승센터,사업장,건물,"23,534",489,,,,
00None,신한은행,업체,건물,"70,718","1,173",,,,
222800,심텍,사업장,전자 부품 제조업,"106,014","2,306",A,B+,A+,B+
00None,심팩인더스트리,업체,1차 철강 제조업,673,12,,,,
00None,아이유제지,사업장,제지,"16,312",246,,,,
00None,알테크노메탈,사업장,금속 주조업,"32,283",554,,,,
00None,알트론전주,사업장,자동차 신품 부품 제조업,"33,439",0,,,,
00None,에너지네트웍,업체,폐기물 처리업,"168,841",317,,,,
00None,에너지명성,업체,폐기물 처리업,"39,036",47,,,,
00None,에너지울산,사업장,"증기, 냉ㆍ온수 및 공기 조절 공급업","90,248","1,075",,,,
00None,에스알,업체,철도 운송업,"168,201","3,515",,,,
00None,에스에프에이반도체,사업장,반도체 제조업,"30,280",607,,,,
00None,에스엔엔씨,업체,1차 비철금속 제조업,"1,293,791","15,686",,,,
00None,에스피씨삼립,사업장,기타 식품 제조업,"97,440","2,018",,,,
00None,에스피에스엔에이,사업장,"시멘트, 석회, 플라스터 및 그 외 제품 제조업","34,359",702,,,,
00None,에어퍼스트,업체,기초 화학물질 제조업,"674,270","13,928",,,,
200470,에이팩트,사업장,전기전자,"28,331",589,,,,
003060,에이프로젠바이오로직스,사업장,의약품 제조업,"17,335",356,D,C,D,D
00None,에코라임,업체,"시멘트, 석회, 플라스터 및 그 외 제품 제조업","104,213",521,,,,
00None,에코프로에이피,사업장,석유화학,"31,849",665,,,,
00None,에코프로이엠,사업장,일차전지 및 축전지 제조업,"103,448","2,161",,,,
00None,엘엑스하우시스,업체,플라스틱 제품 제조업,"113,467","2,180",,,,
00None,엘지에너지솔루션,업체,일차전지 및 축전지 제조업,"408,140","8,860",,,,
00None,엘지화학,업체,기초 화학물질 제조업,"8,351,819","162,537",,,,
000670,영풍,업체,1차 비철금속 제조업,"766,796","13,573",B,C,B,B+
00None,영흥산업환경,사업장,폐기물 처리업,"136,221",569,,,,
00None,우리은행,업체,건물,"71,633","1,090",,,,
097800,윈팩,사업장,반도체 제조업,"24,045",500,,,,
014830,유니드,업체,기초 화학물질 제조업,"300,606","7,482",B,B,B+,B
446070,유니드비티플러스,업체,나무제품 제조업,"54,199","2,217",C,C,C,C
00None,유니큰,업체,폐기물 처리업,"89,177",490,,,,
00None,이랜드리테일,업체,종합 소매업,"155,694","3,235",,,,
00None,이엠케이승경,사업장,폐기물 처리업,"45,824",521,,,,
00None,전주원파워,사업장,전기업,"42,794","6,028",,,,
00None,전주페이퍼,업체,"펄프, 종이 및 판지 제조업","449,587","8,181",,,,
00None,정선라임,사업장,"시멘트, 석회, 플라스터 및 그 외 제품 제조업","86,578",284,,,,
00None,지알엠,사업장,1차 비철금속 제조업,"79,123",963,,,,
00None,지에스리테일,업체,건물,"52,444","1,081",,,,
00None,지에스이앤알,업체,"증기, 냉ㆍ온수 및 공기 조절 공급업",632,12,,,,
00None,지에스포천그린에너지,업체,"증기, 냉ㆍ온수 및 공기 조절 공급업","959,022","13,074",,,,
018120,진로발효,사업장,알코올 음료 제조업,"30,278",734,,,,
272450,진에어,업체,항공 여객 운송업,"217,123","3,108",A,A+,A,A
006380,카프로,업체,기초 화학물질 제조업,"12,244",237,D,C,D,D
00None,케이씨씨글라스,업체,유리 및 유리제품 제조업,"718,215","9,619",,,,
00None,케이씨씨실리콘,업체,기초 화학물질 제조업,"108,896","1,765",,,,
00None,케이티,업체,전기 통신업,"1,141,171","23,543",,,,
00None,케이티클라우드,업체,"자료 처리, 호스팅, 포털 및 기타 인터넷 정보 매개 서비스업","347,380","7,406",,,,
024880,케이피에프,사업장,기타 금속 가공제품 제조업,"43,892",906,,,,
00None,케이피이그린에너지,사업장,전기업,"58,289",7,,,,
089010,켐트로닉스,사업장,디스플레이,"22,102",461,,,,
00None,코리아에어텍,사업장,기초 화학물질 제조업,"59,020","1,232",,,,
00None,코엔텍,업체,폐기물 처리업,"328,628",617,,,,
014580,태경비케이,업체,"시멘트, 석회, 플라스터 및 그 외 제품 제조업","611,753","2,532",D,C,D,D
00None,태영이엠씨,업체,"시멘트, 석회, 플라스터 및 그 외 제품 제조업","148,256",773,,,,
091810,티웨이항공,업체,항공 여객 운송업,"186,993","2,683",B+,A,B,B+
00None,파라다이스세가사미,사업장,일반 및 생활 숙박시설 운영업,"38,983",798,,,,
00None,팜한농,업체,"비료, 농약 및 살균ㆍ살충제 제조업","60,012","1,024",,,,
00None,페트로코너지,사업장,발전에너지,"22,739",1,,,,
00None,포스코,업체,1차 철강 제조업,"71,065,143","377,507",,,,
00None,포스코모빌리티솔루션,사업장,1차 철강 제조업,"54,924","1,121",,,,
00None,포스코엠씨머티리얼즈,사업장,기초 화학물질 제조업,"83,843","1,218",,,,
047050,포스코인터내셔널,업체,전기업,"4,831,068","95,999",A,B+,A+,A
003670,포스코퓨처엠,업체,"시멘트, 석회, 플라스터 및 그 외 제품 제조업","2,298,133","18,214",A+,A+,A+,A
00None,포항버스,사업장,교통(여객),"19,454",373,,,,
103140,풍산,업체,1차 비철금속 제조업,"240,625","4,946",B+,B,B+,B+
00None,피앤오케미칼,사업장,석유화학,"47,914",871,,,,
00None,피에스엠,사업장,기타 금속 가공제품 제조업,"9,293",170,,,,
00None,피엔알,업체,"해체, 선별 및 원료 재생업","138,340","1,976",,,,
00None,피케이엘,사업장,전기전자,"16,047",330,,,,
00None,하나은행,업체,건물,"65,393",994,,,,
00None,하이호휠,사업장,자동차 신품 부품 제조업,"22,577",458,,,,
00None,한국거래소,사업장,건물,"18,445",383,,,,
00None,한국알스트롬,사업장,"펄프, 종이 및 판지 제조업","46,832",615,,,,
00None,호텔롯데,업체,일반 및 생활 숙박시설 운영업,"156,449","3,192",,,,
008770,호텔신라,사업장,건물,"21,716",443,A,B+,A,A
004800,효성,사업장,기타 섬유제품 제조업,"29,477",602,A,A,A+,B+
093370,후성,업체,기초 화학물질 제조업,"218,395",775,B,B+,A,C
005010,휴스틸,사업장,1차 철강 제조업,"30,450",620,C,C,C,C
00None,경기상운,사업장,교통(여객),"18,284",321,,,,
00None,금강고속,사업장,육상 여객 운송업,"23,408",340,,,,
00None,비엔씨티,사업장,기타 운송관련 서비스업,"33,079",613,,,,
00None,중소기업은행,업체,건물,"55,321",799,,,,
00None,지에스에코메탈,사업장,비철금속,"25,012",338,,,,
00None,지에스이피에스,업체,전기업,"3,006,264","70,079",,,,
00None,지에스칼텍스,업체,석유 정제품 제조업,"8,645,917","120,114",,,,
00None,지엠테크니컬센터코리아,사업장,건물,"14,310",291,,,,
00None,진양특수강,사업장,1차 철강 제조업,"28,105",561,,,,
00None,진영페이퍼,사업장,"펄프, 종이 및 판지 제조업","90,152",875,,,,
00None,진주시,사업장,폐기물 처리업,"123,714",605,,,,
00None,진천군,사업장,폐기물,"19,877",163,,,,
00None,창원시,업체,폐기물 처리업,"240,936","2,417",,,,
00None,천안시,업체,폐기물 처리업,"157,838","1,745",,,,
00None,천일정기화물자동차,사업장,교통(화물),"20,004",289,,,,
00None,천일제지,사업장,"펄프, 종이 및 판지 제조업","61,416","1,000",,,,
00None,청양산업,사업장,육상운송 및 파이프라인 운송업,"11,975",170,,,,
00None,청주시,업체,폐기물 처리업,"223,223","1,892",,,,
00None,청주에코파크,사업장,전기업,"55,904",2,,,,
00None,초당환경,사업장,폐기물 처리업,"25,578",72,,,,
00None,춘천시,업체,폐기물 처리업,"100,615","1,559",,,,
00None,춘천에너지,업체,"증기, 냉ㆍ온수 및 공기 조절 공급업","876,707","15,881",,,,
00None,충남대학교,사업장,고등 교육기관,"30,486",631,,,,
00None,충남대학교병원,사업장,건물,"20,156",418,,,,
00None,충북대학교,사업장,건물,"20,700",419,,,,
00None,충주시,사업장,폐기물 처리업,"74,508",749,,,,
00None,컬러스앤이펙츠코리아,사업장,석유화학,"15,990",551,,,,
00None,케이브이머티리얼즈,사업장,유리,"17,098",438,,,,
00None,케이씨글라스,사업장,유리 및 유리제품 제조업,"42,720",709,,,,
00None,케이씨씨,업체,"시멘트, 석회, 플라스터 및 그 외 제품 제조업","611,594","11,491",,,,
029460,케이씨,업체,기초 화학물질 제조업,"181,558","2,520",B,C,B+,B
00None,케이알에너지,사업장,"증기, 냉ㆍ온수 및 공기 조절 공급업","44,016",472,,,,
00None,케이알코폴리머유한,사업장,합성고무 및 플라스틱 물질 제조업,"28,916",387,,,,
00None,케이에이에프,사업장,섬유,"24,420",420,,,,
00None,케이엠씨해운,사업장,해상 운송업,"43,505",603,,,,
00None,케이오씨,사업장,기초 화학물질 제조업,"35,161",842,,,,
00None,케이지모빌리티,업체,자동차용 엔진 및 자동차 제조업,"117,223","2,368",,,,
00None,케이지스틸,업체,1차 철강 제조업,"404,489","8,639",,,,
00None,케이지에코솔루션,업체,폐기물 처리업,"1,562",28,,,,
00None,케이지케미칼,사업장,"비료, 농약 및 살균ㆍ살충제 제조업","37,313",457,,,,
00None,코닝정밀소재,업체,유리 및 유리제품 제조업,"490,292","9,852",,,,
00None,코리아PTG,사업장,기초 화학물질 제조업,"103,089",900,,,,
005070,코스모신소재,사업장,기타 화학제품 제조업,"62,428","1,164",C,C,D,C
005420,코스모화학,사업장,기초 화학물질 제조업,"94,980","1,720",D,C,D,D
00None,코스포영남파워,업체,전기업,"850,361","16,906",,,,
00None,코어엔텍,업체,폐기물 처리업,"293,163","1,833",,,,
00None,코오롱글로텍,사업장,섬유,"20,679",332,,,,
00None,코오롱바스프이노폼,사업장,합성고무 및 플라스틱 물질 제조업,"101,273","1,600",,,,
00None,코오롱이앤피,업체,합성고무 및 플라스틱 물질 제조업,"131,361","2,125",,,,
00None,코오롱인더스트리,업체,합성고무 및 플라스틱 물질 제조업,"554,983","10,324",,,,
00None,코카콜라음료,사업장,음료제조업,"20,014",408,,,,
00None,쿠팡로지스틱스서비스유한,사업장,도로 화물 운송업,"97,956","1,664",,,,
00None,쿠팡풀필먼트서비스유한,업체,보관 및 창고업,"236,793","4,930",,,,
00None,크나우프석고보드,업체,"시멘트, 석회, 플라스터 및 그 외 제품 제조업","110,088","2,187",,,,
00None,타타대우모빌리티,사업장,자동차,"16,325",308,,,,
015890,태경산업,업체,1차 철강 제조업,"99,941","1,409",D,C,D,D
003240,태광산업,업체,기초 화학물질 제조업,"895,831","12,933",B,B+,A+,C
00None,태림페이퍼,업체,"펄프, 종이 및 판지 제조업","385,762","5,760",,,,
00None,태봉광업,업체,"시멘트, 석회, 플라스터 및 그 외 제품 제조업","241,973",611,,,,
00None,태양금속공업,사업장,기계,"20,806",399,,,,
00None,태영세라믹,사업장,"내화, 비내화 요업제품 제조업","32,550",539,,,,
00None,통영시,사업장,폐기물 처리업,"37,643",354,,,,
00None,티케이지에코머티리얼,사업장,섬유,"3,154",91,,,,
00None,티케이지휴켐스,업체,기초 화학물질 제조업,"108,678","1,528",,,,
104480,티케이케미칼,업체,화학섬유 제조업,"61,590","1,234",D,C,D,D
00None,파르나스호텔,사업장,건물,"21,033",434,,,,
00None,파인트리포스마그네슘,사업장,금속 주조업,"35,507",70,,,,
00None,파주시,업체,폐기물 처리업,"162,221","1,505",,,,
00None,파주에너지서비스,업체,전기업,"4,132,297","80,560",,,,
00None,파주에코에너지,사업장,발전에너지,"22,169",0,,,,
00None,파주전기초자,사업장,유리 및 유리제품 제조업,"21,948",457,,,,
00None,팔미금속공업,사업장,철강,"15,615",291,,,,
001020,페이퍼코리아,사업장,"펄프, 종이 및 판지 제조업","88,730","1,529",C,C,C,C
00None,평택시,업체,"하수, 폐수 및 분뇨 처리업","123,716","1,899",,,,
00None,평택에너지앤파워,업체,"증기, 냉ㆍ온수 및 공기 조절 공급업","1,359,985","26,586",,,,
090080,평화산업,사업장,고무제품 제조업,"31,733",647,C,B,B,C
00None,평화오일씰공업,사업장,자동차,"14,542",303,,,,
058430,포스코스틸리온,사업장,1차 철강 제조업,"120,953","2,368",A,A,A+,B+
00None,포스코홀딩스,업체,1차 철강 제조업,"10,745",222,,,,
00None,포천민자발전,업체,전기업,"1,305,244","25,898",,,,
00None,포천시,사업장,폐기물 처리업,"59,149",615,,,,
00None,포천파워,업체,전기업,"1,729,578","34,369",,,,
00None,포항시,업체,폐기물 처리업,"164,383","2,492",,,,
00None,폴리미래,사업장,합성고무 및 플라스틱 물질 제조업,"100,796","1,876",,,,
00None,피아이첨단소재,사업장,플라스틱 제품 제조업,"106,164","1,867",,,,
00None,피유코어,사업장,석유화학,"23,768",543,,,,
00None,피케이씨,업체,기초 화학물질 제조업,"216,598","4,310",,,,
067310,하나마이크론,사업장,반도체 제조업,"36,237",754,C,B+,A,D
166090,하나머티리얼즈,사업장,반도체,"25,908",540,B,B,A,C
00None,하남시,사업장,폐기물 처리업,"37,725",496,,,,
000080,하이트진로,업체,알코올 음료 제조업,"110,066","2,154",B+,A,A,B
00None,하이트진로산업,사업장,유리 및 유리제품 제조업,"30,886",483,,,,
00None,하이호경금속,사업장,1차 비철금속 제조업,"30,048",495,,,,
00None,학교법인가톨릭학원,사업장,병원,"138,419","2,826",,,,
00None,학교법인건국대학교,사업장,고등 교육기관,"75,442","1,526",,,,
00None,학교법인경희학원,업체,건물,"60,644","1,249",,,,
00None,학교법인계명대학교,사업장,건물,"21,117",437,,,,
00None,학교법인고려중앙학원,사업장,고등 교육기관,"111,736","2,302",,,,
00None,학교법인성균관대학,사업장,고등 교육기관,"70,474","1,428",,,,
00None,학교법인연세대학교,업체,고등 교육기관,"203,451","4,207",,,,
00None,학교법인영남학원,사업장,건물,"31,385",645,,,,
00None,학교법인이화학당,사업장,고등 교육기관,"74,582","3,285",,,,
00None,학교법인중앙대학교,사업장,건물,"20,621",425,,,,
00None,학교법인포항공과대학교,사업장,고등 교육기관,"82,127","1,855",,,,
00None,학교법인한양학원,사업장,고등 교육기관,"80,087","3,199",,,,
036460,한국가스공사,업체,연료용 가스 제조 및 배관공급업,"580,251","11,045",A,A,A+,A
00None,한국경남태양유전,사업장,전자 부품 제조업,"91,403","1,799",,,,
00None,한국공항공사,사업장,기타 운송관련 서비스업,"92,395","1,903",,,,
00None,한국과학기술연구원,사업장,건물,"18,403",381,,,,
00None,한국과학기술원,사업장,고등 교육기관,"87,144","1,785",,,,
00None,한국과학기술정보연구원,사업장,건물,"21,435",447,,,,
00None,한국기초소재,사업장,시멘트,"14,473",295,,,,
00None,한국남동발전,업체,전기업,"30,710,313","372,122",,,,
00None,한국남부발전,업체,전기업,"24,346,135","321,462",,,,
00None,한국넥슬렌유한,업체,합성고무 및 플라스틱 물질 제조업,"87,186","1,750",,,,
00None,한국니토옵티칼,사업장,플라스틱 제품 제조업,"35,250",662,,,,
00None,한국도로공사,업체,기타 운송관련 서비스업,"257,639","5,158",,,,
00None,한국동서발전,업체,전기업,"25,977,192","319,406",,,,
010100,한국무브넥스,사업장,철강,"17,533",364,C,B,C,C
00None,한국바스프,업체,기초 화학물질 제조업,"679,307","10,140",,,,
00None,한국방송공사,사업장,건물,"16,045",336,,,,
00None,한국보훈복지의료공단,사업장,건물,"15,104",310,,,,
00None,한국서부발전,업체,전기업,"26,963,939","333,061",,,,
00None,한국세큐리트,사업장,유리,"27,085",564,,,,
00None,한국수력원자력,업체,전기업,"3,681,792","73,864",,,,
00None,한국수자원공사,업체,수도업,"802,871","17,454",,,,
00None,한국수출포장공업,업체,"펄프, 종이 및 판지 제조업","127,017","1,890",,,,
00None,한국쓰리엠,사업장,플라스틱 제품 제조업,"45,247",928,,,,
00None,한국씨엔티,사업장,"시멘트, 석회, 플라스터 및 그 외 제품 제조업","43,544",852,,,,
00None,한국알루미나,사업장,석유화학,"16,483",244,,,,
00None,한국알콜산업,사업장,기초 화학물질 제조업,"32,846","1,479",,,,
000240,한국앤컴퍼니,업체,일차전지 및 축전지 제조업,"83,256","1,718",B,B+,A,C
00None,한국야금,사업장,기계,"16,100",332,,,,
00None,한국엔에스케이,사업장,기계,"19,678",410,,,,
00None,한국엔지니어링플라스틱,업체,합성고무 및 플라스틱 물질 제조업,"175,429","3,445",,,,
00None,한국오웬스코닝,사업장,유리 및 유리제품 제조업,"83,641","1,605",,,,
00None,한국원자력연구원,사업장,건물,"22,817",471,,,,
00None,한국원자력의학원,사업장,건물,"16,174",332,,,,
00None,한국유미코아배터리머티리얼즈,사업장,일차전지 및 축전지 제조업,"72,926","1,500",,,,
00None,한국이네오스스티롤루션,사업장,합성고무 및 플라스틱 물질 제조업,"76,298","1,655",,,,
00None,한국전력공사,업체,전기업,"873,710","8,238",,,,
00None,한국전자통신연구원,사업장,건물,"20,310",421,,,,
00None,한국제강,업체,1차 철강 제조업,"223,686","4,126",,,,
027970,한국제지,업체,"펄프, 종이 및 판지 제조업","311,690","6,433",C,C,C,C
00None,한국주철관공업,사업장,1차 철강 제조업,"57,389",759,,,,
00None,한국중부발전,업체,전기업,"31,166,623","395,111",,,,
00None,한국지엠,업체,자동차용 엔진 및 자동차 제조업,"238,049","4,844",,,,
00None,한국지역난방공사,업체,"증기, 냉ㆍ온수 및 공기 조절 공급업","5,621,836","114,897",,,,
104700,한국철강,업체,1차 철강 제조업,"305,515","5,516",C,C,D,C
00None,한국철도공사,업체,철도 운송업,"1,510,796","30,028",,,,
161390,한국타이어앤테크놀로지,업체,고무제품 제조업,"396,117","8,173",C,B+,A,D
00None,한국토지주택공사,업체,"증기, 냉ㆍ온수 및 공기 조절 공급업","251,252","5,017",,,,
00None,한국표준과학연구원,사업장,건물,"22,712",468,,,,
00None,한국필립모리스,사업장,담배제조업,"14,350",448,,,,
00None,한국항공우주산업,사업장,"항공기, 우주선 및 부품 제조업","67,159","1,391",,,,
00None,한국핵융합에너지연구원,사업장,건물,"20,157",420,,,,
00None,한국허치슨터미널,사업장,항만,"19,177",342,,,,
00None,한국환경개발,사업장,폐기물 처리업,"74,724",479,,,,
00None,한라시멘트,업체,"시멘트, 석회, 플라스터 및 그 외 제품 제조업","3,725,709","22,386",,,,
00None,한맥테코산업,사업장,폐기물 처리업,"40,340",27,,,,
00None,한무쇼핑,업체,건물,"64,007","1,346",,,,
128940,한미약품,사업장,의약품 제조업,"71,770","1,429",B,A,A+,C
00None,한미정밀화학,사업장,석유화학,"14,605",338,,,,
00None,한성운수,사업장,교통(여객),"15,905",305,,,,
00None,한세모빌리티,사업장,자동차,"24,600",509,,,,
00None,한세이프에너지,사업장,폐기물 처리업,"47,986",47,,,,
213500,한솔제지,업체,"펄프, 종이 및 판지 제조업","923,577","16,580",A,A,A+,A
00None,한솔페이퍼텍,사업장,"펄프, 종이 및 판지 제조업","125,098","1,135",,,,
018880,한온시스템,사업장,자동차 신품 부품 제조업,"61,700","1,303",B+,A,A+,B
00None,한융금속,사업장,비철금속,"17,433",280,,,,
300720,한일시멘트,업체,"시멘트, 석회, 플라스터 및 그 외 제품 제조업","3,668,271","24,489",A,A,A+,B+
00None,한일제관,사업장,기타 금속 가공제품 제조업,"57,100","1,156",,,,
00None,한일캔,사업장,기계,"23,393",454,,,,
00None,한일현대시멘트,업체,"시멘트, 석회, 플라스터 및 그 외 제품 제조업","3,124,044","21,319",,,,
00None,한전원자력연료,사업장,석유화학,"22,208",459,,,,
198940,한주라이트메탈,사업장,비철금속,"20,272",415,,,,
00None,한진부산컨테이너터미널,사업장,기타 운송관련 서비스업,"32,876",657,,,,
009830,한화솔루션,업체,기초 화학물질 제조업,"2,501,207","48,748",B+,A,A+,B
00None,한화에너지,업체,"증기, 냉ㆍ온수 및 공기 조절 공급업","5,014,682","56,941",,,,
012450,한화에어로스페이스,사업장,무기 및 총포탄 제조업,"114,383","2,230",A,A,A+,B+
082740,한화엔진,사업장,일반 목적용 기계 제조업,"42,358",762,B+,B+,A,B+
042660,한화오션,업체,선박 및 보트 건조업,"455,320","8,160",B+,A,B,B
00None,한화오션에코텍,사업장,조선,"20,912",321,,,,
00None,한화임팩트,업체,기초 화학물질 제조업,"516,587","8,982",,,,
00None,한화첨단소재,사업장,석유화학,"41,748",858,,,,
00None,한화토탈에너지스,업체,기초 화학물질 제조업,"4,679,895","106,381",,,,
00None,한화호텔앤드리조트,업체,건물,"51,889","1,035",,,,
00None,한황산업,사업장,자동차 신품 부품 제조업,"40,082",747,,,,
195870,해성디에스,사업장,반도체 제조업,"66,233","1,450",A,A,A+,B+
00None,해태에이치티비,사업장,음료제조업,"16,119",474,,,,
00None,핸즈식스,사업장,자동차 신품 부품 제조업,"67,612","1,384",,,,
143210,핸즈코퍼레이션,사업장,자동차 신품 부품 제조업,"59,826","1,214",D,C,D,D
000720,현대건설,업체,건설,"86,306","1,701",A,A,A,B+
086280,현대글로비스,사업장,도로 화물 운송업,"79,527","1,209",A,A,A+,A
064350,현대로템,사업장,기계,"18,977",382,A+,A+,A+,A
012330,현대모비스,업체,자동차 신품 부품 제조업,"105,334","2,172",A,A+,A+,B+
004560,현대비앤지스틸,사업장,1차 철강 제조업,"72,957","1,494",B+,B+,A,B
00None,현대석회,사업장,"시멘트, 석회, 플라스터 및 그 외 제품 제조업","86,857",245,,,,
00None,현대성우쏠라이트,사업장,일차전지 및 축전지 제조업,"40,368",832,,,,
00None,현대성우캐스팅,업체,자동차 신품 부품 제조업,"194,644","3,784",,,,
00None,현대스틸파이프,사업장,1차 철강 제조업,"38,043",781,,,,
00None,현대아이에프씨,업체,1차 철강 제조업,"230,030","4,250",,,,
00None,현대엔지니어링,사업장,건설,"33,148",672,,,,
307950,현대오토에버,사업장,통신,"20,562",429,A,A,A+,A
011210,현대위아,업체,자동차 신품 부품 제조업,"98,202","2,036",A+,A+,A+,A
00None,현대자동차,업체,자동차용 엔진 및 자동차 제조업,"1,526,375","31,463",,,,
004020,현대제철,업체,1차 철강 제조업,"28,817,883","159,662",A,A,A,B+
00None,현대종합금속,사업장,기계,"18,437",378,,,,
00None,현대종합특수강,사업장,1차 철강 제조업,"46,692",940,,,,
00None,현대트랜시스,업체,자동차 신품 부품 제조업,"190,651","3,948",,,,
092300,현우산업,사업장,전기전자,"15,014",313,,,,
00None,호스트웨이아이디씨,사업장,통신,"16,431",343,,,,
00None,홈플러스,업체,종합 소매업,"385,477","7,858",,,,
00None,홍덕산업,사업장,1차 철강 제조업,"61,488","1,374",,,,
00None,홍원제지,사업장,"펄프, 종이 및 판지 제조업","92,212","1,289",,,,
00None,홍천군,사업장,폐기물,"16,140",86,,,,
00None,화성시,사업장,폐기물 처리업,"135,511","1,207",,,,
00None,화영운수,사업장,교통(여객),"16,404",280,,,,
00None,화천군,사업장,폐기물,"18,363",34,,,,
00None,환영철강공업,업체,1차 철강 제조업,"223,712","4,076",,,,
00None,효성네오켐,사업장,기초 화학물질 제조업,"89,671","1,889",,,,
298040,효성중공업,사업장,"전동기, 발전기 및 전기 변환ㆍ공급ㆍ제어 장치 제조업","52,593","1,093",B+,A,A+,B
298020,효성티앤씨,업체,화학섬유 제조업,"244,092","5,436",B+,A,A+,B
298000,효성화학,업체,기초 화학물질 제조업,"675,406","14,550",A,A,A+,B+
00None,휘닉스중앙,사업장,건물,"20,879",417,,,,
079980,휴비스,업체,화학섬유 제조업,"398,301","5,846",B+,B+,A,B+
00None,희성촉매,사업장,석유화학,"23,978",488,,,,
095570,AJ네트웍스,,,,,B+,C,A,B+
006840,AK홀딩스,,,,,A,A,A+,B+
027410,BGF,,,,,A,A,A+,B+
282330,BGF리테일,,,,,A,A,A+,A
126600,BGF에코머티리얼즈,,,,,B,B,B,B
138930,BNK금융지주,,,,,A,A+,A+,A
801190,BNK캐피탈,,,,,등급없음,등급없음,등급없음,B
001460,BYC,,,,,D,D,D,C
001040,CJ,,,,,A,A,A+,A
079160,CJCGV,,,,,A,A+,A+,A
035760,CJENM,,,,,A,B+,A+,B+
311690,CJ바이오사이언스,,,,,B+,C,B+,B+
011150,CJ씨푸드,,,,,B+,A,A,B
051500,CJ프레시웨이,,,,,A,A,A,B+
000590,CS홀딩스,,,,,C,D,D,B
012030,DB,,,,,C,D,B,C
818158,DB생명보험,,,,,등급없음,등급없음,등급없음,B+
005830,DB손해보험,,,,,B+,A,A,B+
016610,DB증권,,,,,B,C,C,B+
000990,DB하이텍,,,,,C,B+,A,D
813363,DGB생명보험,,,,,등급없음,등급없음,등급없음,B+
000210,DL,,,,,A,A,A+,A
375500,DL이앤씨,,,,,A,A,A+,A
007340,DN오토모티브,,,,,C,C,C,C
004840,DRB동일,,,,,B+,B+,A,B+
155660,DSR,,,,,C,C,C,C
069730,DSR제강,,,,,C,D,D,B
017940,E1,,,,,A,A,A+,B+
383220,F&F,,,,,A,A+,A+,B
007700,F&F홀딩스,,,,,A,A+,A+,A
114090,GKL,,,,,A,A+,A,A
078930,GS,,,,,B+,B+,A,B+
001250,GS글로벌,,,,,B+,B+,A,B+
007070,GS리테일,,,,,A+,A+,A+,A
012630,HDC,,,,,C,A,A+,D
039570,HDC랩스,,,,,B,C,A,B
089470,HDC현대EP,,,,,B+,B+,A,B+
009540,HD한국조선해양,,,,,A,A,A+,A
267250,HD현대,,,,,A,B+,A+,A
267270,HD현대건설기계,,,,,A,A,A+,A
071970,HD현대마린엔진,,,,,C,C,C,C
010620,HD현대미포,,,,,A,A,A+,A
322000,HD현대에너지솔루션,,,,,A,B+,A,A
042670,HD현대인프라코어,,,,,A+,A+,A+,A
267260,HD현대일렉트릭,,,,,A+,A+,A+,A
329180,HD현대중공업,,,,,A,A,A+,B+
097230,HJ중공업,,,,,A,A,A+,B+
195940,HK이노엔,,,,,A+,A,A+,A+
014790,HLD&I,,,,,A+,A+,A+,A
028300,HLB,,,,,B+,B+,B+,B
003580,HLB글로벌,,,,,D,D,D,D
067630,HLB생명과학,,,,,C,D,C,C
204320,HL만도,,,,,A,A,A+,A
060980,HL홀딩스,,,,,A,A,A+,A
011200,HMM,,,,,A,A,A+,A
403870,HPSP,,,,,C,C,D,C
035000,HS애드,,,,,B,C,D,A
002460,HS화성,,,,,C,C,C,B+
298050,HS효성첨단소재,,,,,A,A,A+,B+
015360,INVENI,,,,,B,C,B,B+
294870,IPARK현대산업개발,,,,,A,A,A+,A
095340,ISC,,,,,B,C,B+,B
175330,JB금융지주,,,,,A,A+,A,A
204210,JK리버스톤리츠,,,,,D,D,D,D
001060,JW중외제약,,,,,B+,B+,A,B+
096760,JW홀딩스,,,,,B+,B+,A,B+
035900,JYPENT.,,,,,B,A,A+,C
105560,KB금융,,,,,A,A+,A+,A
839185,KB라이프생명보험,,,,,등급없음,등급없음,등급없음,A
002550,KB손해보험,,,,,등급없음,등급없음,등급없음,A
021320,KCC건설,,,,,C,C,D,B
036670,KCI,,,,,A,A,A,B+
009440,KC그린홀딩스,,,,,B,B,B,B
119650,KC코트렐,,,,,C,B,B,C
092220,KEC,,,,,C,C,D,C
003620,KG모빌리티,,,,,C,C,D,C
016380,KG스틸,,,,,B,B+,A,C
151860,KG에코솔루션,,,,,D,C,D,D
035600,KG이니시스,,,,,C,C,B+,D
001390,KG케미칼,,,,,C,B+,B,C
046440,KG파이낸셜,,,,,C,C,A,C
033180,KH필룩스,,,,,D,C,D,D
060720,KH바텍,,,,,A,A,A+,A
015590,KIB플러그에너지,,,,,D,C,D,D
001940,KISCO홀딩스,,,,,D,C,D,D
092230,KPX홀딩스,,,,,D,C,D,D
000040,KR모터스,,,,,D,D,D,D
044450,KSS해운,,,,,B+,B+,A,B+
058850,KTCS,,,,,A,A,A+,A
058860,KTIS,,,,,B+,A,B+,B+
043610,KT지니뮤직,,,,,C,D,C,C
093050,LF,,,,,B+,B+,B+,B+
003550,LG,,,,,A,A,A+,B+
034220,LG디스플레이,,,,,B+,B+,A,B+
051900,LG생활건강,,,,,A,B+,A+,A
373220,LG에너지솔루션,,,,,A,A,A+,B+
032640,LG유플러스,,,,,A,A,A+,A
011070,LG이노텍,,,,,A,A,A+,A
066570,LG전자,,,,,A,A,A+,B+
037560,LG헬로비전,,,,,A,A,A+,A
051910,LG화학,,,,,B+,B+,A,B+
079550,LIG디펜스앤에어로스페이스,,,,,A,A,A+,A
006260,LS,,,,,A,A,A,A
000680,LS네트웍스,,,,,B+,B,A,B+
060370,LS마린솔루션,,,,,C,C,C,B
229640,LS에코에너지,,,,,C,D,C,B
078020,LS증권,,,,,C,D,D,B
108320,LX세미콘,,,,,B+,B+,A,B+
001120,LX인터내셔널,,,,,A,B+,A+,B+
108670,LX하우시스,,,,,A,A,A,B+
383800,LX홀딩스,,,,,B+,A,A,B+
023150,MH에탄올,,,,,D,D,D,C
035420,NAVER,,,,,A,A,A+,A
036570,NC,,,,,A,B+,A+,A
060250,NHNKCP,,,,,B,B,B,B
054050,NH농우바이오,,,,,C,D,D,B
839719,NH농협손해보험,,,,,등급없음,등급없음,등급없음,A
005940,NH투자증권,,,,,B+,B+,A,B+
034310,NICE,,,,,B+,B,A,B+
030190,NICE평가정보,,,,,B+,C,B+,B+
008260,NI스틸,,,,,D,D,C,D
010060,OCI홀딩스,,,,,A,B+,A+,A
178920,PI첨단소재,,,,,B+,B+,A,B+
001340,PKC,,,,,D,C,D,D
005490,POSCO홀딩스,,,,,A,A,A+,A
218410,RFHIC,,,,,D,C,D,D
034120,SBS,,,,,A,B+,B+,A
003080,SB성보,,,,,D,D,C,C
036540,SFA반도체,,,,,D,C,C,D
016250,SGCE&C,,,,,C,B,C,C
005090,SGC에너지,,,,,B,A,B+,C
001380,SG글로벌,,,,,D,C,D,D
004060,SG세계물산,,,,,D,D,D,C
001770,SHD,,,,,D,D,D,C
002360,SH에너지화학,,,,,C,C,D,B
033530,SJG세종,,,,,D,C,C,D
034730,SK,,,,,A,A,A+,A
011790,SKC,,,,,A,A,A+,A
018670,SK가스,,,,,A,A,A+,A
001740,SK네트웍스,,,,,A+,A,A+,A+
006120,SK디스커버리,,,,,A,A,A+,A
210980,SK디앤디,,,,,A,A,A+,A
302440,SK바이오사이언스,,,,,A,B+,A+,A
402340,SK스퀘어,,,,,A+,A,A+,A+
361610,SK아이이테크놀로지,,,,,A,A,A+,A
100090,SK오션플랜트,,,,,A+,A+,A+,A
001510,SK증권,,,,,B+,A,B+,B+
285130,SK케미칼,,,,,A+,A+,A+,A+
017670,SK텔레콤,,,,,A,A,B+,A
000660,SK하이닉스,,,,,B+,A,A+,B
048550,SMC&C,,,,,D,D,D,D
063440,SMLIFEDESIGN,,,,,D,D,D,D
003570,SNT다이내믹스,,,,,C,C,D,C
064960,SNT모티브,,,,,C,C,C,C
100840,SNT에너지,,,,,C,C,D,B
036530,SNT홀딩스,,,,,B,C,D,B+
067160,SOOP,,,,,B+,B,A,B+
000390,SP삼화,,,,,B+,B+,B+,B+
011810,STX,,,,,D,D,C,D
077970,STX엔진,,,,,D,C,C,D
002170,SYTS,,,,,C,C,D,B
002710,TCC스틸,,,,,C,B,A,D
007980,TP,,,,,C,C,C,C
002900,TYM,,,,,B+,B+,A,B
024070,WISCOM,,,,,C,C,D,C
037270,YGPLUS,,,,,D,D,D,D
139130,IM금융지주,,,,,A,A+,A,A
000860,강남제비스코,,,,,B+,A,B+,B+
114190,강원에너지,,,,,D,C,D,D
094480,갤럭시아머니트리,,,,,C,D,C,B
011420,갤럭시아에스엠,,,,,D,D,D,D
192520,경남은행,,,,,등급없음,등급없음,등급없음,B+
002100,경농,,,,,C,C,D,B
009450,경동나비엔,,,,,A,B+,A+,B+
267290,경동도시가스,,,,,B,C,B+,B
012320,경동인베스트,,,,,B,C,B+,B
012610,경인양행,,,,,B+,B+,B+,B
009140,경인전자,,,,,D,D,D,D
013580,계룡건설산업,,,,,B,B+,C,B+
012200,계양전기,,,,,D,C,C,D
002140,고려산업,,,,,D,D,D,C
098460,고영,,,,,B+,B,A,B
215000,골프존,,,,,B+,A,A,B+
009290,광동제약,,,,,C,B+,C,C
017040,광명전기,,,,,C,C,D,C
017900,광전자,,,,,C,C,D,C
037710,광주신세계,,,,,A,A,A+,A
192530,광주은행,,,,,등급없음,등급없음,등급없음,B+
811097,교보생명보험,,,,,등급없음,등급없음,등급없음,B+
030610,교보증권,,,,,B+,A,A,B
339770,교촌에프앤비,,,,,D,D,D,C
060000,국민은행,,,,,등급없음,등급없음,등급없음,A
001140,국보,,,,,D,C,D,D
002720,국제약품,,,,,D,D,D,C
014530,극동유화,,,,,D,C,D,D
001570,금양,,,,,D,C,D,D
002990,금호건설,,,,,B+,B,A,B
214330,금호에이치티,,,,,D,C,D,D
001210,금호전기,,,,,D,C,D,D
092440,기신정기,,,,,D,D,D,C
024110,기업은행,,,,,B+,A+,A+,B
013700,까뮤이앤씨,,,,,C,D,D,B
121600,나노신소재,,,,,C,C,D,C
089600,나스미디어,,,,,B+,B+,A,B+
293580,나우IB,,,,,D,D,D,C
001260,남광토건,,,,,D,D,D,D
008350,남선알미늄,,,,,D,C,D,D
004270,남성,,,,,D,D,D,D
095660,네오위즈,,,,,C,D,D,B+
007390,네이처셀,,,,,D,C,D,D
348210,넥스틴,,,,,C,B,B,D
225570,넥슨게임즈,,,,,D,D,D,C
217270,넵튠,,,,,C,D,C,B
251270,넷마블,,,,,A,B+,A+,A
090350,노루페인트,,,,,A,A,A+,B+
000320,노루홀딩스,,,,,A,A,A+,B+
005250,녹십자홀딩스,,,,,A,A,A+,B+
072710,농심홀딩스,,,,,B,B+,B+,B
839683,농협금융지주,,,,,등급없음,등급없음,등급없음,A
839723,농협생명보험,,,,,등급없음,등급없음,등급없음,A
839742,농협은행,,,,,등급없음,등급없음,등급없음,A
058730,다스코,,,,,C,C,D,B
030210,다올투자증권,,,,,B+,A,A,B+
023590,다우기술,,,,,A,A,A+,B+
032190,다우데이타,,,,,D,D,C,D
068240,다원시스,,,,,D,D,D,D
145210,다이나믹디자인,,,,,D,C,D,D
019680,대교,,,,,B,D,B+,B+
006370,대구백화점,,,,,C,D,C,B
008060,대덕,,,,,B+,B+,A,B
000490,대동,,,,,B+,B+,A+,B
008110,대동전자,,,,,D,D,D,D
005750,대림바스,,,,,C,C,C,C
006570,대림통상,,,,,D,C,C,D
084690,대상홀딩스,,,,,B,A,A+,C
128820,대성산업,,,,,C,C,B,D
117580,대성에너지,,,,,B,B+,A,C
016710,대성홀딩스,,,,,C,B+,A,D
003540,대신증권,,,,,B+,B+,A,B+
014160,대영포장,,,,,D,D,D,D
003090,대웅,,,,,B+,B+,A,B
006340,대원전선,,,,,D,C,D,D
003220,대원제약,,,,,B+,B+,A,B+
078600,대주전자재료,,,,,B+,B,A,B
005880,대한해운,,,,,D,C,D,D
016090,대현,,,,,C,D,D,B+
298540,더네이쳐홀딩스,,,,,D,D,D,D
192080,더블유게임즈,,,,,C,D,D,B+
012510,더존비즈온,,,,,C,C,D,C
213420,덕산네오룩스,,,,,D,C,D,D
004830,덕성,,,,,C,C,D,C
194480,데브시스터즈,,,,,C,D,D,B
145720,덴티움,,,,,D,D,D,D
002150,도화엔지니어링,,,,,C,C,C,B
086450,동국제약,,,,,C,B+,A,D
023450,동남합성,,,,,D,D,D,C
007590,동방아그로,,,,,C,D,D,B
005960,동부건설,,,,,B+,B+,B+,B
026960,동서,,,,,C,C,C,C
002210,동성제약,,,,,D,D,D,D
000640,동아쏘시오홀딩스,,,,,A+,A,A+,A+
170900,동아에스티,,,,,A,A,A+,A
028100,동아지질,,,,,D,C,C,D
282690,동아타이어,,,,,D,D,D,D
001520,동양,,,,,C,B,B,C
082640,동양생명,,,,,B+,C,B+,B+
008970,동양철관,,,,,D,C,D,D
092780,동양피스톤,,,,,C,C,C,C
049770,동원F&B,,,,,B,A,A,C
018500,동원금속,,,,,C,B,D,B
030720,동원수산,,,,,D,D,D,D
163560,동일고무벨트,,,,,B+,B+,A,B+
000020,동화약품,,,,,C,B,B,C
241560,두산밥캣,,,,,A,B+,A,A
336260,두산퓨얼셀,,,,,A,A,A+,B+
016740,두올,,,,,D,D,C,C
060570,드림어스컴퍼니,,,,,C,C,C,C
192650,드림텍,,,,,C,C,D,B
024090,디씨엠,,,,,C,D,D,B+
003160,디아이,,,,,D,C,C,D
001530,디아이동일,,,,,D,D,D,C
092200,디아이씨,,,,,C,C,B,D
376300,디어유,,,,,D,D,D,D
013570,디와이,,,,,C,D,D,B
024900,디와이덕양,,,,,D,D,D,D
210540,디와이파워,,,,,C,C,D,B+
885673,라이나생명보험,,,,,등급없음,등급없음,등급없음,B
115390,락앤락,,,,,B+,A,A,B
281740,레이크머티리얼즈,,,,,C,C,D,C
277810,레인보우로보틱스,,,,,D,D,D,D
090360,로보스타,,,,,D,D,D,C
089860,롯데렌탈,,,,,A,A,A,A
000400,롯데손해보험,,,,,B+,C,A,B+
004990,롯데지주,,,,,A,A,A+,A
005300,롯데칠성음료,,,,,A,A+,A+,B+
854231,롯데카드,,,,,등급없음,등급없음,등급없음,A
855981,롯데캐피탈,,,,,등급없음,등급없음,등급없음,B
071840,롯데하이마트,,,,,A,A,A+,A
328130,루닛,,,,,B,C,B+,B
141080,리가켐바이오,,,,,B+,B,A,B
058470,리노공업,,,,,D,C,D,D
073570,리튬포어스,,,,,D,D,D,D
027740,마니커,,,,,D,D,D,C
067280,멀티캠퍼스,,,,,D,D,D,C
215200,메가스터디교육,,,,,D,D,D,D
138040,메리츠금융지주,,,,,A,A,A,A
008560,메리츠증권,,,,,등급없음,등급없음,등급없음,B
867865,메리츠캐피탈,,,,,등급없음,등급없음,등급없음,B+
000060,메리츠화재해상보험,,,,,등급없음,등급없음,등급없음,B+
021880,메이슨캐피탈,,,,,D,D,D,D
140410,메지온,,,,,D,D,D,D
090370,메타랩스,,,,,D,D,D,D
118000,메타케어,,,,,D,D,D,D
832969,메트라이프생명보험,,,,,등급없음,등급없음,등급없음,B
017180,명문제약,,,,,D,D,D,C
009900,명신산업,,,,,C,C,C,C
005360,모나미,,,,,D,D,C,D
417970,모델솔루션,,,,,C,D,D,B
080160,모두투어,,,,,C,D,D,B+
009680,모토닉,,,,,C,C,C,B
118990,모트렉스,,,,,D,C,D,D
009580,무림P&P,,,,,A,A,A,B+
033920,무학,,,,,D,C,D,D
008420,문배철강,,,,,D,D,C,C
025560,미래산업,,,,,D,D,D,D
007120,미래아이앤지,,,,,D,D,D,D
100790,미래에셋벤처투자,,,,,C,D,D,B
085620,미래에셋생명,,,,,B+,B+,A,B+
006800,미래에셋증권,,,,,B+,A+,A,B
840265,미래에셋캐피탈,,,,,등급없음,등급없음,등급없음,B+
081660,미스토홀딩스,,,,,B+,B+,A,B
268280,미원에스씨,,,,,B,C,B,B+
107590,미원홀딩스,,,,,C,C,B,C
134380,미원화학,,,,,C,C,C,B
003650,미창석유공업,,,,,D,C,D,D
377740,바이오노트,,,,,D,D,D,C
064550,바이오니아,,,,,D,D,D,C
043150,바텍,,,,,D,D,D,D
323990,박셀바이오,,,,,C,D,D,B
035150,백산,,,,,C,C,C,C
002410,범양건영,,,,,D,D,C,D
002760,보락,,,,,D,D,D,C
310210,보로노이,,,,,D,D,D,C
000890,보해양조,,,,,D,D,D,C
003000,부광약품,,,,,B+,B,A+,B+
001270,부국증권,,,,,C,D,B,C
026940,부국철강,,,,,D,D,D,D
011390,부산산업,,,,,D,C,D,D
005280,부산은행,,,,,등급없음,등급없음,등급없음,B+
002070,비비안,,,,,D,D,D,D
100220,비상교육,,,,,B,D,B,B
837726,비씨카드,,,,,등급없음,등급없음,등급없음,B
878437,비엠더블유파이낸셜서비스코리아,,,,,등급없음,등급없음,등급없음,C
143240,사람인,,,,,C,D,C,C
003960,사조대림,,,,,A,A,A,B+
008040,사조동아원,,,,,B,B+,A,C
007160,사조산업,,,,,B+,B+,B+,B+
014710,사조씨푸드,,,,,B,C,B+,B
006090,사조오양,,,,,B,B+,A,C
008270,산은캐피탈,,,,,등급없음,등급없음,등급없음,B
005610,삼립,,,,,B,B,C,B
001470,삼부토건,,,,,D,C,C,D
028050,삼성E&A,,,,,A,A,A,A
006400,삼성SDI,,,,,A+,A+,A+,A
006660,삼성공조,,,,,D,D,C,C
032830,삼성생명,,,,,A,A,A+,B+
001360,삼성제약,,,,,D,D,D,D
016360,삼성증권,,,,,A,A+,A,B+
068290,삼성출판사,,,,,C,D,D,B+
029780,삼성카드,,,,,A,A+,A+,A
000810,삼성화재해상보험,,,,,B+,A,A,B+
000070,삼양홀딩스,,,,,A,A,A+,B+
002810,삼영무역,,,,,C,D,D,B+
005680,삼영전자공업,,,,,C,C,D,C
004380,삼익THK,,,,,C,C,C,B
002450,삼익악기,,,,,D,D,D,D
004440,삼일씨엔에스,,,,,C,C,D,C
000520,삼일제약,,,,,C,D,C,B
005500,삼진제약,,,,,B,C,B,B+
000250,삼천당제약,,,,,D,C,D,D
010960,삼호개발,,,,,B+,B+,A,B+
009470,삼화전기,,,,,D,C,C,D
011230,삼화전자공업,,,,,D,D,D,D
001820,삼화콘덴서공업,,,,,C,C,C,C
001290,상상인증권,,,,,C,D,C,C
041650,상신브레이크,,,,,C,C,C,C
089980,상아프론테크,,,,,B,B+,B+,C
007540,샘표,,,,,C,C,B+,C
248170,샘표식품,,,,,C,C,B+,D
006730,서부T&D,,,,,D,C,D,D
007860,서연,,,,,B+,B+,A,B+
200880,서연이화,,,,,B+,B+,A,B+
017390,서울도시가스,,,,,C,C,C,C
046890,서울반도체,,,,,C,C,D,C
813002,서울보증보험,,,,,등급없음,등급없음,등급없음,B
004410,서울식품공업,,,,,D,C,D,D
178320,서진시스템,,,,,D,C,C,D
007610,선도전기,,,,,D,C,C,D
136490,선진,,,,,A,B,A,A
014910,성문전자,,,,,D,C,D,D
015750,성우하이텍,,,,,C,B,A,D
000180,성창기업지주,,,,,D,C,D,D
002420,세기상사,,,,,C,D,D,B
003030,세아제강지주,,,,,B+,B+,B+,B+
058650,세아홀딩스,,,,,B+,A,A,B+
013000,세우글로벌,,,,,D,D,D,D
091090,세원이앤씨,,,,,D,D,D,D
021820,세원정공,,,,,C,C,C,C
067830,세이브존I&C,,,,,D,D,D,C
075580,세진중공업,,,,,C,C,D,C
108860,셀바스AI,,,,,D,D,D,D
336370,솔루스첨단소재,,,,,B+,B,B+,B+
248070,솔루엠,,,,,B+,B+,B+,B
036830,솔브레인홀딩스,,,,,B+,B+,A+,B
017550,수산세보틱스,,,,,D,C,D,D
126720,수산인더스트리,,,,,C,C,D,C
253450,스튜디오드래곤,,,,,A,A+,A,B+
026890,스틱인베스트먼트,,,,,B+,B+,A,B
134790,시디즈,,,,,D,C,D,D
000480,시알홀딩스,,,,,C,C,B,C
029530,신도리코,,,,,D,C,D,D
004970,신라교역,,,,,D,D,D,C
215600,신라젠,,,,,D,D,D,C
065350,신성델타테크,,,,,C,C,D,B
011930,신성이엔지,,,,,C,C,C,C
005390,신성통상,,,,,D,D,D,D
035510,신세계I&C,,,,,A,A,A+,A
034300,신세계건설,,,,,B+,B+,B+,B+
031430,신세계인터내셔날,,,,,A,A,A,A
031440,신세계푸드,,,,,A,A,A+,A
006880,신송홀딩스,,,,,D,D,D,D
005800,신영와코루,,,,,D,D,D,D
001720,신영증권,,,,,B+,B+,A,B+
009270,신원,,,,,B+,B,A,B+
002700,신일전자,,,,,D,D,D,C
002870,신풍,,,,,D,D,D,C
019170,신풍제약,,,,,C,C,B+,D
828992,신한라이프생명보험,,,,,등급없음,등급없음,등급없음,A
000010,신한은행,,,,,등급없음,등급없음,등급없음,B+
055550,신한지주,,,,,A+,A+,A,A+
032710,신한카드,,,,,등급없음,등급없음,등급없음,A
811323,신한캐피탈,,,,,등급없음,등급없음,등급없음,A
008670,신한투자증권,,,,,등급없음,등급없음,등급없음,A
004080,신흥,,,,,D,D,D,D
102280,쌍방울,,,,,D,D,D,D
000000,,,,,,,,,
004770,써니전자,,,,,D,C,D,D
403550,쏘카,,,,,C,D,D,B
222080,씨아이에스,,,,,C,C,C,C
004920,씨아이테크,,,,,D,D,D,D
112610,씨에스윈드,,,,,A,A,B+,A
096530,씨젠,,,,,B+,B,A,B+
308170,씨티알모빌리티,,,,,B,B,C,B
025980,아난티,,,,,C,B,B,D
008700,아남전자,,,,,D,D,D,C
090430,아모레퍼시픽,,,,,A,A,A+,A
002790,아모레퍼시픽홀딩스,,,,,A+,A,A+,A+
002030,아세아,,,,,A,A,A,A
012170,아센디오,,,,,D,D,D,D
267850,아시아나IDT,,,,,B,C,B+,B
122900,아이마켓코리아,,,,,B,C,B+,B
829322,아이비케이연금보험,,,,,등급없음,등급없음,등급없음,B
828519,아이비케이캐피탈,,,,,등급없음,등급없음,등급없음,B
809467,아이비케이투자증권,,,,,등급없음,등급없음,등급없음,B
099190,아이센스,,,,,B,C,B+,B+
010780,아이에스동서,,,,,C,B,B+,C
003560,아이에이치큐,,,,,D,D,C,D
005270,아이엠뱅크,,,,,등급없음,등급없음,등급없음,B+
084850,아이티엠반도체,,,,,B+,B+,A,B
027360,아주IB투자,,,,,B,C,A,B
009320,아진전자부품,,,,,D,D,D,D
053800,안랩,,,,,A,B+,A+,B+
001780,알루코,,,,,C,B,B,C
196170,알테오젠,,,,,C,D,C,B
018250,애경산업,,,,,A,A,A+,A
011090,에넥스,,,,,D,C,D,D
137310,에스디바이오센서,,,,,C,C,B,D
101490,에스앤에스텍,,,,,C,D,D,B+
056190,에스에프에이,,,,,C,C,C,B
041510,에스엠,,,,,B+,A,B+,B+
010580,에스엠벡셀,,,,,D,D,D,C
012750,에스원,,,,,B+,B+,A,B+
123700,에스제이엠,,,,,C,C,C,C
025530,에스제이엠홀딩스,,,,,C,C,C,C
326030,에스케이바이오팜,,,,,A,B+,A+,A
052020,에스티큐브,,,,,D,D,D,D
237690,에스티팜,,,,,A,A,A+,B+
058610,에스피지,,,,,D,D,D,C
023960,에쓰씨엔지니어링,,,,,D,C,D,D
140910,에이리츠,,,,,C,D,D,B
078520,에이블씨엔씨,,,,,B+,B,B+,B+
298380,에이비엘바이오,,,,,C,D,D,B+
804337,에이비엘생명보험,,,,,등급없음,등급없음,등급없음,B+
801688,에이아이에이생명보험,,,,,등급없음,등급없음,등급없음,B
015260,에이엔피,,,,,D,C,D,D
007460,에이프로젠,,,,,D,D,D,D
244920,에이플러스에셋,,,,,D,D,D,C
230240,에치에프알,,,,,D,D,D,D
230360,에코마케팅,,,,,C,D,D,B
086520,에코프로,,,,,C,B,B+,D
383310,에코프로에이치엔,,,,,B,B,B,B+
036810,에프에스티,,,,,C,C,D,C
019490,엑시큐어하이트론,,,,,D,C,D,D
806955,엔에이치농협캐피탈,,,,,등급없음,등급없음,등급없음,A
181710,엔에이치엔,,,,,A,A,A+,A
085310,엔케이,,,,,D,D,D,D
182400,엔케이맥스,,,,,D,D,D,D
348370,엔켐,,,,,D,C,C,D
004250,엔피씨,,,,,D,C,C,D
290650,엘앤씨바이오,,,,,C,D,D,B+
010120,엘에스일렉트릭,,,,,A,A,A,A
058970,엠로,,,,,D,D,D,C
097520,엠씨넥스,,,,,B,C,B+,B+
007820,엠엑스로보틱스,,,,,C,D,C,C
014440,영보화학,,,,,D,C,C,D
111770,영원무역,,,,,B+,B+,B+,B+
009970,영원무역홀딩스,,,,,A,B+,B+,A
003520,영진약품,,,,,B+,B+,A,B+
036560,영풍정밀,,,,,B+,B+,A,B+
006740,영풍제지,,,,,D,C,D,D
012160,영흥,,,,,C,C,D,C
002630,오리엔트바이오,,,,,D,D,D,D
001800,오리온홀딩스,,,,,A,A,A,A
010470,오리콤,,,,,B,D,C,B+
039200,오스코텍,,,,,D,D,D,D
005320,온타이드,,,,,D,D,D,D
273060,와이즈버즈,,,,,D,D,D,C
122870,와이지엔터테인먼트,,,,,B,A,C,B+
011690,와이투솔루션,,,,,C,C,C,C
316140,우리금융지주,,,,,A,A+,A,B+
033660,우리금융캐피탈,,,,,등급없음,등급없음,등급없음,B
041190,우리기술투자,,,,,D,D,D,D
000030,우리은행,,,,,등급없음,등급없음,등급없음,B+
010050,우리종합금융,,,,,등급없음,등급없음,등급없음,B+
879070,우리카드,,,,,등급없음,등급없음,등급없음,A
006980,우성,,,,,D,D,C,D
011300,우성머티리얼스,,,,,D,D,D,D
017370,우신시스템,,,,,C,D,D,B
105840,우진,,,,,C,D,C,B
010400,우진아이엔에스,,,,,C,C,C,B
049800,우진플라임,,,,,D,C,D,D
016880,웅진,,,,,B,C,B+,B
095720,웅진씽크빅,,,,,B,B,A+,C
005820,원림,,,,,D,D,D,C
240810,원익IPS,,,,,B,B,A,C
074600,원익QNC,,,,,C,B+,A,D
336570,원텍,,,,,D,D,D,D
010600,웰바이오텍,,,,,D,D,D,D
069080,웹젠,,,,,B,D,C,B+
112040,위메이드,,,,,C,B+,A,C
008600,윌비스,,,,,D,D,C,D
033270,유나이티드,,,,,B+,B,B+,B+
018000,유니슨,,,,,C,C,C,B
011330,유니켐,,,,,D,C,D,D
077500,유니퀘스트,,,,,D,D,D,C
086390,유니테스트,,,,,C,D,C,C
000700,유수홀딩스,,,,,B+,B+,A,B+
003470,유안타증권,,,,,C,C,D,C
072130,유엔젤,,,,,D,D,D,D
000220,유유제약,,,,,C,D,C,C
023410,유진기업,,,,,D,D,D,D
001200,유진증권,,,,,C,B,D,C
084370,유진테크,,,,,C,C,C,C
003460,유화증권,,,,,D,D,D,C
372170,윤성에프앤씨,,,,,C,C,D,C
008250,이건산업,,,,,D,D,D,D
214320,이노션,,,,,A,A,A+,B+
053350,이니텍,,,,,B,C,C,B+
015020,이스타코,,,,,D,D,D,D
093230,이아이디,,,,,D,D,D,D
074610,이엔플러스,,,,,D,C,D,D
091120,이엠텍,,,,,D,D,D,C
102460,이연제약,,,,,C,D,D,B+
039030,이오테크닉스,,,,,D,C,D,D
294090,이오플로우,,,,,C,D,C,B
084680,이월드,,,,,D,D,D,D
000760,이화산업,,,,,D,C,D,D
014990,인디에프,,,,,D,D,D,C
101140,인바이오젠,,,,,D,D,D,D
060150,인선이엔티,,,,,C,C,C,C
006490,인스코비,,,,,D,D,D,D
023800,인지컨트롤스,,,,,C,C,C,C
034590,인천도시가스,,,,,B,D,B,B+
216050,인크로스,,,,,B,D,C,B+
049070,인탑스,,,,,B,C,B+,B
189300,인텔리안테크,,,,,C,B,B,C
023810,인팩,,,,,C,C,D,C
249420,일동제약,,,,,A,A,A,B+
000230,일동홀딩스,,,,,B+,A,A,B+
013360,일성건설,,,,,D,C,D,D
003120,일성아이에스,,,,,D,D,D,C
007110,일신석재,,,,,D,D,D,D
007570,일양약품,,,,,C,D,C,B+
008500,일정실업,,,,,D,D,D,D
081000,일진다이아,,,,,D,D,D,C
020760,일진디스플,,,,,C,C,D,B
103590,일진전기,,,,,D,C,C,D
271940,일진하이솔루스,,,,,C,C,C,C
015860,일진홀딩스,,,,,B,C,C,B+
226320,잇츠한불,,,,,C,C,C,B
317400,자이에스앤디,,,,,B,C,B+,B
033240,자화전자,,,,,C,C,D,C
006350,전북은행,,,,,등급없음,등급없음,등급없음,B+
095700,제넥신,,,,,C,D,C,B
818905,제이비우리캐피탈,,,,,등급없음,등급없음,등급없음,B+
287410,제이시스메디칼,,,,,C,D,D,B
204270,제이앤티씨,,,,,C,C,D,C
194370,제이에스코퍼레이션,,,,,C,D,D,B+
025620,제이준코스메틱,,,,,D,D,D,D
030000,제일기획,,,,,A,A,A+,A
271980,제일약품,,,,,C,C,B+,D
001560,제일연마,,,,,C,C,D,B+
002620,제일파마홀딩스,,,,,C,C,B+,C
006220,제주은행,,,,,A,A,A,A
082270,젬백스,,,,,D,C,C,D
004910,조광페인트,,,,,B+,B+,A,B
004700,조광피혁,,,,,C,D,D,B
001550,조비,,,,,D,D,D,D
120030,조선선재,,,,,D,D,D,C
001630,종근당홀딩스,,,,,A,A,A,A
109070,주성코퍼레이션,,,,,D,C,D,D
044380,주연테크,,,,,D,D,D,D
013890,지누스,,,,,A,A,A+,A
144510,지씨셀,,,,,B+,B+,A,B
013870,지엠비코리아,,,,,D,D,C,D
071320,지역난방공사,,,,,A+,A+,A+,A
088790,진도,,,,,D,D,D,D
003780,진양산업,,,,,D,D,D,D
010640,진양폴리우레탄,,,,,D,D,D,D
100250,진양홀딩스,,,,,D,D,D,D
051630,진양화학,,,,,D,C,C,D
011000,진원생명과학,,,,,D,D,D,D
002780,진흥기업,,,,,C,D,C,B
085660,차바이오텍,,,,,C,D,C,C
009310,참엔지니어링,,,,,D,D,D,C
278280,천보,,,,,C,C,D,C
012600,청호ICT,,,,,D,D,D,D
033250,체시스,,,,,D,C,D,D
035720,카카오,,,,,A,A+,A,B+
293490,카카오게임즈,,,,,A,A,A+,A
323410,카카오뱅크,,,,,A,A,A,A
377300,카카오페이,,,,,B+,A,B+,B+
119860,커넥트웨이브,,,,,C,D,C,C
078340,컴투스,,,,,A,A,A+,B+
214370,케어젠,,,,,B,C,C,B+
807958,케이디비생명보험,,,,,등급없음,등급없음,등급없음,B
800172,케이뱅크은행,,,,,등급없음,등급없음,등급없음,B+
861717,케이비국민카드,,,,,등급없음,등급없음,등급없음,A
001620,케이비아이동국실업,,,,,D,D,D,D
003450,케이비증권,,,,,등급없음,등급없음,등급없음,B+
021960,케이비캐피탈,,,,,등급없음,등급없음,등급없음,B+
002380,케이씨씨,,,,,B+,B+,A,B+
344820,케이씨씨글라스,,,,,A,A,A+,B+
281820,케이씨텍,,,,,C,C,C,B
009070,케이씨티시,,,,,D,C,D,D
105330,케이엔더블유,,,,,C,C,C,C
032500,케이엠더블유,,,,,C,C,D,C
381970,케이카,,,,,B,C,B,B
145270,케이탑리츠,,,,,D,D,D,D
030200,케이티,,,,,A+,A,A+,A+
053210,케이티스카이라이프,,,,,B+,B+,A,B+
036030,케이티알파,,,,,B+,B+,A,B+
033780,케이티앤지,,,,,A,A,A+,A
190650,코리아에셋투자증권,,,,,C,D,B,C
003690,코리안리,,,,,A,A,A+,A
183300,코미코,,,,,B,A,B,C
041960,코미팜,,,,,C,C,D,C
192820,코스맥스,,,,,B+,A,A+,B
044820,코스맥스비티아이,,,,,B,A,A+,C
071950,코아스,,,,,C,C,D,B
002020,코오롱,,,,,B+,B+,A,B
138490,코오롱ENP,,,,,B,B+,C,B+
003070,코오롱글로벌,,,,,B+,B,A,B+
102940,코오롱생명과학,,,,,C,D,C,B+
120110,코오롱인더,,,,,A,B+,A+,B+
021240,코웨이,,,,,A,B+,A+,B+
033290,코웰패션,,,,,C,C,D,C
036420,콘텐트리중앙,,,,,D,C,D,D
200130,콜마비앤에이치,,,,,A,B+,A,A
024720,콜마홀딩스,,,,,A,A,A+,A
031820,콤텍시스템,,,,,C,B+,B+,D
192400,쿠쿠홀딩스,,,,,C,D,C,B
284740,쿠쿠홈시스,,,,,C,D,C,B
060280,큐렉소,,,,,D,D,D,D
016600,큐캐피탈,,,,,D,D,D,D
264900,크라운제과,,,,,C,C,C,B
005740,크라운해태홀딩스,,,,,C,C,C,C
259960,크래프톤,,,,,B+,C,A,A
214150,클래시스,,,,,A+,A,A+,A+
020120,키다리스튜디오,,,,,D,D,D,D
039490,키움증권,,,,,B+,B,A,B+
054780,키이스트,,,,,D,D,D,D
360070,탑머티리얼,,,,,C,D,D,B
006890,태경케미컬,,,,,D,D,C,D
011280,태림포장,,,,,B,B+,A+,C
004100,태양금속공업,,,,,C,C,D,C
001420,태원물산,,,,,D,D,D,D
095610,테스,,,,,B+,B,B+,B+
055490,테이팩스,,,,,B+,B+,A,B+
078000,텔코웨어,,,,,C,D,D,B+
214420,토니모리,,,,,C,D,D,B
801671,토스뱅크,,,,,등급없음,등급없음,등급없음,B+
084870,티비에이치글로벌,,,,,C,D,D,B
131290,티에스이,,,,,D,D,D,C
019180,티에이치엔,,,,,D,C,C,D
363280,티와이홀딩스,,,,,C,B+,B+,D
004870,티웨이홀딩스,,,,,D,D,D,D
069260,티케이지휴켐스,,,,,B+,B+,A,B
034230,파라다이스,,,,,D,D,D,C
214450,파마리서치,,,,,B,D,B+,B+
005690,파미셀,,,,,D,D,D,C
140860,파크시스템스,,,,,C,C,D,B
091700,파트론,,,,,D,C,D,D
036580,팜스코,,,,,B+,B,B+,B+
004720,팜젠사이언스,,,,,C,C,B,D
028670,팬오션,,,,,A,A,A+,A
010820,퍼스텍,,,,,D,C,C,D
016800,퍼시스,,,,,C,B,C,C
263750,펄어비스,,,,,B+,B+,A+,B
010770,평화홀딩스,,,,,B,B,B,B
022100,포스코DX,,,,,A,A,A+,B+
009520,포스코엠텍,,,,,A,A,A+,A
860086,푸본현대생명보험,,,,,등급없음,등급없음,등급없음,B+
017810,풀무원,,,,,A,A,A+,A
005810,풍산홀딩스,,,,,B+,B,B,B+
053610,프로텍,,,,,C,C,D,C
009810,플레이그램,,,,,D,D,D,D
237820,플레이디,,,,,B+,B+,B+,B+
019570,플루토스,,,,,D,D,D,D
319660,피에스케이,,,,,B,C,B,B
137400,피엔티,,,,,D,D,D,C
086790,하나금융지주,,,,,A,A+,A+,A
299030,하나기술,,,,,C,C,D,B
800845,하나생명보험,,,,,등급없음,등급없음,등급없음,B
004940,하나은행,,,,,등급없음,등급없음,등급없음,B+
293480,하나제약,,,,,D,D,D,C
805992,하나증권,,,,,등급없음,등급없음,등급없음,B
856659,하나카드,,,,,등급없음,등급없음,등급없음,B+
809337,하나캐피탈,,,,,등급없음,등급없음,등급없음,B
039130,하나투어,,,,,A,A,A,A
003380,하림지주,,,,,B+,A,A,B+
101670,하이드로리튬,,,,,D,D,D,D
352820,하이브,,,,,B+,B,A,B+
071090,하이스틸,,,,,C,C,C,C
814270,하이투자증권,,,,,등급없음,등급없음,등급없음,B+
000140,하이트진로홀딩스,,,,,B+,A,A,B
005430,한국공항,,,,,A,A,A,B+
071050,한국금융지주,,,,,B+,B+,B+,B+
010040,한국내화,,,,,B+,B+,A,B
025540,한국단자공업,,,,,C,C,C,C
004090,한국석유공업,,,,,B+,B+,B+,A
002200,한국수출포장공업,,,,,C,C,D,C
002960,한국쉘석유,,,,,D,D,D,C
000110,한국스탠다드차타드은행,,,,,등급없음,등급없음,등급없음,A+
016830,한국씨티은행,,,,,등급없음,등급없음,등급없음,B+
123890,한국자산신탁,,,,,C,C,D,C
015760,한국전력공사,,,,,B,C,D,A
006200,한국전자홀딩스,,,,,D,C,D,D
053300,한국정보인증,,,,,D,D,C,D
025770,한국정보통신,,,,,C,D,D,B
023350,한국종합기술,,,,,B,C,B,B+
025890,한국주강,,,,,D,D,D,D
000970,한국주철관공업,,,,,D,C,D,D
017960,한국카본,,,,,C,B+,B+,D
023760,한국캐피탈,,,,,C,D,D,B
161890,한국콜마,,,,,A,A,A+,A
034830,한국토지신탁,,,,,D,D,C,D
804504,한국투자증권,,,,,등급없음,등급없음,등급없음,C
833339,한국투자캐피탈,,,,,등급없음,등급없음,등급없음,B
047810,한국항공우주,,,,,A,A,A,B+
123690,한국화장품,,,,,D,D,D,D
003350,한국화장품제조,,,,,D,D,C,D
030520,한글과컴퓨터,,,,,D,D,D,C
011500,한농화성,,,,,D,C,D,D
002390,한독,,,,,A,A,A+,B+
053690,한미글로벌,,,,,B+,A,A,B+
042700,한미반도체,,,,,D,D,D,D
008930,한미사이언스,,,,,B+,B+,A,B+
009240,한샘,,,,,A,B+,A,A
020000,한섬,,,,,A,A,A+,A
003680,한성기업,,,,,C,B,B+,D
105630,한세실업,,,,,A,B+,A,A
069640,한세엠케이,,,,,B+,B+,B+,B+
016450,한세예스24홀딩스,,,,,A,B+,A,A
009180,한솔로지스틱스,,,,,B+,C,B+,A
114810,한솔아이원스,,,,,B+,B,B+,B+
070590,한솔인티큐브,,,,,B+,C,B+,A
004710,한솔테크닉스,,,,,B+,B+,B+,B+
010420,한솔피엔에스,,,,,B+,B,B,A
004150,한솔홀딩스,,,,,A,B+,A,A
004960,한신공영,,,,,D,C,C,D
011700,한신기계공업,,,,,C,C,C,C
001750,한양증권,,,,,C,D,C,C
009420,한올바이오파마,,,,,C,D,D,B+
002220,한일철강,,,,,D,D,D,D
006390,한일현대시멘트,,,,,A,A,A,B+
003300,한일홀딩스,,,,,A,A,A+,B+
051600,한전KPS,,,,,A,A+,A,B+
052690,한전기술,,,,,A,A,A+,B+
130660,한전산업,,,,,C,C,C,C
003480,한진중공업홀딩스,,,,,C,D,C,B+
180640,한진칼,,,,,A,B+,A,A
005110,한창,,,,,D,D,D,D
372910,한컴라이프케어,,,,,D,C,C,D
088350,한화생명,,,,,A,A,A+,B+
000370,한화손해보험,,,,,A,A,A+,B+
272210,한화시스템,,,,,A,A,A+,A
003530,한화투자증권,,,,,A,A,A+,B+
101530,해태제과식품,,,,,D,D,C,D
079430,현대리바트,,,,,A,A,A+,A
048410,현대바이오,,,,,D,D,D,D
052260,현대바이오랜드,,,,,A,A,A+,A
016790,현대사료,,,,,D,D,D,D
004310,현대약품,,,,,C,C,C,C
041440,현대에버다임,,,,,A,B+,A,A
017800,현대엘리베이터,,,,,A,A,A+,B+
090850,현대이지웰,,,,,A+,A+,A+,A+
005380,현대자동차,,,,,A,A+,B+,A
005440,현대지에프홀딩스,,,,,A,A+,A+,A
001500,현대차증권,,,,,B+,A,A,B+
815419,현대카드,,,,,등급없음,등급없음,등급없음,A
836248,현대캐피탈,,,,,등급없음,등급없음,등급없음,A
888975,현대커머셜,,,,,등급없음,등급없음,등급없음,A
011760,현대코퍼레이션,,,,,B+,B+,B+,B+
227840,현대코퍼레이션홀딩스,,,,,B+,B,B+,B+
126560,현대퓨처넷,,,,,A,A+,A+,A
001450,현대해상,,,,,A,A,A+,A
057050,현대홈쇼핑,,,,,A+,A,A+,A+
093240,형지엘리트,,,,,D,D,D,D
003010,혜인,,,,,D,D,D,D
111110,호전실업,,,,,C,D,D,B+
241590,화승엔터프라이즈,,,,,B+,B+,A,B+
006060,화승인더스트리,,,,,B+,B+,A,B+
013520,화승코퍼레이션,,,,,B+,B+,B+,B+
010690,화신,,,,,B+,B+,A,B
010660,화천기계,,,,,C,D,C,C
000850,화천기공,,,,,C,D,C,C
016580,환인제약,,,,,C,D,C,B+
032560,황금에스티,,,,,C,D,D,B+
094280,효성ITX,,,,,A,A,A+,A
005870,휴니드테크놀러지스,,,,,C,C,D,C
243070,휴온스,,,,,A,A,A,B+
145020,휴젤,,,,,C,C,C,B
818586,흥국생명보험,,,,,등급없음,등급없음,등급없음,B
000540,흥국화재,,,,,B+,C,B+,B+
003280,흥아해운,,,,,B,B,B+,B
