종목코드=기업코드,법인명=종목명=기업명,지정구분,지정업종(목표)/계획업종(할당),업종명,온실가스 배출량(tCO₂eq),에너지 사용량(TJ),시장구분,시가총액,ESG등급,환경,사회,지배구조,비고
095570,AJ네트웍스,,,일반서비스,,,KOSPI,,B+,C,A,B+,
006840,AK홀딩스,,,기타금융,,,KOSPI,,A,A,A+,B+,
027410,BGF,,,기타금융,,,KOSPI,,A,A,A+,B+,
282330,BGF리테일,,,유통,,,KOSPI,,A,A,A+,A,
126600,BGF에코머티리얼즈,,,화학,,,KOSDAQ,,B,B,B,B,
138930,BNK금융지주,,,기타금융,,,KOSPI,,A,A+,A+,A,
801190,BNK캐피탈,,,,,,,,등급없음,등급없음,등급없음,B,
001460,BYC,,,섬유·의류,,,KOSPI,,D,D,D,C,
001040,CJ,,,기타금융,,,KOSPI,,A,A,A+,A,
079160,CJ CGV,업체,건물,오락·문화,"69,504","1,397",KOSPI,,A,A+,A+,A,
035760,CJ ENM,,,오락·문화,,,KOSDAQ,,A,B+,A+,B+,
311690,CJ 바이오사이언스,,,일반서비스,,,KOSDAQ,,B+,C,B+,B+,
000120,CJ대한통운,업체,도로 화물 운송업,운송·창고,"228,750","4,077",KOSPI,2.15805E+12,A,A,A+,B+,
011150,CJ씨푸드,,,음식료·담배,,,KOSPI,,B+,A,A,B,
097950,CJ제일제당,업체,"곡물 가공품, 전분 및 전분제품 제조업",음식료·담배,"421,213","9,704",KOSPI,3.13127E+12,A,A,A,B+,
051500,CJ프레시웨이,,,유통,,,KOSDAQ,,A,A,A,B+,
000590,CS홀딩스,,,기타금융,,,KOSPI,,C,D,D,B,
012030,DB,,,IT 서비스,,,KOSPI,,C,D,B,C,
818158,DB생명보험,,,,,,,,등급없음,등급없음,등급없음,B+,
005830,DB손해보험,,,보험,,,KOSPI,,B+,A,A,B+,
016610,DB증권,,,증권,,,KOSPI,,B,C,C,B+,
000990,DB하이텍,업체,반도체 제조업,전기·전자,"278,302","4,069",KOSPI,,C,B+,A,D,
813363,DGB생명보험,,,,,,,,등급없음,등급없음,등급없음,B+,
000210,DL,업체,합성고무 및 플라스틱 물질 제조업,화학,39,0,KOSPI,,A,A,A+,A,
375500,DL이앤씨,업체,건설,건설,"53,238","1,015",KOSPI,,A,A,A+,A,
007340,DN오토모티브,사업장,전기전자,전기·전자,"21,476",447,KOSPI,,C,C,C,C,
004840,DRB동일,,,화학,,,KOSPI,,B+,B+,A,B+,
155660,DSR,,,금속,,,KOSPI,,C,C,C,C,
069730,DSR제강,,,금속,,,KOSPI,,C,D,D,B,
017940,E1,,,유통,,,KOSPI,,A,A,A+,B+,
383220,F&F,,,섬유·의류,,,KOSPI,,A,A+,A+,B,
007700,F&F 홀딩스,,,기타금융,,,KOSPI,,A,A+,A+,A,
114090,GKL,,,오락·문화,,,KOSPI,,A,A+,A,A,
078930,GS,,,기타금융,,,KOSPI,,B+,B+,A,B+,
006360,GS건설,업체,건설,건설,"116,706","2,166",KOSPI,1.68596E+12,A,A,A+,B+,
,GS구미열병합발전,업체,"증기, 냉ㆍ온수 및 공기 조절 공급업",,"1,074,616","12,266",,,,,,,
001250,GS글로벌,,,유통,,,KOSPI,,B+,B+,A,B+,
007070,GS리테일,업체,건물,유통,"52,444","1,081",KOSPI,,A+,A+,A+,A,
,GS반월열병합발전,업체,"증기, 냉ㆍ온수 및 공기 조절 공급업",,"879,990","10,283",,,,,,,
,GS파워,업체,"증기, 냉ㆍ온수 및 공기 조절 공급업",,"2,696,279","52,465",,,,,,,
012630,HDC,,,기타금융,,,KOSPI,,C,A,A+,D,
039570,HDC랩스,,,건설,,,KOSPI,,B,C,A,B,
089470,HDC현대EP,,,화학,,,KOSPI,,B+,B+,A,B+,
009540,HD한국조선해양,,,기타금융,,,KOSPI,,A,A,A+,A,
267250,HD현대,,,기타금융,,,KOSPI,,A,B+,A+,A,
267270,HD현대건설기계,,,기계·장비,,,KOSPI,,A,A,A+,A,
071970,HD현대마린엔진,,,기계·장비,,,KOSPI,,C,C,C,C,
010620,HD현대미포,업체,선박 및 보트 건조업,,"166,913","3,009",,,A,A,A+,A,
322000,HD현대에너지솔루션,사업장,반도체 제조업,전기·전자,"19,982",401,KOSPI,,A,B+,A,A,
042670,HD현대인프라코어,사업장,특수 목적용 기계 제조업,기계·장비,"87,657","1,700",KOSPI,,A+,A+,A+,A,
267260,HD현대일렉트릭,사업장,"전동기, 발전기 및 전기 변환ㆍ공급ㆍ제어 장치 제조업",전기·전자,"38,225",785,KOSPI,,A+,A+,A+,A,
329180,HD현대중공업,업체,선박 및 보트 건조업,운송장비·부품,"671,156","11,630",KOSPI,,A,A,A+,B+,
097230,HJ중공업,,,건설,,,KOSPI,,A,A,A+,B+,
195940,HK이노엔,사업장,석유화학,제약,"17,964",369,KOSDAQ,,A+,A,A+,A+,
014790,HL D&I,,,건설,,,KOSPI,,A+,A+,A+,A,
028300,HLB,,,제약,,,KOSDAQ,,B+,B+,B+,B,
003580,HLB글로벌,,,유통,,,KOSPI,,D,D,D,D,
067630,HLB생명과학,,,제약,,,KOSDAQ,,C,D,C,C,
204320,HL만도,사업장,자동차 신품 부품 제조업,운송장비·부품,"68,160","1,425",KOSPI,,A,A,A+,A,
060980,HL홀딩스,,,기타금융,,,KOSPI,,A,A,A+,A,
011200,HMM,,,운송·창고,,,KOSPI,,A,A,A+,A,
403870,HPSP,,,기계·장비,,,KOSDAQ,,C,C,D,C,
035000,HS애드,,,일반서비스,,,KOSPI,,B,C,D,A,
002460,HS화성,,,건설,,,KOSPI,,C,C,C,B+,
298050,HS효성첨단소재,업체,화학섬유 제조업,화학,"186,927","4,152",KOSPI,,A,A,A+,B+,
139130,iM금융지주,,,기타금융,,,KOSPI,,A,A+,A,A,
015360,INVENI,,,일반서비스,,,KOSPI,,B,C,B,B+,
294870,IPARK현대산업개발,,,건설,,,KOSPI,,A,A,A+,A,
095340,ISC,,,유통,,,KOSDAQ,,B,C,B+,B,
175330,JB금융지주,,,기타금융,,,KOSPI,,A,A+,A,A,
204210,JK리버스톤리츠,,,부동산,,,KOSPI,,D,D,D,D,
234080,JW생명과학,사업장,의약품 제조업,제약,"28,248",577,KOSPI,2.03474E+11,B+,B+,A,B,
001060,JW중외제약,,,제약,,,KOSPI,,B+,B+,A,B+,
096760,JW홀딩스,,,기타금융,,,KOSPI,,B+,B+,A,B+,
035900,JYP Ent.,,,오락·문화,,,KOSDAQ,,B,A,A+,C,
105560,KB금융,,,기타금융,,,KOSPI,,A,A+,A+,A,
839185,KB라이프생명보험,,,,,,,,등급없음,등급없음,등급없음,A,
002550,KB손해보험,,,,,,,,등급없음,등급없음,등급없음,A,
021320,KCC건설,,,건설,,,KOSDAQ,,C,C,D,B,
036670,KCI,,,화학,,,KOSDAQ,,A,A,A,B+,
009440,KC그린홀딩스,,,기타금융,,,KOSPI,,B,B,B,B,
119650,KC코트렐,,,기계·장비,,,KOSPI,,C,B,B,C,
092220,KEC,사업장,반도체 제조업,전기·전자,"35,594",648,KOSPI,,C,C,D,C,
003620,KG모빌리티,업체,자동차용 엔진 및 자동차 제조업,운송장비·부품,"117,223","2,368",KOSPI,,C,C,D,C,
016380,KG스틸,업체,1차 철강 제조업,금속,"404,489","8,639",KOSPI,,B,B+,A,C,
151860,KG에코솔루션,업체,폐기물 처리업,운송장비·부품,"1,562",28,KOSDAQ,,D,C,D,D,
035600,KG이니시스,,,IT 서비스,,,KOSDAQ,,C,C,B+,D,
001390,KG케미칼,사업장,"비료, 농약 및 살균ㆍ살충제 제조업",화학,"37,313",457,KOSPI,,C,B+,B,C,
046440,KG파이낸셜,,,IT 서비스,,,KOSDAQ,,C,C,A,C,
033180,KH 필룩스,,,전기·전자,,,KOSPI,,D,C,D,D,
060720,KH바텍,,,전기·전자,,,KOSDAQ,,A,A,A+,A,
015590,KIB플러그에너지,,,기계·장비,,,KOSPI,,D,C,D,D,
001940,KISCO홀딩스,,,금속,,,KOSPI,,D,C,D,D,
025000,KPX케미칼,사업장,석유화학,화학,"24,270",770,KOSPI,2.04486E+11,D,C,D,D,
092230,KPX홀딩스,,,화학,,,KOSPI,,D,C,D,D,
000040,KR모터스,,,운송장비·부품,,,KOSPI,,D,D,D,D,
044450,KSS해운,,,운송·창고,,,KOSPI,,B+,B+,A,B+,
058850,KTcs,,,IT 서비스,,,KOSPI,,A,A,A+,A,
058860,KTis,,,IT 서비스,,,KOSPI,,B+,A,B+,B+,
043610,KT지니뮤직,,,오락·문화,,,KOSDAQ,,C,D,C,C,
061970,LB세미콘,사업장,반도체 제조업,전기·전자,"48,250","1,442",KOSDAQ,2.52371E+11,C,B+,A,D,
093050,LF,,,섬유·의류,,,KOSPI,,B+,B+,B+,B+,
003550,LG,,,기타금융,,,KOSPI,,A,A,A+,B+,
034220,LG디스플레이,업체,전자 부품 제조업,전기·전자,"3,671,012","53,590",KOSPI,,B+,B+,A,B+,
051900,LG생활건강,사업장,석유화학,화학,"47,246","1,041",KOSPI,,A,B+,A+,A,
373220,LG에너지솔루션,업체,일차전지 및 축전지 제조업,전기·전자,"408,140","8,860",KOSPI,,A,A,A+,B+,
032640,LG유플러스,업체,전기 통신업,통신,"1,418,334","29,633",KOSPI,,A,A,A+,A,
011070,LG이노텍,업체,전자 부품 제조업,전기·전자,"426,341","8,861",KOSPI,,A,A,A+,A,
066570,LG전자,업체,반도체 제조업,전기·전자,"257,475","5,469",KOSPI,,A,A,A+,B+,
037560,LG헬로비전,,,오락·문화,,,KOSPI,,A,A,A+,A,
051910,LG화학,업체,기초 화학물질 제조업,화학,"8,351,819","162,537",KOSPI,,B+,B+,A,B+,
079550,LIG디펜스앤에어로스페이스,,,금속,,,KOSPI,,A,A,A+,A,
006260,LS,,,기타금융,,,KOSPI,,A,A,A,A,
000680,LS네트웍스,,,유통,,,KOSPI,,B+,B,A,B+,
060370,LS마린솔루션,,,건설,,,KOSDAQ,,C,C,C,B,
229640,LS에코에너지,,,기타금융,,,KOSPI,,C,D,C,B,
078020,LS증권,,,금융,,,KOSDAQ,,C,D,D,B,
108320,LX세미콘,,,전기·전자,,,KOSPI,,B+,B+,A,B+,
,LX엠엠에이,업체,기초 화학물질 제조업,,"327,127","2,974",,,,,,,
001120,LX인터내셔널,,,유통,,,KOSPI,,A,B+,A+,B+,
108670,LX하우시스,업체,플라스틱 제품 제조업,화학,"113,467","2,180",KOSPI,,A,A,A,B+,
383800,LX홀딩스,,,기타금융,,,KOSPI,,B+,A,A,B+,
023150,MH에탄올,,,음식료·담배,,,KOSPI,,D,D,D,C,
,MSC,사업장,기타 식품 제조업,,"29,704",596,,,,,,,
035420,NAVER,사업장,"자료 처리, 호스팅, 포털 및 기타 인터넷 정보 매개 서비스업",IT 서비스,"121,187","2,531",KOSPI,,A,A,A+,A,
036570,NC,,,IT 서비스,,,KOSPI,,A,B+,A+,A,
,NC양산(주),사업장,폐기물 처리업,,"32,957",24,,,,,,,
,NC울산(주),사업장,폐기물 처리업,,"71,888",40,,,,,,,
060250,NHN KCP,,,금융,,,KOSDAQ,,B,B,B,B,
054050,NH농우바이오,,,"농업, 임업 및 어업",,,KOSDAQ,,C,D,D,B,
839719,NH농협손해보험,,,,,,,,등급없음,등급없음,등급없음,A,
005940,NH투자증권,,,증권,,,KOSPI,,B+,B+,A,B+,
034310,NICE,,,일반서비스,,,KOSPI,,B+,B,A,B+,
030190,NICE평가정보,,,IT 서비스,,,KOSPI,,B+,C,B+,B+,
008260,NI스틸,,,금속,,,KOSPI,,D,D,C,D,
,OCI SE 주식회사,업체,"증기, 냉ㆍ온수 및 공기 조절 공급업",,"1,290,550","23,775",,,,,,,
010060,OCI홀딩스,업체,기초 화학물질 제조업,기타금융,"1,140",22,KOSPI,,A,B+,A+,A,
178920,PI첨단소재,사업장,플라스틱 제품 제조업,화학,"106,164","1,867",KOSPI,,B+,B+,A,B+,
001340,PKC,업체,기초 화학물질 제조업,화학,"216,598","4,310",KOSPI,,D,C,D,D,
005490,POSCO홀딩스,업체,1차 철강 제조업,금속,"10,745",222,KOSPI,,A,A,A+,A,
218410,RFHIC,,,전기·전자,,,KOSDAQ,,D,C,D,D,
034120,SBS,,,오락·문화,,,KOSPI,,A,B+,B+,A,
003080,SB성보,,,화학,,,KOSPI,,D,D,C,C,
036540,SFA반도체,사업장,반도체 제조업,전기·전자,"30,280",607,KOSDAQ,,D,C,C,D,
016250,SGC E&C,,,건설,,,KOSDAQ,,C,B,C,C,
005090,SGC에너지,업체,유리 및 유리제품 제조업,전기·가스,"1,780,408","46,581",KOSPI,,B,A,B+,C,
001380,SG글로벌,,,운송장비·부품,,,KOSPI,,D,C,D,D,
004060,SG세계물산,,,유통,,,KOSPI,,D,D,D,C,
001770,SHD,,,금속,,,KOSPI,,D,D,D,C,
002360,SH에너지화학,,,화학,,,KOSPI,,C,C,D,B,
009160,SIMPAC,업체,1차 철강 제조업,금속,"99,791","1,161",KOSPI,3.33691E+11,D,C,C,D,
033530,SJG세종,,,운송장비·부품,,,KOSPI,,D,C,C,D,
034730,SK,업체,"컴퓨터 프로그래밍, 시스템 통합 및 관리업",기타금융,"136,656","2,846",KOSPI,,A,A,A+,A,
,SKbroadband(주),업체,전기 통신업,,"455,962","9,485",,,,,,,
011790,SKC,업체,플라스틱 제품 제조업,화학,"1,437",28,KOSPI,,A,A,A+,A,
018670,SK가스,사업장,발전에너지,유통,"14,853",241,KOSPI,,A,A,A+,A,
001740,SK네트웍스,사업장,건물,유통,"23,447",478,KOSPI,,A+,A,A+,A+,
006120,SK디스커버리,,,기타금융,,,KOSPI,,A,A,A+,A,
210980,SK디앤디,,,부동산,,,KOSPI,,A,A,A+,A,
302440,SK바이오사이언스,사업장,석유화학,제약,"17,352",356,KOSPI,,A,B+,A+,A,
402340,SK스퀘어,,,기타금융,,,KOSPI,,A+,A,A+,A+,
361610,SK아이이테크놀로지,사업장,일차전지 및 축전지 제조업,전기·전자,"75,145","1,540",KOSPI,,A,A,A+,A,
100090,SK오션플랜트,사업장,조선,금속,"18,207",325,KOSPI,,A+,A+,A+,A,
096770,SK이노베이션,업체,일차전지 및 축전지 제조업,화학,"2,364,006","47,046",KOSPI,1.71081E+13,A+,A,A+,A+,
,SK인천석유화학(주),업체,석유 정제품 제조업,,"1,538,765","45,185",,,,,,,
001510,SK증권,,,증권,,,KOSPI,,B+,A,B+,B+,
285130,SK케미칼,업체,합성고무 및 플라스틱 물질 제조업,화학,"222,379","4,056",KOSPI,,A+,A+,A+,A+,
017670,SK텔레콤,업체,전기 통신업,통신,"1,166,518","24,364",KOSPI,,A,A,B+,A,
000660,SK하이닉스,업체,반도체 제조업,전기·전자,"4,848,541","94,903",KOSPI,,B+,A,A+,B,
048550,SM C&C,,,일반서비스,,,KOSDAQ,,D,D,D,D,
063440,SM Life Design,,,출판·매체복제,,,KOSDAQ,,D,D,D,D,
003570,SNT다이내믹스,,,운송장비·부품,,,KOSPI,,C,C,D,C,
064960,SNT모티브,,,운송장비·부품,,,KOSPI,,C,C,C,C,
100840,SNT에너지,,,기계·장비,,,KOSPI,,C,C,D,B,
036530,SNT홀딩스,,,기타금융,,,KOSPI,,B,C,D,B+,
010950,S-Oil,업체,석유 정제품 제조업,화학,"9,632,037","127,577",KOSPI,9.34437E+12,A,B+,A,A,
067160,SOOP,,,IT 서비스,,,KOSDAQ,,B+,B,A,B+,
000390,SP삼화,,,화학,,,KOSPI,,B+,B+,B+,B+,
011810,STX,,,유통,,,KOSPI,,D,D,C,D,
077970,STX엔진,,,기계·장비,,,KOSPI,,D,C,C,D,
002820,SUN&L,사업장,나무제품 제조업,종이·목재,"9,998",271,KOSPI,33222051015,C,C,C,B,
002170,SYTS,,,섬유·의류,,,KOSPI,,C,C,D,B,
002710,TCC스틸,사업장,1차 철강 제조업,금속,"32,724",676,KOSPI,,C,B,A,D,
007980,TP,,,섬유·의류,,,KOSPI,,C,C,C,C,
002900,TYM,,,기계·장비,,,KOSPI,,B+,B+,A,B,
024070,WISCOM,,,화학,,,KOSPI,,C,C,D,C,
,Y&T파워텍(주),사업장,자동차,,"19,258",401,,,,,,,
037270,YG PLUS,,,IT 서비스,,,KOSPI,,D,D,D,D,
000500,가온전선,사업장,전기전자,전기·전자,"8,572",175,KOSPI,1.36315E+12,B,A,A,C,
,강남금융센터(주),사업장,건물,,"17,358",358,,,,,,,
000860,강남제비스코,,,화학,,,KOSPI,,B+,A,B+,B+,
,강남화성(주),사업장,석유화학,,"19,455",314,,,,,,,
198440,강동씨앤엘,업체,"시멘트, 석회, 플라스터 및 그 외 제품 제조업",비금속,"9,576",181,KOSDAQ,66293902848,,,,,
,강릉시,사업장,폐기물 처리업,,"107,713",764,,,,,,,
,강릉에코파워(주),업체,발전에너지,,"2,627,471","32,364",,,,,,,
,강변테크노마트 주식회사,사업장,건물,,"13,404",278,,,,,,,
,강원고속,사업장,육상 여객 운송업,,"16,788",239,,,,,,,
,강원대학교,사업장,건물,,"19,897",411,,,,,,,
035250,강원랜드,사업장,유원지 및 기타 오락관련 서비스업,오락·문화,"79,430","1,602",KOSPI,4.05417E+12,A,A,A,A,
114190,강원에너지,,,전기·전자,,,KOSDAQ,,D,C,D,D,
094480,갤럭시아머니트리,,,IT 서비스,,,KOSDAQ,,C,D,C,B,
011420,갤럭시아에스엠,,,오락·문화,,,KOSPI,,D,D,D,D,
,거제시,사업장,폐기물 처리업,,"60,696",487,,,,,,,
,건화,사업장,선박 및 보트 건조업,,"36,370",655,,,,,,,
,경기고속,업체,육상 여객 운송업,,"115,254","1,851",,,,,,,
,경기그린에너지(주),업체,전기업,,"118,443",0,,,,,,,
,경기도 광주시,업체,수도업,,"59,846",999,,,,,,,
,경기상운,사업장,교통(여객),,"18,284",321,,,,,,,
,경남여객,사업장,육상 여객 운송업,,"41,498",701,,,,,,,
192520,경남은행,,,,,,,,등급없음,등급없음,등급없음,B+,
002100,경농,,,화학,,,KOSPI,,C,C,D,B,
,경동,업체,석탄 광업,,"204,871",383,,,,,,,
009450,경동나비엔,,,전기·전자,,,KOSPI,,A,B+,A+,B+,
267290,경동도시가스,,,전기·가스,,,KOSPI,,B,C,B+,B,
,경동원,사업장,기계,,"8,652",168,,,,,,,
012320,경동인베스트,,,기타금융,,,KOSPI,,B,C,B+,B,
000050,경방,사업장,건물,유통,"18,122",375,KOSPI,2.56607E+11,C,C,D,C,
214390,경보제약,사업장,석유화학,제약,"11,603",278,KOSPI,1.37943E+11,B+,B+,A,B,
,경북고속,사업장,육상 여객 운송업,,"31,288",443,,,,,,,
,경북대학교,사업장,고등 교육기관,,"41,113",864,,,,,,,
,경북대학교병원,사업장,건물,,"20,752",426,,,,,,,
,경산시,사업장,폐기물 처리업,,"74,974",800,,,,,,,
,경산제지 주식회사,사업장,"펄프, 종이 및 판지 제조업",,"107,106",909,,,,,,,
,경상국립대학교,사업장,건물,,"20,967",433,,,,,,,
,경상북도,사업장,폐기물 처리업,,"71,188",426,,,,,,,
,경신전선,사업장,전기전자,,"14,500",300,,,,,,,
,경원여객자동차(주),사업장,육상 여객 운송업,,"15,471",220,,,,,,,소재지 : 경상남도 진주
,경원여객자동차(주),사업장,육상 여객 운송업,,"31,036",572,,,,,,,소재지 : 경기도 안산
012610,경인양행,,,화학,,,KOSPI,,B+,B+,B+,B,
009140,경인전자,,,전기·전자,,,KOSPI,,D,D,D,D,
,경주시,사업장,폐기물 처리업,,"83,421",682,,,,,,,
,경진단조(주),사업장,기계,,"14,386",298,,,,,,,
,경진여객운수(주),사업장,육상 여객 운송업,,"21,107",373,,,,,,,
024910,경창산업(주),사업장,자동차,운송장비·부품,"22,326",465,KOSDAQ,53585231480,,,,,
013580,계룡건설산업,,,건설,,,KOSPI,,B,B+,C,B+,
012200,계양전기,,,기계·장비,,,KOSPI,,D,C,C,D,
,고덕그린에너지(주),사업장,전기업,,"28,909",17,,,,,,,
,고려강선(주),사업장,1차 철강 제조업,,"57,778","1,210",,,,,,,
,고려고속훼리(주),사업장,해상 운송업,,"31,118",447,,,,,,,
,고려기초소재,사업장,기타 비금속 광물제품 제조업,,"20,080",352,,,,,,,
002140,고려산업,,,음식료·담배,,,KOSPI,,D,D,D,C,
010130,고려아연,업체,1차 비철금속 제조업,금속,"3,199,180","44,425",KOSPI,2.45608E+13,B+,B+,A,B+,
,고려용접봉 주식회사,사업장,기계,,"16,869",347,,,,,,,
002240,고려제강,사업장,1차 철강 제조업,금속,"90,621","1,854",KOSPI,5.778E+11,D,C,D,D,
,고려제지,업체,"펄프, 종이 및 판지 제조업",,"149,257","3,748",,,,,,,
,고려특수선재(주),사업장,철강,,"22,134",461,,,,,,,
,고성그린파워 주식회사,업체,전기업,,"8,875,485","96,161",,,,,,,
,고양시,업체,폐기물 처리업,,"140,051","1,147",,,,,,,
098460,고영,,,기계·장비,,,KOSDAQ,,B+,B,A,B,
215000,골프존,,,IT 서비스,,,KOSDAQ,,B+,A,A,B+,
,공주시,사업장,폐기물,,"16,080",43,,,,,,,
,공항철도(주),사업장,육상 여객 운송업,,"58,108","1,211",,,,,,,
,과천시,사업장,폐기물,,"14,905",102,,,,,,,
009290,광동제약,,,제약,,,KOSPI,,C,B+,C,C,
,광명시,사업장,폐기물 처리업,,"67,729",326,,,,,,,
017040,광명전기,,,전기·전자,,,KOSPI,,C,C,D,C,
,광양시,사업장,폐기물 처리업,,"45,864",195,,,,,,,
017900,광전자,,,전기·전자,,,KOSPI,,C,C,D,C,
,광주과학기술원,사업장,건물,,"24,365",504,,,,,,,
,광주광역시,업체,폐기물 처리업,,"174,787","1,635",,,,,,,
,광주교통공사,사업장,교통(철도),,"19,368",403,,,,,,,
,광주글로벌모터스,사업장,자동차,,"19,065",388,,,,,,,
037710,광주신세계,,,유통,,,KOSPI,,A,A,A+,A,
192530,광주은행,,,,,,,,등급없음,등급없음,등급없음,B+,
,광진산업(주),사업장,"시멘트, 석회, 플라스터 및 그 외 제품 제조업",,"78,427",196,,,,,,,
,괴산군,사업장,폐기물,,"18,411",113,,,,,,,
811097,교보생명보험,,,,,,,,등급없음,등급없음,등급없음,B+,
030610,교보증권,,,증권,,,KOSPI,,B+,A,A,B,
339770,교촌에프앤비,,,유통,,,KOSPI,,D,D,D,C,
,구리농수산물공사,사업장,건물,,"17,502",364,,,,,,,
,구리시,사업장,폐기물 처리업,,"55,002",544,,,,,,,
,구미그린,사업장,폐기물 처리업,,"56,938",31,,,,,,,"""주식회사 에코이앤이"" 업체명 변경"
,구미시,업체,폐기물 처리업,,"148,251","1,167",,,,,,,
007690,국도화학,사업장,합성고무 및 플라스틱 물질 제조업,화학,"64,136","2,028",KOSPI,3.02829E+11,C,C,B,C,
,국립대학법인 서울대학교,업체,고등 교육기관,,"150,776","3,108",,,,,,,
,국립암센터,사업장,건물,,"20,522",435,,,,,,,
060000,국민은행,업체,건물,,"92,871","1,494",,,등급없음,등급없음,등급없음,A,
,국방과학연구소,사업장,건물,,"22,491",464,,,,,,,
001140,국보,,,운송·창고,,,KOSPI,,D,C,D,D,
078130,국일제지(주),사업장,"펄프, 종이 및 판지 제조업",종이·목재,"31,922",714,KOSDAQ,3.92337E+11,,,,,
,국제금속,사업장,비철금속,,"29,525",293,,,,,,,
002720,국제약품,,,제약,,,KOSPI,,D,D,D,C,
,국회사무처,사업장,건물,,"22,871",480,,,,,,,
,군산시,사업장,폐기물 처리업,,"107,270",597,,,,,,,
,군포시,사업장,폐기물 처리업,,"42,825",413,,,,,,,
,그린밸리,사업장,폐기물 처리업,,"35,571",33,,,,,,,
,그린스코,사업장,폐기물 처리업,,"59,323",102,,,,,,,
,그린에어 주식회사,업체,기초 화학물질 제조업,,"585,121","12,125",,,,,,,
083420,그린케미칼,사업장,기초 화학물질 제조업,화학,"56,908","1,291",KOSPI,1.5744E+11,C,C,D,C,
014530,극동유화,,,화학,,,KOSPI,,D,C,D,D,
,금강고속,사업장,육상 여객 운송업,,"23,408",340,,,,,,,
014280,금강공업,사업장,비철금속,금속,"13,809",238,KOSPI,1.77736E+11,D,C,D,D,
,금남고속,사업장,육상 여객 운송업,,"22,296",318,,,,,,,
008870,금비,사업장,유리 및 유리제품 제조업,비금속,"84,439","1,195",KOSPI,51700000000,D,D,D,C,
001570,금양,,,화학,,,KOSPI,,D,C,D,D,
,금진해운(주),사업장,교통(해운),,"15,981",221,,,,,,,
002990,금호건설,,,건설,,,KOSPI,,B+,B,A,B,
,금호고속(주),업체,육상 여객 운송업,,"6,064",126,,,,,,,
,금호미쓰이화학 주식회사,사업장,기초 화학물질 제조업,,"170,330","3,037",,,,,,,
011780,금호석유화학,업체,합성고무 및 플라스틱 물질 제조업,화학,"3,308,643","41,348",KOSPI,3.14203E+12,B+,A,A+,B,
214330,금호에이치티,,,운송장비·부품,,,KOSPI,,D,C,D,D,
,금호익스프레스 주식회사,업체,육상 여객 운송업,,"100,236","1,438",,,,,,,
001210,금호전기,,,전기·전자,,,KOSPI,,D,C,D,D,
073240,금호타이어,업체,고무제품 제조업,화학,"260,704","5,354",KOSPI,1.68335E+12,B+,A,B+,B+,
,금호폴리켐주식회사,업체,합성고무 및 플라스틱 물질 제조업,,"328,101","5,564",,,,,,,
,금호피앤비화학 주식회사,업체,기초 화학물질 제조업,,"803,074","10,919",,,,,,,
092440,기신정기,,,기계·장비,,,KOSPI,,D,D,D,C,
000270,기아,업체,자동차용 엔진 및 자동차 제조업,운송장비·부품,"709,750","14,534",KOSPI,4.75523E+13,A,A+,A+,B+,
024110,기업은행,,,은행,,,KOSPI,,B+,A+,A+,B,
,기초과학연구원,사업장,건물,,"22,733",485,,,,,,,
,김천시,사업장,"하수, 폐수 및 분뇨 처리업",,"43,214",374,,,,,,,
,김천에너지서비스주식회사,업체,"증기, 냉ㆍ온수 및 공기 조절 공급업",,"689,186","8,017",,,,,,,
,김포시,사업장,폐기물 처리업,,"54,659",602,,,,,,,
,김포운수(주),사업장,육상 여객 운송업,,"16,961",315,,,,,,,
,김해시,사업장,폐기물 처리업,,"117,612","1,324",,,,,,,
013700,까뮤이앤씨,,,건설,,,KOSPI,,C,D,D,B,
004540,깨끗한나라,업체,"펄프, 종이 및 판지 제조업",종이·목재,"332,386","4,353",KOSPI,70794557393,B,B,B+,B,
121600,나노신소재,,,화학,,,KOSDAQ,,C,C,D,C,
,나래에너지서비스 주식회사,업체,"증기, 냉ㆍ온수 및 공기 조절 공급업",,"1,822,245","36,262",,,,,,,
089600,나스미디어,,,일반서비스,,,KOSDAQ,,B+,B+,A,B+,
293580,나우IB,,,금융,,,KOSDAQ,,D,D,D,C,
,나투라페이퍼 주식회사,업체,"펄프, 종이 및 판지 제조업",,"165,385","1,215",,,,,,,
,남강제지(주),사업장,"펄프, 종이 및 판지 제조업",,"25,510",223,,,,,,,
001260,남광토건,,,건설,,,KOSPI,,D,D,D,D,
008350,남선알미늄,,,금속,,,KOSPI,,D,C,D,D,
004270,남성,,,유통,,,KOSPI,,D,D,D,D,
,남성버스,사업장,교통(여객),,"15,804",297,,,,,,,
,남양금속주식회사,사업장,"구조용 금속제품, 탱크 및 증기발생기 제조업",,"97,314","1,811",,,,,,,
003920,남양유업,사업장,낙농제품 및 식용 빙과류 제조업,음식료·담배,"80,101","1,864",KOSPI,3.006E+11,B,A,A+,C,
,남양주시,업체,폐기물,,"78,397","1,065",,,,,,,
,남해고속,사업장,교통(해운),,"23,741",338,,,,,,,
025860,남해화학,사업장,"비료, 농약 및 살균ㆍ살충제 제조업",화학,"65,183",965,KOSPI,3.30861E+11,C,C,D,C,
,남해환경,사업장,폐기물 처리업,,"27,986",178,,,,,,,
,내포그린에너지(주),사업장,"증기, 냉ㆍ온수 및 공기 조절 공급업",,"1,033,275","20,617",,,,,,,
212560,네오오토,사업장,자동차,운송장비·부품,"16,901",350,KOSDAQ,1.04538E+11,,,,,
095660,네오위즈,,,IT 서비스,,,KOSDAQ,,C,D,D,B+,
007390,네이처셀,,,제약,,,KOSDAQ,,D,C,D,D,
,네이처이앤티(주),업체,폐기물 처리업,,"198,107",438,,,,,,,
,네이처이앤티경주,사업장,지정외 폐기물처리업 등,,"30,830",5,,,,,,,
033640,네패스,사업장,반도체,전기·전자,"15,802",326,KOSDAQ,3.59724E+11,C,B,B+,D,
,네패스라웨,사업장,반도체,,"6,237",129,,,,,,,
005720,넥센,사업장,석유화학,화학,"17,306",357,KOSPI,3.24477E+11,B+,B+,A,B,
002350,넥센타이어,업체,고무제품 제조업,화학,"221,463","4,447",KOSPI,7.35439E+11,B,A,A+,C,
348210,넥스틴,,,기계·장비,,,KOSDAQ,,C,B,B,D,
225570,넥슨게임즈,,,IT 서비스,,,KOSDAQ,,D,D,D,C,
217270,넵튠,,,IT 서비스,,,KOSDAQ,,C,D,C,B,
251270,넷마블,,,IT 서비스,,,KOSPI,,A,B+,A+,A,
090350,노루페인트,,,화학,,,KOSPI,,A,A,A+,B+,
000320,노루홀딩스,,,기타금융,,,KOSPI,,A,A,A+,B+,
,노벨리스코리아 주식회사,업체,1차 비철금속 제조업,,"294,783","5,978",,,,,,,
,노을그린에너지 주식회사,사업장,전기업,,"76,387",15,,,,,,,
,녹수,사업장,석유화학,,"28,682",581,,,,,,,
006280,녹십자,사업장,의약품 제조업,제약,"64,761","1,650",KOSPI,1.85816E+12,B+,A,A+,B,
005250,녹십자홀딩스,,,일반서비스,,,KOSPI,,A,A,A+,B+,
,논산시,사업장,폐기물,,"21,911",85,,,,,,,
004370,농심,업체,기타 식품 제조업,음식료·담배,"189,047","3,771",KOSPI,2.63074E+12,B,A,B+,C,
072710,농심홀딩스,,,기타금융,,,KOSPI,,B,B+,B+,B,
839683,농협금융지주,,,,,,,,등급없음,등급없음,등급없음,A,
,농협물류,사업장,도로 화물 운송업,,"29,600",433,,,,,,,
,농협사료,업체,식료품 제조업,,"87,275","1,791",,,,,,,
839723,농협생명보험,,,,,,,,등급없음,등급없음,등급없음,A,
839742,농협은행,업체,건물,,"91,650","1,386",,,등급없음,등급없음,등급없음,A,
,뉴그린,업체,폐기물 처리업,,"104,518",242,,,,,,,
,능원금속공업 주식회사,사업장,1차 비철금속 제조업,,"23,499",483,,,,,,,
,다나에너지솔루션,사업장,폐기물 처리업,,"58,590",222,,,,,,,
058730,다스코,,,금속,,,KOSPI,,C,C,D,B,
030210,다올투자증권,,,증권,,,KOSPI,,B+,A,A,B+,
023590,다우기술,,,IT 서비스,,,KOSPI,,A,A,A+,B+,
032190,다우데이타,,,유통,,,KOSDAQ,,D,D,C,D,
068240,다원시스,,,전기·전자,,,KOSDAQ,,D,D,D,D,
145210,다이나믹디자인,,,기계·장비,,,KOSPI,,D,C,D,D,
,단일가스켐(주),사업장,석유화학,,"43,395",885,,,,,,,
,담우물산(주),사업장,"시멘트, 석회, 플라스터 및 그 외 제품 제조업",,"63,424",203,,,,,,,
019680,대교,,,일반서비스,,,KOSPI,,B,D,B+,B+,
,대구광역시,업체,폐기물 처리업,,"474,138","4,905",,,,,,,
,대구교통공사,사업장,육상 여객 운송업,,"98,437","2,053",,,,,,,
,대구그린파워(주),업체,"증기, 냉ㆍ온수 및 공기 조절 공급업",,"661,138","13,158",,,,,,,
006370,대구백화점,,,유통,,,KOSPI,,C,D,C,B,
,대구염색산업단지관리공단,업체,"증기, 냉ㆍ온수 및 공기 조절 공급업",,"620,336","7,033",,,,,,,
,대구텍 유한책임회사,사업장,1차 비철금속 제조업,,*****,*****,,,,,,,비공개 결정
,대농,사업장,섬유,,"3,811",79,,,,,,,
008060,대덕,,,기타금융,,,KOSPI,,B+,B+,A,B,
353200,대덕전자,사업장,전자 부품 제조업,전기·전자,"136,647","2,848",KOSPI,2.32754E+12,B+,B+,A,B,
000490,대동,,,기계·장비,,,KOSPI,,B+,B+,A+,B,
020400,대동금속(주),사업장,금속 주조업,금속,"31,710",609,KOSDAQ,18178246200,,,,,
,대동산업주식회사,사업장,"내화, 비내화 요업제품 제조업",,"19,056",306,,,,,,,
,대동세라믹,사업장,"내화, 비내화 요업제품 제조업",,"36,887",677,,,,,,,
008110,대동전자,,,전기·전자,,,KOSPI,,D,D,D,D,
,대륜발전,업체,"증기, 냉ㆍ온수 및 공기 조절 공급업",,"658,637","13,051",,,,,,,
005750,대림바스,,,비금속,,,KOSPI,,C,C,C,C,
017650,대림제지,사업장,"펄프, 종이 및 판지 제조업",종이·목재,"109,561","1,675",KOSDAQ,71070650000,,,,,
006570,대림통상,,,금속,,,KOSPI,,D,C,C,D,
001680,대상,업체,"곡물 가공품, 전분 및 전분제품 제조업",음식료·담배,"430,747","10,078",KOSPI,7.29341E+11,A,A,A+,B+,
084690,대상홀딩스,,,기타금융,,,KOSPI,,B,A,A+,C,
128820,대성산업,,,유통,,,KOSPI,,C,C,B,D,
117580,대성에너지,,,전기·가스,,,KOSPI,,B,B+,A,C,
,대성엠디아이(주),사업장,"시멘트, 석회, 플라스터 및 그 외 제품 제조업",,"164,740",822,,,,,,,
,대성지엠텍(주),업체,"시멘트, 석회, 플라스터 및 그 외 제품 제조업",,"112,249",293,,,,,,,
016710,대성홀딩스,,,일반서비스,,,KOSPI,,C,B+,A,D,
,대신정기화물자동차(주),사업장,도로 화물 운송업,,"46,233",658,,,,,,,
003540,대신증권,,,증권,,,KOSPI,,B+,B+,A,B+,
009190,대양금속,사업장,기계,금속,"19,950",395,KOSPI,55977642000,D,C,C,D,
,대양제지공업(주),업체,"펄프, 종이 및 판지 제조업",,"72,126",844,,,,,,,
014160,대영포장,,,종이·목재,,,KOSPI,,D,D,D,D,
,대용산업,사업장,기계,,"16,021",330,,,,,,,
047040,대우건설,업체,건설,건설,"61,064","1,259",KOSPI,1.58768E+12,A,A,B+,A,
,대욱케스트,사업장,철강,,"15,522",289,,,,,,,
003090,대웅,,,제약,,,KOSPI,,B+,B+,A,B,
069620,대웅제약,사업장,석유화학,제약,"20,586",424,KOSPI,1.99637E+12,B,B+,A,C,
000430,대원강업,사업장,자동차 신품 부품 제조업,운송장비·부품,"48,056",972,KOSPI,2.3963E+11,B+,B+,A,B+,
,대원고속,업체,육상 여객 운송업,,"117,728","1,920",,,,,,,
,대원농산,사업장,폐기물,,"20,027",127,,,,,,,
,대원버스,사업장,육상 여객 운송업,,"33,811",583,,,,,,,
,대원알텍 주식회사,사업장,자동차 신품 부품 제조업,,"36,825",753,,,,,,,"""주식회사 대유글로벌"" 업체명 변경"
,대원여객,사업장,교통(여객),,"16,290",313,,,,,,,
,대원운수,사업장,육상 여객 운송업,,"35,606",596,,,,,,,
006340,대원전선,,,전기·전자,,,KOSPI,,D,C,D,D,
003220,대원제약,,,제약,,,KOSPI,,B+,B+,A,B+,
024890,대원화성,사업장,석유화학,화학,"9,140",163,KOSPI,29905635200,D,C,D,D,
,대유코아,사업장,"시멘트, 석회, 플라스터 및 그 외 제품 제조업",,"96,217",736,,,,,,,
,대일개발 주식회사,사업장,폐기물 처리업,,"55,847",155,,,,,,,
,대전광역시,업체,폐기물 처리업,,"362,486","3,059",,,,,,,
,대전교통공사,사업장,교통(철도),,"19,440",396,,,,,,,
,대전신세계,사업장,건물,,"21,912",454,,,,,,,
,대전열병합발전주식회사,업체,"증기, 냉ㆍ온수 및 공기 조절 공급업",,"133,814","2,718",,,,,,,
,대전충남양돈농협 포크빌축산물공판장,사업장,식료품 제조업,,"15,999",329,,,,,,,
078600,대주전자재료,,,전기·전자,,,KOSDAQ,,B+,B,A,B,
012800,대창,사업장,1차 비철금속 제조업,금속,"30,155",617,KOSPI,1.16478E+11,D,C,D,D,
015230,대창단조,사업장,기계,운송장비·부품,"9,015",186,KOSPI,1.80291E+11,C,C,D,C,
,대창운수(주),사업장,육상 여객 운송업,,"22,580",423,,,,,,,
,대천텍스타일,사업장,섬유,,"15,547",233,,,,,,,
010170,대한광통신 주식회사,사업장,전기전자,전기·전자,"7,941",163,KOSDAQ,2.93668E+11,,,,,
001070,대한방직,사업장,"섬유제품 염색, 정리 및 마무리 가공업",섬유·의류,"28,193",442,KOSPI,34026000000,C,C,D,C,
,대한사료(주),사업장,식료품 제조업,,"11,356",232,,,,,,,
,대한석탄공사,업체,석탄 광업,,"61,027",558,,,,,,,
,대한세라믹스,사업장,"내화, 비내화 요업제품 제조업",,"33,095",601,,,,,,,
,대한소결금속(주),사업장,자동차,,"19,361",395,,,,,,,
,대한슬래그 주식회사,사업장,기타 비금속 광물제품 제조업,,"29,988",543,,,,,,,
,대한시멘트주식회사,사업장,"시멘트, 석회, 플라스터 및 그 외 제품 제조업",,"55,732","1,013",,,,,,,
,대한약품공업(주),사업장,석유화학,,"26,254",443,,,,,,,
006650,대한유화,업체,기초 화학물질 제조업,화학,"1,697,905","34,203",KOSPI,9.412E+11,B+,B+,B+,B,
001440,대한전선,사업장,절연선 및 케이블 제조업,전기·전자,"48,101",968,KOSPI,4.26964E+12,A,A,A+,B+,
084010,대한제강,업체,1차 철강 제조업,금속,"298,667","5,419",KOSPI,4.4156E+11,C,C,C,C,
001790,대한제당,사업장,기타 식품 제조업,음식료·담배,"63,721","1,272",KOSPI,2.53393E+11,C,C,D,C,
001130,대한제분,사업장,식료품 제조업,음식료·담배,"21,785",454,KOSPI,2.46909E+11,C,C,C,C,
,대한제지주식회사,업체,"펄프, 종이 및 판지 제조업",,"201,421","2,391",,,,,,,
439260,대한조선주식회사,사업장,선박 및 보트 건조업,운송장비·부품,"67,444","1,064",KOSPI,2.58126E+12,,,,,
003490,대한항공,업체,항공 여객 운송업,운송·창고,"425,062","6,505",KOSPI,8.30338E+12,B+,B+,A,B+,
005880,대한해운,,,운송·창고,,,KOSPI,,D,C,D,D,
003830,대한화섬,사업장,화학섬유 제조업,화학,"47,098","1,033",KOSPI,1.55642E+11,B+,B,A,B+,
016090,대현,,,섬유·의류,,,KOSPI,,C,D,D,B+,
069460,대호에이엘,사업장,1차 비철금속 제조업,금속,"26,366",529,KOSPI,1.21901E+11,D,C,C,D,
021040,대호특수강,사업장,철강,금속,"40,263",806,KOSDAQ,28563482584,,,,,
298540,더네이쳐홀딩스,,,섬유·의류,,,KOSDAQ,,D,D,D,D,
192080,더블유게임즈,,,IT 서비스,,,KOSPI,,C,D,D,B+,
,더블유스코프코리아(주),사업장,석유화학,,"22,707",900,,,,,,,
393890,더블유씨피,사업장,플라스틱 제품 제조업,전기·전자,"96,802","2,086",KOSDAQ,2.11181E+11,D,C,C,D,
,더블유티씨서울,사업장,부동산 임대 및 공급업,,"58,002","1,195",,,,,,,
012510,더존비즈온,,,IT 서비스,,,KOSPI,,C,C,D,C,
213420,덕산네오룩스,,,전기·전자,,,KOSDAQ,,D,C,D,D,
004830,덕성,,,화학,,,KOSPI,,C,C,D,C,
,덕양에너젠,업체,기초 화학물질 제조업,,"32,041",662,,,,,,,
194480,데브시스터즈,,,IT 서비스,,,KOSDAQ,,C,D,D,B,
145720,덴티움,,,의료·정밀기기,,,KOSPI,,D,D,D,D,
,도레이배터리세퍼레이터필름 한국유한회사,사업장,일차전지 및 축전지 제조업,,"101,441","2,071",,,,,,,
,도레이비에스에프코팅한국 유한회사,사업장,일차전지 및 축전지 제조업,,"86,241",458,,,,,,,
,도레이첨단소재 주식회사,업체,합성고무 및 플라스틱 물질 제조업,,"602,557","12,138",,,,,,,
,도명특송(주),사업장,도로 화물 운송업,,"20,832",296,,,,,,,
002150,도화엔지니어링,,,일반서비스,,,KOSPI,,C,C,C,B,
,동광화학,사업장,석유화학,,"25,455",527,,,,,,,
005160,동국산업(주),사업장,1차 철강 제조업,금속,"41,354",840,KOSDAQ,1.48087E+11,,,,,
460850,동국씨엠 주식회사,업체,1차 철강 제조업,금속,"287,890","6,267",KOSPI,1.59061E+11,,,,,
460860,동국제강 주식회사,업체,1차 철강 제조업,금속,"1,297,673","22,387",KOSPI,4.0877E+11,,,,,
086450,동국제약,,,제약,,,KOSDAQ,,C,B+,A,D,
001230,동국홀딩스,업체,부동산 임대 및 공급업,기타금융,762,14,KOSPI,2.36914E+11,A,B+,A+,B+,
,동남,사업장,1차 비철금속 제조업,,"53,758",837,,,,,,,
023450,동남합성,,,화학,,,KOSPI,,D,D,D,C,
,동두천드림파워,업체,전기업,,"2,843,691","56,502",,,,,,,
004140,동방,사업장,도로 화물 운송업,운송·창고,"57,667",842,KOSPI,1.22568E+11,C,B,B,C,
007590,동방아그로,,,화학,,,KOSPI,,C,D,D,B,
005960,동부건설,,,건설,,,KOSPI,,B+,B+,B+,B,
,동부고속,사업장,교통(여객),,"21,853",321,,,,,,,
026960,동서,,,유통,,,KOSPI,,C,C,C,C,
,동서기공,사업장,자동차 신품 부품 제조업,,"50,632","1,045",,,,,,,
,동서석유화학 주식회사,업체,기초 화학물질 제조업,,"334,298","1,953",,,,,,,
,동서식품(주),사업장,기타 식품 제조업,,"119,966","2,604",,,,,,,
,동서페더럴모굴(주),사업장,자동차,,"18,570",377,,,,,,,
,동성교통(주),사업장,교통(여객),,"14,904",282,,,,,,,
002210,동성제약,,,제약,,,KOSPI,,D,D,D,D,
102260,동성케미컬,사업장,기초 화학물질 제조업,화학,"27,046",535,KOSPI,2.13251E+11,A,A,A+,A,
,동성화물자동차(주),사업장,교통(화물),,"13,798",196,,,,,,,
,동성화학공업(주),사업장,석유화학,,"11,609",237,,,,,,,
,동신포리마,사업장,플라스틱 제품 제조업,,"37,349",765,,,,,,,
,동아,사업장,기계,,"17,198",356,,,,,,,
000640,동아쏘시오홀딩스,,,기타금융,,,KOSPI,,A+,A,A+,A+,
170900,동아에스티,,,제약,,,KOSPI,,A,A,A+,A,
,동아운수(주),사업장,교통(여객),,"15,685",297,,,,,,,
028100,동아지질,,,건설,,,KOSPI,,D,C,C,D,
282690,동아타이어,,,,,,,,D,D,D,D,
001520,동양,,,비금속,,,KOSPI,,C,B,B,C,
084670,동양고속,사업장,육상 여객 운송업,운송·창고,"53,374",762,KOSPI,2.11956E+11,D,C,D,D,
,동양산업(주),사업장,자동차,,"14,751",307,,,,,,,
082640,동양생명,,,보험,,,KOSPI,,B+,C,B+,B+,
008970,동양철관,,,금속,,,KOSPI,,D,C,D,D,
092780,동양피스톤,사업장,자동차 신품 부품 제조업,운송장비·부품,"26,919",554,KOSPI,,C,C,C,C,
,동양환경,업체,폐기물 처리업,,"239,750",664,,,,,,,
088910,동우팜투테이블,사업장,식료품 제조업,음식료·담배,"14,515",292,KOSDAQ,53730069120,,,,,
,동우화인켐주식회사,업체,사진장비 및 광학 기기 제조업,,"330,980","5,266",,,,,,,
049770,동원F&B,업체,식료품 제조업,,"84,156","1,832",,,B,A,A,C,
018500,동원금속,,,운송장비·부품,,,KOSPI,,C,B,D,B,
,동원로엑스(주),사업장,도로 화물 운송업,,"55,333",900,,,,,,,
006040,동원산업,사업장,수산,기타금융,"6,769",99,KOSPI,1.8498E+12,B,A,A,C,
030720,동원수산,,,"농업, 임업 및 어업",,,KOSPI,,D,D,D,D,
014820,동원시스템즈,업체,유리 및 유리제품 제조업,화학,"264,278","4,458",KOSPI,7.26232E+11,B+,B+,A+,B,
,동원페이퍼(주),사업장,"펄프, 종이 및 판지 제조업",,"105,488","1,508",,,,,,,
,동은단조(주),사업장,자동차,,"34,576",717,,,,,,,
163560,동일고무벨트,,,화학,,,KOSPI,,B+,B+,A,B+,
004890,동일산업,업체,1차 철강 제조업,금속,"231,725","2,822",KOSPI,95068428000,C,C,D,B+,
002690,동일제강,사업장,철강,금속,"18,515",347,KOSPI,33089586800,D,C,D,D,
,동일팩키지(주),사업장,"펄프, 종이 및 판지 제조업",,"47,189",409,,,,,,,
005290,동진쎄미켐,사업장,석유화학,화학,"27,662",567,KOSDAQ,1.88434E+12,B,A,A,C,
,동해시,사업장,폐기물,,"18,802",8,,,,,,,
,동호칼슘(주),사업장,석유화학,,"18,229",284,,,,,,,
025900,동화기업,사업장,나무제품 제조업,종이·목재,"138,621","2,700",KOSDAQ,4.2822E+11,D,D,C,D,
000020,동화약품,,,제약,,,KOSPI,,C,B,B,C,
,동화지앤피 주식회사,사업장,유리,,"22,290",343,,,,,,,
,동희오토(주),사업장,자동차용 엔진 및 자동차 제조업,,"40,971",827,,,,,,,
000150,두산,업체,전기전자,기타금융,"55,371","1,102",KOSPI,1.26474E+13,A,A,A+,B+,
241560,두산밥캣,,,기계·장비,,,KOSPI,,A,B+,A,A,
034020,두산에너빌리티,업체,1차 철강 제조업,기계·장비,"235,252","4,498",KOSPI,4.82343E+13,B+,A,A,B,
131970,두산테스나,사업장,반도체,일반서비스,"58,757","1,227",KOSDAQ,1.02821E+12,B+,B+,A,B+,
336260,두산퓨얼셀,,,전기·전자,,,KOSPI,,A,A,A+,B+,
016740,두올,,,운송장비·부품,,,KOSPI,,D,D,C,C,
,두원중공업(주),사업장,일반 목적용 기계 제조업,,"23,166",497,,,,,,,
060570,드림어스컴퍼니,,,오락·문화,,,KOSDAQ,,C,C,C,C,
192650,드림텍,,,전기·전자,,,KOSPI,,C,C,D,B,
,디비메탈,업체,1차 철강 제조업,,"180,424","2,130",,,,,,,
024090,디씨엠,,,금속,,,KOSPI,,C,D,D,B+,
003160,디아이,,,의료·정밀기기,,,KOSPI,,D,C,C,D,
001530,디아이동일,사업장,비철금속,유통,"19,058",396,KOSPI,,D,D,D,C,
092200,디아이씨,,,운송장비·부품,,,KOSPI,,C,C,B,D,
,디아이지에어가스 주식회사,업체,기초 화학물질 제조업,,"844,157","17,586",,,,,,,
,디알액시온,사업장,비철금속,,"11,424",233,,,,,,,
,디앤오,사업장,건물,,"16,937",346,,,,,,,
376300,디어유,,,IT 서비스,,,KOSDAQ,,D,D,D,D,
,디에스단석,사업장,1차 비철금속 제조업,,"86,023","1,599",,,,,,,
,디에스파워 주식회사,업체,"증기, 냉ㆍ온수 및 공기 조절 공급업",,"994,942","19,769",,,,,,,
066900,디에이피,사업장,전자 부품 제조업,전기·전자,"77,814","1,613",KOSDAQ,42918877161,,,,,
,디엘건설(주),사업장,건설,,"28,938",525,,,,,,,
,디엘모터스(주),사업장,자동차 신품 부품 제조업,,"50,711","1,040",,,,,,,
,디엘에프엔씨 주식회사,사업장,플라스틱 제품 제조업,,"22,822",472,,,,,,,
,디엘케미칼 주식회사,업체,합성고무 및 플라스틱 물질 제조업,,"236,065","4,532",,,,,,,
013570,디와이,,,기타금융,,,KOSPI,,C,D,D,B,
024900,디와이덕양,,,운송장비·부품,,,KOSPI,,D,D,D,D,
210540,디와이파워,,,기계·장비,,,KOSPI,,C,C,D,B+,
,디케이동신(주),사업장,1차 철강 제조업,,"27,447",508,,,,,,,
,디케이씨,사업장,철강,,"17,114",344,,,,,,,
885673,라이나생명보험,,,,,,,,등급없음,등급없음,등급없음,B,
115390,락앤락,,,,,,,,B+,A,A,B,
281740,레이크머티리얼즈,,,화학,,,KOSDAQ,,C,C,D,C,
277810,레인보우로보틱스,,,기계·장비,,,KOSDAQ,,D,D,D,D,
090360,로보스타,,,기계·장비,,,KOSDAQ,,D,D,D,C,
,로옴코리아,사업장,반도체,,"14,770",308,,,,,,,
,롯데건설(주),업체,건설,,"52,420","1,031",,,,,,,
032350,롯데관광개발,사업장,일반 및 생활 숙박시설 운영업,일반서비스,"32,367",666,KOSPI,1.84929E+12,D,D,D,D,
,롯데글로벌로지스(주),사업장,도로 화물 운송업,,"60,296","1,166",,,,,,,
,롯데네슬레코리아(주),사업장,기타 식품 제조업,,"29,848",617,,,,,,,
089860,롯데렌탈,,,일반서비스,,,KOSPI,,A,A,A,A,
,롯데물산(주),사업장,부동산 임대 및 공급업,,"40,273",773,,,,,,,
,롯데베르살리스엘라스토머스(주),사업장,합성고무 및 플라스틱 물질 제조업,,"143,286","2,715",,,,,,,
000400,롯데손해보험,,,보험,,,KOSPI,,B+,C,A,B+,
023530,롯데쇼핑,업체,종합 소매업,유통,"717,398","14,600",KOSPI,2.05093E+12,A,A,A+,A,
020150,롯데에너지머티리얼즈,사업장,전자 부품 제조업,전기·전자,"98,944","2,153",KOSPI,1.59976E+12,C,B,B+,C,
,롯데엠시시 주식회사,업체,기초 화학물질 제조업,,"285,111","2,777",,,,,,,
280360,롯데웰푸드,업체,기타 식품 제조업,음식료·담배,"206,189","4,235",KOSPI,1.0663E+12,A,A,A,A,
,롯데이네오스화학 주식회사,업체,기초 화학물질 제조업,,"250,209","3,472",,,,,,,
286940,롯데이노베이트,사업장,"컴퓨터 프로그래밍, 시스템 통합 및 관리업",IT 서비스,"120,487","2,514",KOSPI,2.92905E+11,A,A,A+,A,
004000,롯데정밀화학,업체,기초 화학물질 제조업,화학,"677,663","15,626",KOSPI,1.14939E+12,A,A,A+,A,
,롯데지에스화학주식회사,사업장,석유화학,,"126,466","1,959",,,,,,,
004990,롯데지주,,,기타금융,,,KOSPI,,A,A,A+,A,
005300,롯데칠성음료,업체,비알코올 음료 및 얼음 제조업,음식료·담배,"155,782","2,923",KOSPI,,A,A+,A+,B+,
854231,롯데카드,,,,,,,,등급없음,등급없음,등급없음,A,
855981,롯데캐피탈,,,,,,,,등급없음,등급없음,등급없음,B,
,롯데컬처웍스 주식회사,업체,건물,,"49,958","1,000",,,,,,,
011170,롯데케미칼,업체,기초 화학물질 제조업,화학,"5,902,878","113,070",KOSPI,3.00711E+12,A,A,A+,B+,
,롯데패키징솔루션즈 주식회사,업체,기계,,"54,112","1,034",,,,,,,
071840,롯데하이마트,,,유통,,,KOSPI,,A,A,A+,A,
328130,루닛,,,IT 서비스,,,KOSDAQ,,B,C,B+,B,
,르노코리아 주식회사,사업장,자동차용 엔진 및 자동차 제조업,,"65,292","1,369",,,,,,,
141080,리가켐바이오,,,일반서비스,,,KOSDAQ,,B+,B,A,B,
058470,리노공업,,,전기·전자,,,KOSDAQ,,D,C,D,D,
,리뉴랜드경주 주식회사,업체,폐기물 처리업,,"111,733",31,,,,,,,
,리뉴에너지경기 주식회사,사업장,폐기물 처리업,,"56,518",90,,,,,,,
,리뉴에너지경북 주식회사,사업장,폐기물 처리업,,"70,426",205,,,,,,,
,리뉴에너지경인 주식회사,사업장,폐기물 처리업,,"51,427",12,,,,,,,
,리뉴에너지그린 주식회사,사업장,폐기물 처리업,,"53,590",40,,,,,,,
,리뉴에너지대원 주식회사,사업장,폐기물 처리업,,"67,197",378,,,,,,,
,리뉴에너지새한 주식회사,사업장,폐기물 처리업,,"82,836",135,,,,,,,
,리뉴에너지충북(주),업체,폐기물 처리업,,"191,548",211,,,,,,,
,리뉴에너지충청(주),사업장,폐기물 처리업,,"58,486",126,,,,,,,
073570,리튬포어스,,,기타제조,,,KOSDAQ,,D,D,D,D,
,린데코리아 주식회사,업체,기초 화학물질 제조업,,"938,587","18,818",,,,,,,
027740,마니커,,,음식료·담배,,,KOSPI,,D,D,D,C,
,마이크로소프트5673코리아 유한책임회사,사업장,"자료 처리, 호스팅, 포털 및 기타 인터넷 정보 매개 서비스업",,"62,662","1,309",,,,,,,
001080,만호제강,사업장,1차 철강 제조업,금속,"34,404",700,KOSPI,1.81355E+11,D,C,D,D,
,매그나칩반도체(유),업체,반도체 제조업,,"82,292","1,394",,,,,,,
267980,매일유업,사업장,낙농제품 및 식용 빙과류 제조업,음식료·담배,"110,178","2,196",KOSDAQ,2.6976E+11,A,A,A+,A,
067280,멀티캠퍼스,,,일반서비스,,,KOSDAQ,,D,D,D,C,
215200,메가스터디교육,,,일반서비스,,,KOSDAQ,,D,D,D,D,
086900,메디톡스,사업장,석유화학,제약,"16,584",340,KOSDAQ,8.81658E+11,B,B+,B+,C,
138040,메리츠금융지주,,,기타금융,,,KOSPI,,A,A,A,A,
008560,메리츠증권,,,,,,,,등급없음,등급없음,등급없음,B,
867865,메리츠캐피탈,,,,,,,,등급없음,등급없음,등급없음,B+,
000060,메리츠화재해상보험,,,,,,,,등급없음,등급없음,등급없음,B+,
021880,메이슨캐피탈,,,금융,,,KOSDAQ,,D,D,D,D,
140410,메지온,,,일반서비스,,,KOSDAQ,,D,D,D,D,
090370,메타랩스,,,섬유·의류,,,KOSPI,,D,D,D,D,
,메타즈,사업장,기계,,"9,327",192,,,,,,,
118000,메타케어,,,유통,,,KOSPI,,D,D,D,D,
832969,메트라이프생명보험,,,,,,,,등급없음,등급없음,등급없음,B,
,면사랑,사업장,식료품 제조업,,"29,600",571,,,,,,,
017180,명문제약,,,제약,,,KOSPI,,D,D,D,C,
,명성,사업장,육상 여객 운송업,,"23,450",406,,,,,,,
,명성환경,사업장,폐기물 처리업,,38,116,,,,,,,
009900,명신산업,,,운송장비·부품,,,KOSPI,,C,C,C,C,
,명화공업(주),사업장,자동차 신품 부품 제조업,,"39,957",817,,,,,,,
012690,모나리자,사업장,"펄프, 종이 및 판지 제조업",종이·목재,"41,925",781,KOSPI,77896773150,A,A,A+,A,
005360,모나미,,,유통,,,KOSPI,,D,D,C,D,
070960,모나용평,사업장,일반 및 생활 숙박시설 운영업,일반서비스,"34,759",693,KOSPI,1.59081E+11,D,C,D,D,
417970,모델솔루션,,,기계·장비,,,KOSDAQ,,C,D,D,B,
080160,모두투어,,,일반서비스,,,KOSDAQ,,C,D,D,B+,
009680,모토닉,,,운송장비·부품,,,KOSPI,,C,C,C,B,
118990,모트렉스,,,운송장비·부품,,,KOSDAQ,,D,C,D,D,
,목포시,사업장,폐기물 처리업,,"57,706",375,,,,,,,
009580,무림P&P,,,종이·목재,,,KOSPI,,A,A,A,B+,
,무림에스피(주),사업장,"펄프, 종이 및 판지 제조업",,"47,064",950,,,,,,,
,무림파워텍 주식회사,업체,"증기, 냉ㆍ온수 및 공기 조절 공급업",,"164,636","2,228",,,,,,,
009200,무림페이퍼,업체,"펄프, 종이 및 판지 제조업",종이·목재,"179,950","3,523",KOSPI,83634713100,B+,A,B+,B+,
,무림피앤피(주),업체,"펄프, 종이 및 판지 제조업",,"252,175","13,867",,,,,,,
,무안군,사업장,폐기물,,"17,472",110,,,,,,,
,무주덕유산리조트,사업장,건물,,"17,943",331,,,,,,,
033920,무학,,,음식료·담배,,,KOSPI,,D,C,D,D,
008420,문배철강,,,금속,,,KOSPI,,D,D,C,C,
,문화방송,사업장,건물,,"15,957",349,,,,,,,
095500,미래나노텍,사업장,전기전자,화학,"32,578",572,KOSDAQ,3.14131E+11,C,C,B,D,
025560,미래산업,,,의료·정밀기기,,,KOSPI,,D,D,D,D,
007120,미래아이앤지,,,IT 서비스,,,KOSPI,,D,D,D,D,
100790,미래에셋벤처투자,,,금융,,,KOSDAQ,,C,D,D,B,
085620,미래에셋생명,,,보험,,,KOSPI,,B+,B+,A,B+,
006800,미래에셋증권,,,증권,,,KOSPI,,B+,A+,A,B,
840265,미래에셋캐피탈,,,,,,,,등급없음,등급없음,등급없음,B+,
,미래페이퍼,사업장,"펄프, 종이 및 판지 제조업",,"66,492","1,039",,,,,,,
081660,미스토홀딩스,,,유통,,,KOSPI,,B+,B+,A,B,
002840,미원상사,사업장,석유화학,화학,"64,934","1,197",KOSPI,7.13925E+11,C,C,D,C,
268280,미원에스씨,사업장,기초 화학물질 제조업,화학,"73,595","1,432",KOSPI,,B,C,B,B+,
107590,미원홀딩스,,,기타금융,,,KOSPI,,C,C,B,C,
134380,미원화학,,,화학,,,KOSPI,,C,C,C,B,
003650,미창석유공업,,,화학,,,KOSPI,,D,C,D,D,
,밀양시,사업장,폐기물,,"5,039",5,,,,,,,
,바스프퍼포먼스폴리아마이드코리아 주식회사,사업장,기초 화학물질 제조업,,"71,387","1,625",,,,,,,
377740,바이오노트,,,제약,,,KOSPI,,D,D,D,C,
064550,바이오니아,,,제약,,,KOSDAQ,,D,D,D,C,
043150,바텍,,,의료·정밀기기,,,KOSDAQ,,D,D,D,D,
323990,박셀바이오,,,일반서비스,,,KOSDAQ,,C,D,D,B,
003610,방림,사업장,섬유,섬유·의류,"19,542",297,KOSPI,2.29956E+11,C,C,D,C,
035150,백산,,,화학,,,KOSPI,,C,C,C,C,
,버슘머트리얼즈피엠코리아,사업장,기초 화학물질 제조업,,"19,678",410,,,,,,,
002410,범양건영,,,건설,,,KOSPI,,D,D,C,D,
,범우,사업장,폐기물 처리업,,"95,337",76,,,,,,,
,범일운수,사업장,교통(여객),,"16,294",307,,,,,,,
,베르상스퍼시픽,사업장,유리 및 유리제품 제조업,,"28,013",481,,,,,,,
,베어링아트,사업장,자동차 신품 부품 제조업,,"62,874","1,298",,,,,,,
,베올리아워터코리아대산(주),사업장,수도업,,"89,082","1,859",,,,,,,
,베페사징크코리아(주),사업장,1차 비철금속 제조업,,"106,400",150,,,,,,,
007210,벽산,사업장,유리 및 유리제품 제조업,비금속,"118,254","2,177",KOSPI,1.1647E+11,B+,B+,B+,B,
002760,보락,,,화학,,,KOSPI,,D,D,D,C,
003850,보령,사업장,석유화학,제약,"17,158",303,KOSPI,7.72943E+11,A,A,A+,B+,
,보령시,사업장,폐기물 처리업,,"51,879",312,,,,,,,
,보령엘엔지터미널 주식회사,사업장,연료용 가스 제조 및 배관공급업,,"60,929","1,229",,,,,,,
310210,보로노이,,,일반서비스,,,KOSDAQ,,D,D,D,C,
,보림씨에스,사업장,폐기물 처리업,,"52,338",25,,,,,,,
,보영운수(주),사업장,교통(여객),,"12,874",230,,,,,,,
,보임열병합발전 주식회사,업체,"증기, 냉ㆍ온수 및 공기 조절 공급업",,"910,533","9,795",,,,,,,
000890,보해양조,,,음식료·담배,,,KOSPI,,D,D,D,C,
,볼보그룹코리아(주),사업장,기계,,"16,157",318,,,,,,,
,부경산업(주),사업장,폐기물 처리업,,"65,958",132,,,,,,,
003000,부광약품,,,제약,,,KOSPI,,B+,B,A+,B+,
001270,부국증권,,,증권,,,KOSPI,,C,D,B,C,
026940,부국철강,,,금속,,,KOSPI,,D,D,D,D,
,부산광역시,업체,폐기물 처리업,,"745,005","8,114",,,,,,,
,부산교통공사,업체,육상 여객 운송업,,"157,182","3,280",,,,,,,
,부산그린에너지(주),사업장,발전에너지,,"123,447",0,,,,,,,
,부산그린파워(주),사업장,폐기물 처리업,,"35,650",12,,,,,,,
,부산대학교,사업장,건물,,"28,575",648,,,,,,,
,부산대학교병원,사업장,건물,,"39,331",819,,,,,,,
,부산도시가스,사업장,"증기, 냉ㆍ온수 및 공기 조절 공급업",,"58,486",302,,,,,,,
011390,부산산업,,,비금속,,,KOSPI,,D,C,D,D,
,부산신항국제터미널(주),사업장,기타 운송관련 서비스업,,"29,880","1,822",,,,,,,
,부산신항만주식회사,사업장,기타 운송관련 서비스업,,"51,412","1,018",,,,,,,
005280,부산은행,,,,,,,,등급없음,등급없음,등급없음,B+,
,부산정관에너지(주),사업장,"증기, 냉ㆍ온수 및 공기 조절 공급업",,"70,101","1,396",,,,,,,
005030,부산주공,사업장,자동차 신품 부품 제조업,운송장비·부품,"87,529","1,637",KOSPI,38288532168,C,C,C,C,
,부산패션칼라산업협동조합,업체,"증기, 냉ㆍ온수 및 공기 조절 공급업",,"115,889","1,636",,,,,,,
,부천시,업체,"하수, 폐수 및 분뇨 처리업",,"162,602","1,595",,,,,,,
,브리티쉬아메리칸토바코코리아제조(주),사업장,담배제조업,,"17,936",462,,,,,,,
,브이피에이치메탈 유한회사,사업장,자동차 신품 부품 제조업,,"30,954",574,,,,,,,
,비노텍 주식회사,사업장,폐기물 처리업,,"107,519",63,,,,,,,
,비를라카본코리아(주),업체,기초 화학물질 제조업,,"124,148",488,,,,,,,
002070,비비안,,,섬유·의류,,,KOSPI,,D,D,D,D,
100220,비상교육,,,오락·문화,,,KOSPI,,B,D,B,B,
837726,비씨카드,,,,,,,,등급없음,등급없음,등급없음,B,
090460,비에이치,사업장,전기전자,전기·전자,"18,903",368,KOSPI,5.42756E+11,C,B,B+,C,
,비엔씨티,사업장,기타 운송관련 서비스업,,"33,079",613,,,,,,,
,비엠금속,사업장,철강,,"15,365",282,,,,,,,
878437,비엠더블유파이낸셜서비스코리아,,,,,,,,등급없음,등급없음,등급없음,C,
,비테스코테크놀로지스코리아 유한책임회사,사업장,자동차,,"17,339",357,,,,,,,
005180,빙그레,업체,식료품 제조업,음식료·담배,"59,696","1,200",KOSPI,7.119E+11,A,A,A+,A,
,빛고을에코에너지 주식회사,사업장,발전에너지,,"51,369",0,,,,,,,
143240,사람인,,,IT 서비스,,,KOSDAQ,,C,D,C,C,
003960,사조대림,,,음식료·담배,,,KOSPI,,A,A,A,B+,
008040,사조동아원,,,음식료·담배,,,KOSPI,,B,B+,A,C,
007160,사조산업,,,음식료·담배,,,KOSPI,,B+,B+,B+,B+,
014710,사조씨푸드,,,음식료·담배,,,KOSPI,,B,C,B+,B,
006090,사조오양,,,음식료·담배,,,KOSPI,,B,B+,A,C,
,사천시,사업장,지정외 폐기물처리업 등,,"33,583",128,,,,,,,
,사회복지법인 삼성생명공익재단,사업장,병원,,"85,651","1,757",,,,,,,
008270,산은캐피탈,,,,,,,,등급없음,등급없음,등급없음,B,
,삼강에스앤씨(주),사업장,선박 및 보트 건조업,,"18,197",324,,,,,,,
122350,삼기,사업장,자동차 신품 부품 제조업,운송장비·부품,"63,431","1,211",KOSDAQ,48422697564,,,,,
,삼남석유화학주식회사,업체,기초 화학물질 제조업,,"185,782","2,416",,,,,,,
,삼동,사업장,절연선 및 케이블 제조업,,"46,241",955,,,,,,,
005610,삼립,사업장,기타 식품 제조업,음식료·담배,"97,440","2,018",KOSPI,,B,B,C,B,
018310,삼목에스폼(주),업체,1차 비철금속 제조업,금속,"32,565",598,KOSDAQ,2.8959E+11,,,,,
012210,삼미금속(주),사업장,철강,금속,"15,867",322,KOSDAQ,2.35901E+11,,,,,
,삼보광업,업체,"시멘트, 석회, 플라스터 및 그 외 제품 제조업",,"166,725",382,,,,,,,
009620,삼보산업 주식회사,사업장,1차 비철금속 제조업,금속,"34,132",523,KOSDAQ,27315613697,,,,,
001470,삼부토건,,,건설,,,KOSPI,,D,C,C,D,
028050,삼성E&A,,,일반서비스,,,KOSPI,,A,A,A,A,
006400,삼성SDI,업체,일차전지 및 축전지 제조업,전기·전자,"572,209","11,818",KOSPI,,A+,A+,A+,A,
006660,삼성공조,,,운송장비·부품,,,KOSPI,,D,D,C,C,
,삼성디스플레이 주식회사,업체,전자 부품 제조업,,"4,000,544","60,771",,,,,,,
028260,삼성물산,사업장,건물 건설업,유통,"93,059","2,036",KOSPI,4.07094E+13,A,A,A+,A,
207940,삼성바이오로직스,사업장,기초 의약 물질 및 생물학적 제제 제조업,제약,"226,519","4,651",KOSPI,7.84632E+13,A,A,A+,A,
032830,삼성생명,업체,건물,보험,"60,113",763,KOSPI,,A,A,A+,B+,
018260,삼성에스디에스,사업장,"컴퓨터 프로그래밍, 시스템 통합 및 관리업",IT 서비스,"173,674","3,622",KOSPI,1.32703E+13,A,B+,A+,A,
009150,삼성전기,업체,전자 부품 제조업,전기·전자,"456,652","9,783",KOSPI,1.90469E+13,A,A,A+,A,
005930,삼성전자,업체,반도체 제조업,전기·전자,"13,594,735","258,326",KOSPI,709765000000000.0,B+,B+,A,B,
001360,삼성제약,,,제약,,,KOSPI,,D,D,D,D,
010140,삼성중공업,업체,선박 및 보트 건조업,운송장비·부품,"528,395","9,155",KOSPI,2.1208E+13,A,A,A,B+,
016360,삼성증권,,,증권,,,KOSPI,,A,A+,A,B+,
068290,삼성출판사,,,오락·문화,,,KOSPI,,C,D,D,B+,
029780,삼성카드,,,기타금융,,,KOSPI,,A,A+,A+,A,
,삼성코닝어드밴스드글라스 유한회사,사업장,유리 및 유리제품 제조업,,"49,859","1,017",,,,,,,
000810,삼성화재해상보험,,,보험,,,KOSPI,,B+,A,A,B+,
,삼신정밀(주),사업장,철강,,"25,602",527,,,,,,,
006110,삼아알미늄,사업장,비철금속,금속,"20,535",399,KOSPI,3.50144E+11,C,C,D,C,
145990,삼양사,업체,"곡물 가공품, 전분 및 전분제품 제조업",음식료·담배,"264,263","6,241",KOSPI,4.88857E+11,A,A+,A+,B+,
003230,삼양식품,사업장,기타 식품 제조업,음식료·담배,"72,404","1,497",KOSPI,9.27314E+12,A,A,A+,A,
,삼양이노켐 주식회사,사업장,기초 화학물질 제조업,,"99,485","1,777",,,,,,,
272550,삼양패키징,업체,플라스틱 제품 제조업,화학,"134,673","2,919",KOSPI,2.05081E+11,B,A,A,C,
000070,삼양홀딩스,,,기타금융,,,KOSPI,,A,A,A+,B+,
,삼양화성주식회사,사업장,합성고무 및 플라스틱 물질 제조업,,"80,044","1,853",,,,,,,
,삼양화인테크놀로지(주),사업장,합성고무 및 플라스틱 물질 제조업,,"31,163",364,,,,,,,
003720,삼영,사업장,플라스틱 제품 제조업,화학,"32,488",667,KOSPI,2.0944E+11,D,C,D,D,
002810,삼영무역,,,유통,,,KOSPI,,C,D,D,B+,
,삼영운수(주),사업장,육상 여객 운송업,,"20,143",372,,,,,,,
005680,삼영전자공업,업체,기타 금속 가공제품 제조업,전기·전자,"29,094",668,KOSPI,,C,C,D,C,
,삼우에프앤지,사업장,교통(화물),,"21,539",357,,,,,,,
023000,삼원강재,사업장,자동차 신품 부품 제조업,운송장비·부품,"31,842",646,KOSPI,96000000000,B+,B+,B+,A,
004380,삼익THK,,,기계·장비,,,KOSPI,,C,C,C,B,
002450,삼익악기,,,기타제조,,,KOSPI,,D,D,D,D,
004440,삼일씨엔에스,,,비금속,,,KOSPI,,C,C,D,C,
000520,삼일제약,,,제약,,,KOSPI,,C,D,C,B,
009770,삼정펄프,업체,"펄프, 종이 및 판지 제조업",종이·목재,"143,169","1,912",KOSPI,77749098100,D,C,D,D,
,삼지금속공업 주식회사,사업장,비철금속,,"17,930",193,,,,,,,
005500,삼진제약,,,제약,,,KOSPI,,B,C,B,B+,
000250,삼천당제약,,,제약,,,KOSDAQ,,D,C,D,D,
004690,삼천리,사업장,"증기, 냉ㆍ온수 및 공기 조절 공급업",전기·가스,"98,837","1,733",KOSPI,5.21071E+11,C,B,B+,C,
,삼표산업,업체,"시멘트, 석회, 플라스터 및 그 외 제품 제조업",,"89,261","1,559",,,,,,,
038500,삼표시멘트,업체,"시멘트, 석회, 플라스터 및 그 외 제품 제조업",비금속,"4,998,174","31,009",KOSDAQ,5.38502E+11,A,A,A+,A,
,삼표자원개발주식회사,사업장,토사석 광업,,"29,506",524,,,,,,,
,삼표해운주식회사,사업장,해상 운송업,,"70,239",969,,,,,,,
437730,삼현,사업장,"내화, 비내화 요업제품 제조업",운송장비·부품,"25,761",445,KOSDAQ,1.75026E+12,,,,,
010960,삼호개발,,,건설,,,KOSPI,,B+,B+,A,B+,
,삼호제강주식회사,사업장,철강,,"12,712",255,,,,,,,
,삼화양행,업체,전기전자,,"51,499","1,065",,,,,,,
004450,삼화왕관,사업장,기계,금속,"19,197",387,KOSPI,63123304700,C,C,D,C,
009470,삼화전기,,,전기·전자,,,KOSPI,,D,C,C,D,
011230,삼화전자공업,,,전기·전자,,,KOSPI,,D,D,D,D,
,삼화제지(주),업체,"펄프, 종이 및 판지 제조업",,"28,988",624,,,,,,,
001820,삼화콘덴서공업,사업장,전기전자,전기·전자,"25,292",527,KOSPI,,C,C,C,C,
,삼흥열처리,사업장,기타 금속 가공제품 제조업,,"30,191",622,,,,,,,
,상공에너지,사업장,"증기, 냉ㆍ온수 및 공기 조절 공급업",,"4,568","1,601",,,,,,,
001290,상상인증권,,,증권,,,KOSPI,,C,D,C,C,
041650,상신브레이크,,,운송장비·부품,,,KOSPI,,C,C,C,C,
089980,상아프론테크,,,화학,,,KOSDAQ,,B,B+,B+,C,
,상지해운(주),사업장,교통(해운),,"19,349",266,,,,,,,
075180,새론오토모티브,사업장,자동차,운송장비·부품,"15,659",317,KOSPI,64704000000,D,C,D,D,
,새한특수(주),사업장,교통(화물),,"16,865",239,,,,,,,
007540,샘표,,,기타금융,,,KOSPI,,C,C,B+,C,
248170,샘표식품,,,음식료·담배,,,KOSPI,,C,C,B+,D,
,생고뱅이소바코리아 주식회사,사업장,유리 및 유리제품 제조업,,"38,864",774,,,,,,,
,샤니,사업장,식료품 제조업,,"35,410",719,,,,,,,
006730,서부T&D,사업장,건물,일반서비스,"22,314",459,KOSDAQ,,D,C,D,D,
,서산시,사업장,하수처리업,,"20,284",210,,,,,,,
007860,서연,,,기타금융,,,KOSPI,,B+,B+,A,B+,
200880,서연이화,,,운송장비·부품,,,KOSPI,,B+,B+,A,B+,
,서영주정(주),사업장,알코올 음료 제조업,,"30,156",412,,,,,,,
,서울교통공사,업체,육상 여객 운송업,,"650,164","13,575",,,,,,,
,서울교통네트웍(주),사업장,교통(여객),,"13,583",259,,,,,,,
,서울냉열(주),사업장,석유화학,,"17,063",356,,,,,,,
,서울대학교병원,사업장,병원,,"92,838","1,935",,,,,,,
017390,서울도시가스,,,전기·가스,,,KOSPI,,C,C,C,C,
092190,서울바이오시스(주),사업장,반도체 제조업,전기·전자,"61,646","1,276",KOSDAQ,1.17423E+11,,,,,
046890,서울반도체,,,전기·전자,,,KOSDAQ,,C,C,D,C,
813002,서울보증보험,,,,,,,,등급없음,등급없음,등급없음,B,
,서울시메트로 9호선(주),사업장,육상 여객 운송업,,"53,211","1,109",,,,,,,
004410,서울식품공업,,,음식료·담배,,,KOSPI,,D,C,D,D,
,서울에너지공사,업체,"증기, 냉ㆍ온수 및 공기 조절 공급업",,"300,444","6,361",,,,,,,
,서울우유협동조합,업체,낙농제품 및 식용 빙과류 제조업,,"73,904","1,415",,,,,,,
,서울특별시,업체,폐기물 처리업,,"1,360,897","13,003",,,,,,,
,서울특별시농수산식품공사,사업장,부동산 임대 및 공급업,,"63,908","1,328",,,,,,,
021050,서원,사업장,비철금속,금속,"11,134",229,KOSPI,52269523590,C,C,D,C,
,서원환경,사업장,폐기물 처리업,,"31,301",2,,,,,,,"""㈜에코비트에너지청원"" 업체명 변경"
,서진산업(주),사업장,자동차,,"16,623",317,,,,,,,
178320,서진시스템,,,전기·전자,,,KOSDAQ,,D,C,C,D,
,서한이앤피주식회사,사업장,기타 금속 가공제품 제조업,,"57,373","1,141",,,,,,,
,서해그린환경(주),사업장,폐기물 처리업,,"93,483",212,,,,,,,
008490,서흥,사업장,기타 식품 제조업,화학,"37,334",766,KOSPI,2.50471E+11,C,B+,A,D,
007610,선도전기,,,전기·전자,,,KOSPI,,D,C,C,D,
,선도화학(주),사업장,기초 화학물질 제조업,,"23,759",496,,,,,,,
,선일다이파스,사업장,기계,,"20,958",432,,,,,,,
136490,선진,,,음식료·담배,,,KOSPI,,A,B,A,A,
,선진버스(주),사업장,육상 여객 운송업,,"17,365",321,,,,,,,
,선진운수,사업장,육상 여객 운송업,,"24,798",470,,,,,,,
,성남시,업체,폐기물 처리업,,"243,032","2,335",,,,,,,
,성남시내버스(주),사업장,육상 여객 운송업,,"24,814",477,,,,,,,
,성림유화 주식회사,업체,폐기물 처리업,,"255,697",216,,,,,,,
014910,성문전자,,,전기·전자,,,KOSPI,,D,C,D,D,
,성보공업(주),사업장,철강,,"15,007",292,,,,,,,
,성신미네필드,사업장,시멘트,,"17,752",349,,,,,,,
,성신씨엠 주식회사,사업장,"시멘트, 석회, 플라스터 및 그 외 제품 제조업",,"16,848",344,,,,,,,
004980,성신양회,업체,"시멘트, 석회, 플라스터 및 그 외 제품 제조업",비금속,"4,072,874","22,552",KOSPI,2.32903E+11,C,B+,A,D,
,성안합섬(주),사업장,화학섬유 제조업,,92,1,,,,,,,
015750,성우하이텍,,,운송장비·부품,,,KOSDAQ,,C,B,A,D,
,성우해운주식회사,사업장,교통(해운),,"20,467",281,,,,,,,
,성일요업주식회사,사업장,요업,,"18,605",323,,,,,,,
365340,성일하이텍,사업장,1차 비철금속 제조업,화학,"26,083",440,KOSDAQ,5.0043E+11,C,C,C,C,
000180,성창기업지주,,,일반서비스,,,KOSPI,,D,C,D,D,
,성창보드(주),사업장,나무제품 제조업,,"30,386",619,,,,,,,
,성호금속,사업장,철강,,"18,936",338,,,,,,,
,성호금속 경주2공장,사업장,금속 주조업,,"28,588",515,,,,,,,
,성호기업,사업장,철강,,"13,162",258,,,,,,,
,성훈엔지니어링주식회사,사업장,1차 비철금속 제조업,,"39,339",784,,,,,,,
002420,세기상사,,,유통,,,KOSPI,,C,D,D,B,
,세메스(주),사업장,특수 목적용 기계 제조업,,"41,805",727,,,,,,,
004360,세방,사업장,도로 화물 운송업,운송·창고,"27,838",436,KOSPI,2.75647E+11,C,B,C,C,
004490,세방전지,업체,일차전지 및 축전지 제조업,전기·전자,"147,941","3,054",KOSPI,8.792E+11,C,C,C,C,
,세아베스틸,업체,1차 철강 제조업,,"1,155,808","18,418",,,,,,,
001430,세아베스틸지주,업체,1차 철강 제조업,금속,485,9,KOSPI,1.80028E+12,A,A,B+,A,
,세아씨엠,사업장,1차 철강 제조업,,"80,019","1,519",,,,,,,
,세아엘앤에스,사업장,교통(화물),,"14,542",210,,,,,,,
306200,세아제강,사업장,1차 철강 제조업,금속,"63,961","1,305",KOSPI,3.32698E+11,B+,B+,B+,B+,
003030,세아제강지주,,,기타금융,,,KOSPI,,B+,B+,B+,B+,
,세아창원특수강,업체,1차 철강 제조업,,"436,291","7,917",,,,,,,
019440,세아특수강,사업장,1차 철강 제조업,금속,"54,540","1,100",KOSPI,1.43633E+11,B+,B+,B+,B+,
058650,세아홀딩스,,,금속,,,KOSPI,,B+,A,A,B+,
013000,세우글로벌,사업장,식료품 제조업,유통,"17,612",357,KOSPI,,D,D,D,D,
091090,세원이앤씨,,,,,,,,D,D,D,D,
021820,세원정공,,,운송장비·부품,,,KOSPI,,C,C,C,C,
067830,세이브존I&C,,,유통,,,KOSPI,,D,D,D,C,
,세종특별자치시,사업장,"하수, 폐수 및 분뇨 처리업",,"53,883",595,,,,,,,
,세주,사업장,해상 운송업,,"28,350",387,,,,,,,
,세진메탈,사업장,1차 비철금속 제조업,,"33,018",532,,,,,,,
075580,세진중공업,,,운송장비·부품,,,KOSPI,,C,C,D,C,
108860,셀바스AI,,,IT 서비스,,,KOSDAQ,,D,D,D,D,
068270,셀트리온,사업장,기초 의약 물질 및 생물학적 제제 제조업,제약,"79,174","1,656",KOSPI,4.18039E+13,A,A,A+,A,
068760,셀트리온제약,사업장,석유화학,제약,"15,490",317,KOSDAQ,2.53355E+12,D,C,C,D,
,셰플러코리아 유한책임회사,사업장,일반 목적용 기계 제조업,,"71,392","1,480",,,,,,,
,소노인터내셔널,사업장,일반 및 생활 숙박시설 운영업,,"136,468","2,747",,,,,,,
,소신여객자동차(주),사업장,육상 여객 운송업,,"15,756",310,,,,,,,
,속초시,사업장,폐기물,,"35,408",290,,,,,,,
336370,솔루스첨단소재,,,전기·전자,,,KOSPI,,B+,B,B+,B+,
248070,솔루엠,,,전기·전자,,,KOSPI,,B+,B+,B+,B,
,솔베이실리카코리아(주),사업장,기초 화학물질 제조업,,"35,404",757,,,,,,,
357780,솔브레인,사업장,석유화학,화학,"48,230","1,092",KOSDAQ,2.03798E+12,B+,B+,A+,B,
,솔브레인에스엘디 주식회사,사업장,전자 부품 제조업,,"30,391",579,,,,,,,
036830,솔브레인홀딩스,,,일반서비스,,,KOSDAQ,,B+,B+,A+,B,
004430,송원산업,업체,기타 화학제품 제조업,화학,"143,654","2,913",KOSPI,2.172E+11,C,B+,B+,D,
,송학제지(주),사업장,"펄프, 종이 및 판지 제조업",,50,0,,,,,,,
,수도권매립지관리공사,업체,폐기물 처리업,,"1,006,395","4,386",,,,,,,
017550,수산세보틱스,,,기계·장비,,,KOSPI,,D,C,D,D,
126720,수산인더스트리,,,건설,,,KOSPI,,C,C,D,C,
,수양물류주식회사,사업장,육상운송 및 파이프라인 운송업,,"24,132",343,,,,,,,
,수완에너지 주식회사,업체,"증기, 냉ㆍ온수 및 공기 조절 공급업",,"158,941","3,154",,,,,,,
,수원시,업체,폐기물 처리업,,"194,918","2,255",,,,,,,
,수원애경역사 주식회사,사업장,건물,,"14,845",306,,,,,,,
,수원여객운수(주),사업장,육상 여객 운송업,,"19,546",386,,,,,,,
,수협노량진수산 주식회사,사업장,건물,,"16,654",347,,,,,,,
,순천시,사업장,"하수, 폐수 및 분뇨 처리업",,"57,853",436,,,,,,,
,스미토모세이카폴리머스코리아(주),사업장,합성고무 및 플라스틱 물질 제조업,,"34,627","1,508",,,,,,,
,스타필드고양,사업장,부동산 임대 및 공급업,,"25,819",576,,,,,,,
,스타필드안성,사업장,건물,,"18,077",374,,,,,,,
,스타필드하남,사업장,부동산 임대 및 공급업,,"24,865",518,,,,,,,
,스테코(주),사업장,전자 부품 제조업,,"42,075",876,,,,,,,
,스템코(주),사업장,반도체 제조업,,"48,982","1,046",,,,,,,
253450,스튜디오드래곤,,,오락·문화,,,KOSDAQ,,A,A+,A,B+,
026890,스틱인베스트먼트,,,기타금융,,,KOSPI,,B+,B+,A,B,
,스틸싸이클 주식회사,사업장,1차 비철금속 제조업,,"78,531",803,,,,,,,
,스틸싸이클에스씨(주),사업장,1차 비철금속 제조업,,"5,884",80,,,,,,,
033170,시그네틱스,사업장,반도체 제조업,전기·전자,"34,225",710,KOSDAQ,67039545458,C,C,C,C,
134790,시디즈,,,기타제조,,,KOSPI,,D,C,D,D,
000480,시알홀딩스,,,비금속,,,KOSPI,,C,C,B,C,
,시흥교통,사업장,교통(여객),,"22,048",401,,,,,,,
,시흥시,사업장,폐기물 처리업,,"99,448","1,020",,,,,,,
016590,신대양제지,업체,"펄프, 종이 및 판지 제조업",종이·목재,"241,875","2,987",KOSPI,5.28304E+11,D,C,D,D,
,신대양제지반월(주),사업장,"펄프, 종이 및 판지 제조업",,"119,528","1,466",,,,,,,
,신대일페이퍼 주식회사,사업장,"펄프, 종이 및 판지 제조업",,"85,611",904,,,,,,,
,신대한정유산업 주식회사,사업장,폐기물 처리업,,"96,976",253,,,,,,,
029530,신도리코,,,전기·전자,,,KOSPI,,D,C,D,D,
,신도림테크노마트 주식회사,사업장,건물,,"15,253",316,,,,,,,
,신동,사업장,"시멘트, 석회, 플라스터 및 그 외 제품 제조업",,"79,688",283,,,,,,,
004970,신라교역,,,"농업, 임업 및 어업",,,KOSPI,,D,D,D,C,
215600,신라젠,,,일반서비스,,,KOSDAQ,,D,D,D,C,
,신분당선(주),사업장,육상 여객 운송업,,"26,382",550,,,,,,,
,신선대감만터미널 주식회사,사업장,항만,,"47,455",886,,,,,,,"""부산항터미널주식회사"" 업체명 변경"
,신성교통(주),사업장,육상 여객 운송업,,"10,449",194,,,,,,,
065350,신성델타테크,,,전기·전자,,,KOSDAQ,,C,C,D,B,
011930,신성이엔지,,,전기·전자,,,KOSPI,,C,C,C,C,
005390,신성통상,,,,,,,,D,D,D,D,
004170,신세계,업체,종합 소매업,유통,"130,801","2,705",KOSPI,2.38236E+12,A,A,A+,A,
035510,신세계I&C,,,IT 서비스,,,KOSPI,,A,A,A+,A,
034300,신세계건설,,,,,,,,B+,B+,B+,B+,
,신세계동대구복합환승센터,사업장,건물,,"23,534",489,,,,,,,
031430,신세계인터내셔날,,,유통,,,KOSPI,,A,A,A,A,
031440,신세계푸드,,,일반서비스,,,KOSPI,,A,A,A+,A,
006880,신송홀딩스,,,유통,,,KOSPI,,D,D,D,D,
,신승에너지,사업장,폐기물 처리업,,"68,270",322,,,,,,,
,신안종합리조트(주),사업장,건물,,"16,252",326,,,,,,,
,신안주철,사업장,철강,,"16,117",302,,,,,,,
005800,신영와코루,,,섬유·의류,,,KOSPI,,D,D,D,D,
001720,신영증권,,,증권,,,KOSPI,,B+,B+,A,B+,
,신영포르투,사업장,나무제품 제조업,,"18,426",685,,,,,,,
,신우금속,사업장,철강,,"16,858",292,,,,,,,
009270,신원,,,섬유·의류,,,KOSPI,,B+,B,A,B+,
002700,신일전자,,,유통,,,KOSPI,,D,D,D,C,
,신창제지공업주식회사,사업장,"펄프, 종이 및 판지 제조업",,"23,065",556,,,,,,,
,신평택발전(주),업체,전기업,,"1,883,760","37,400",,,,,,,
002870,신풍,,,유통,,,KOSPI,,D,D,D,C,
019170,신풍제약,,,제약,,,KOSPI,,C,C,B+,D,
828992,신한라이프생명보험,,,,,,,,등급없음,등급없음,등급없음,A,
000010,신한은행,업체,건물,,"70,718","1,173",,,등급없음,등급없음,등급없음,B+,
,신한중공업,사업장,조선,,"15,472",247,,,,,,,
055550,신한지주,,,기타금융,,,KOSPI,,A+,A+,A,A+,
032710,신한카드,,,,,,,,등급없음,등급없음,등급없음,A,
811323,신한캐피탈,,,,,,,,등급없음,등급없음,등급없음,A,
008670,신한투자증권,,,,,,,,등급없음,등급없음,등급없음,A,
056700,신화인터텍,사업장,전기전자,화학,"14,440",295,KOSDAQ,50170626702,C,C,C,B,
004080,신흥,,,유통,,,KOSPI,,D,D,D,D,
222800,심텍,사업장,전자 부품 제조업,전기·전자,"106,014","2,306",KOSDAQ,1.84284E+12,A,B+,A+,B+,
,심팩인더스트리,업체,1차 철강 제조업,,673,12,,,,,,,
102280,쌍방울,,,,,,,,D,D,D,D,
,쌍용기초소재(주),사업장,시멘트,,"20,512",377,,,,,,,
,쌍용씨앤비,사업장,"펄프, 종이 및 판지 제조업",,"66,006","1,260",,,,,,,
,쌍용씨앤이(주),업체,"시멘트, 석회, 플라스터 및 그 외 제품 제조업",,"10,574,492","62,302",,,,,,,
004770,써니전자,,,전기·전자,,,KOSPI,,D,C,D,D,
403550,쏘카,,,일반서비스,,,KOSPI,,C,D,D,B,
222080,씨아이에스,,,기계·장비,,,KOSDAQ,,C,C,C,C,
004920,씨아이테크,,,전기·전자,,,KOSPI,,D,D,D,D,
112610,씨에스윈드,,,금속,,,KOSPI,,A,A,B+,A,
,씨엔씨티에너지 주식회사,사업장,"증기, 냉ㆍ온수 및 공기 조절 공급업",,"25,906",521,,,,,,,
,씨월드고속훼리(주),사업장,해상 운송업,,"108,976","1,498",,,,,,,
,씨이케이 주식회사,업체,폐기물 처리업,,"226,301","1,306",,,,,,,
096530,씨젠,,,제약,,,KOSDAQ,,B+,B,A,B+,
,씨지앤대산전력(주),업체,전기업,,"15,848",242,,,,,,,
,씨지앤율촌전력 주식회사,업체,전기업,,"1,988,171","39,590",,,,,,,
,씨텍,업체,"증기, 냉ㆍ온수 및 공기 조절 공급업",,"763,404","10,981",,,,,,,
308170,씨티알모빌리티,,,운송장비·부품,,,KOSPI,,B,B,C,B,
025980,아난티,,,일반서비스,,,KOSDAQ,,C,B,B,D,
008700,아남전자,,,전기·전자,,,KOSPI,,D,D,D,C,
090430,아모레퍼시픽,,,화학,,,KOSPI,,A,A,A+,A,
002790,아모레퍼시픽홀딩스,,,화학,,,KOSPI,,A+,A,A+,A+,
149950,아바텍,사업장,유리,전기·전자,"16,462",336,KOSDAQ,1.36814E+11,,,,,
,아반스트레이트코리아 주식회사,사업장,유리 및 유리제품 제조업,,0,0,,,,,,,
,아산시,사업장,폐기물 처리업,,"108,502","1,048",,,,,,,
002030,아세아,,,일반서비스,,,KOSPI,,A,A,A,A,
183190,아세아시멘트,업체,"시멘트, 석회, 플라스터 및 그 외 제품 제조업",비금속,"2,114,034","13,832",KOSPI,4.4387E+11,A,A,A,B+,
002310,아세아제지,업체,"펄프, 종이 및 판지 제조업",종이·목재,"466,661","4,339",KOSPI,3.22646E+11,B+,B+,A,B,
012170,아센디오,,,오락·문화,,,KOSPI,,D,D,D,D,
267850,아시아나IDT,,,IT 서비스,,,KOSPI,,B,C,B+,B,
020560,아시아나항공,업체,항공 여객 운송업,운송·창고,"306,178","4,511",KOSPI,1.61909E+12,B+,A,B+,B+,
122900,아이마켓코리아,,,유통,,,KOSPI,,B,C,B+,B,
829322,아이비케이연금보험,,,,,,,,등급없음,등급없음,등급없음,B,
828519,아이비케이캐피탈,,,,,,,,등급없음,등급없음,등급없음,B,
809467,아이비케이투자증권,,,,,,,,등급없음,등급없음,등급없음,B,
099190,아이센스,,,의료·정밀기기,,,KOSDAQ,,B,C,B+,B+,
010780,아이에스동서,,,비금속,,,KOSPI,,C,B,B+,C,
003560,아이에이치큐,,,오락·문화,,,KOSPI,,D,D,C,D,
005270,아이엠뱅크,,,,,,,,등급없음,등급없음,등급없음,B+,
,아이유제지,사업장,제지,,"16,312",246,,,,,,,
084850,아이티엠반도체,,,전기·전자,,,KOSDAQ,,B+,B+,A,B,
027360,아주IB투자,,,금융,,,KOSDAQ,,B,C,A,B,
,아주대학교의료원,사업장,병원,,"28,391",581,,,,,,,
139990,아주스틸,사업장,기계,금속,"13,780",255,KOSPI,1.29249E+11,D,C,D,D,
009320,아진전자부품,,,운송장비·부품,,,KOSPI,,D,D,D,D,
,아진피앤피,사업장,"펄프, 종이 및 판지 제조업",,"138,991","3,288",,,,,,,
,안동시,사업장,수도사업,,"16,774",166,,,,,,,
053800,안랩,,,IT 서비스,,,KOSDAQ,,A,B+,A+,B+,
,안산도시개발(주),사업장,"증기, 냉ㆍ온수 및 공기 조절 공급업",,"27,470",615,,,,,,,
,안산시,업체,"하수, 폐수 및 분뇨 처리업",,"114,730","1,443",,,,,,,
,안양시,사업장,"하수, 폐수 및 분뇨 처리업",,"95,365","1,059",,,,,,,
001780,알루코,,,금속,,,KOSPI,,C,B,B,C,
196170,알테오젠,,,일반서비스,,,KOSDAQ,,C,D,C,B,
,알테크노메탈,사업장,금속 주조업,,"32,283",554,,,,,,,
,알트론전주,사업장,자동차 신품 부품 제조업,,"33,439",0,,,,,,,
018250,애경산업,,,화학,,,KOSPI,,A,A,A+,A,
161000,애경케미칼,업체,기초 화학물질 제조업,화학,"165,838","1,828",KOSPI,4.62163E+11,B+,B+,A,B+,
,애니테크,사업장,폐기물 처리업,,"45,268",204,,,,,,,
,양산시,사업장,폐기물 처리업,,"94,700",830,,,,,,,
,양주시,사업장,폐기물 처리업,,"70,705",922,,,,,,,
,어프로티움 주식회사,업체,기초 화학물질 제조업,,"328,313","3,503",,,,,,,
,에너원(주),사업장,"증기, 냉ㆍ온수 및 공기 조절 공급업",,"41,855",484,,,,,,,
,에너지 세종,사업장,폐기물 처리업,,"72,084",425,,,,,,,"""(주)에코비트에너지세종"" 업체명 변경"
,에너지네트웍,업체,폐기물 처리업,,"168,841",317,,,,,,,
,에너지명성,업체,폐기물 처리업,,"39,036",47,,,,,,,"""주식회사 에코비트에너지명성"" 업체명 변경"
,에너지울산,사업장,"증기, 냉ㆍ온수 및 공기 조절 공급업",,"90,248","1,075",,,,,,,"""주식회사 에코비트에너지울산"" 업체명 변경"
,에너지정세,사업장,폐기물 처리업,,"60,000",481,,,,,,,"""에코비트에너지정세"" 업체명 변경"
011090,에넥스,,,기타제조,,,KOSPI,,D,C,D,D,
,에드워드코리아(주),사업장,기계,,"12,269",257,,,,,,,
,에보닉페록사이드코리아,사업장,기초 화학물질 제조업,,"36,818",734,,,,,,,"""(유)에스케이보닉페록사이드코리아"" 업체명 변경"
137310,에스디바이오센서,,,의료·정밀기기,,,KOSPI,,C,C,B,D,
,에스알,업체,철도 운송업,,"168,201","3,515",,,,,,,
,에스앤에스아이앤씨(주),사업장,자동차,,"18,223",380,,,,,,,
101490,에스앤에스텍,,,전기·전자,,,KOSDAQ,,C,D,D,B+,
,에스앤티모티브 주식회사,사업장,자동차,,"19,561",406,,,,,,,
,에스에스엘엠 주식회사,사업장,전기전자,,"19,323",395,,,,,,,
056190,에스에프에이,,,기계·장비,,,KOSDAQ,,C,C,C,B,
,에스엔에프코리아(주),사업장,기타 화학제품 제조업,,"45,645","1,063",,,,,,,
,에스엔엔씨,업체,1차 비철금속 제조업,,"1,293,791","15,686",,,,,,,
005850,에스엘,업체,전기전자,운송장비·부품,"54,187","1,126",KOSPI,1.99032E+12,B,B+,A,C,
041510,에스엠,,,오락·문화,,,KOSDAQ,,B+,A,B+,B+,
010580,에스엠벡셀,,,운송장비·부품,,,KOSPI,,D,D,D,C,
,에스와이에너지 주식회사,사업장,나무제품 제조업,,"26,030",800,,,,,,,"""SY에너지㈜"" 업체명 변경"
012750,에스원,,,일반서비스,,,KOSPI,,B+,B+,A,B+,
,에스이그린에너지,사업장,전기업,,"55,997",0,,,,,,,
,에스제이금속,사업장,철강,,"19,958",351,,,,,,,
123700,에스제이엠,,,운송장비·부품,,,KOSPI,,C,C,C,C,
025530,에스제이엠홀딩스,,,유통,,,KOSPI,,C,C,C,C,
,에스지씨솔루션 주식회사,업체,유리 및 유리제품 제조업,,"161,621","2,646",,,,,,,
,에스케이넥실리스 주식회사,사업장,1차 비철금속 제조업,,"125,554","2,604",,,,,,,
,에스케이마이크로웍스 주식회사,업체,플라스틱 제품 제조업,,"154,240","3,164",,,,,,,
,에스케이마이크로웍스솔루션즈 주식회사,사업장,플라스틱 제품 제조업,,"38,406",673,,,,,,,
,에스케이멀티유틸리티 주식회사,업체,"증기, 냉ㆍ온수 및 공기 조절 공급업",,"356,042","4,286",,,,,,,
326030,에스케이바이오팜,,,일반서비스,,,KOSPI,,A,B+,A+,A,
,에스케이스페셜티 주식회사,업체,기초 화학물질 제조업,,"261,423","5,416",,,,,,,
,에스케이실트론 주식회사,업체,반도체 제조업,,"410,642","8,623",,,,,,,
,에스케이어드밴스드주식회사,업체,기초 화학물질 제조업,,"529,742","10,547",,,,,,,
,에스케이에너지 주식회사,업체,석유 정제품 제조업,,"7,146,701","75,417",,,,,,,
,에스케이에어플러스 주식회사,업체,기초 화학물질 제조업,,"331,712","6,936",,,,,,,"""에스케이머티리얼즈 에어 플러스 주식회사"" 업체명 변경"
,에스케이에코프라임 주식회사,업체,기타 화학제품 제조업,,"34,212",588,,,,,,,
,에스케이에코플랜트(주),사업장,건설,,"25,242",516,,,,,,,
,에스케이엔무브 주식회사,업체,석유 정제품 제조업,,"169,022","5,954",,,,,,,
,에스케이엔텀 주식회사,업체,보관 및 창고업,,"36,958","1,729",,,,,,,
,에스케이온 주식회사,업체,일차전지 및 축전지 제조업,,"160,618","3,325",,,,,,,
,에스케이지오센트릭 주식회사,업체,기초 화학물질 제조업,,"2,541,554","59,114",,,,,,,
,에스케이키파운드리 주식회사,업체,반도체 제조업,,"290,381","3,648",,,,,,,
,에스케이피아이씨글로벌 주식회사,업체,기초 화학물질 제조업,,"540,380","9,598",,,,,,,
,에스케이하이닉스 시스템아이씨(주),업체,반도체 제조업,,125,2,,,,,,,
,에스티엠 주식회사,사업장,일차전지 및 축전지 제조업,,"54,647","1,141",,,,,,,
052020,에스티큐브,,,유통,,,KOSDAQ,,D,D,D,D,
237690,에스티팜,,,제약,,,KOSDAQ,,A,A,A+,B+,
,에스파워,업체,전기업,,"1,508,447","29,876",,,,,,,
,에스폼(주),사업장,1차 비철금속 제조업,,0,0,,,,,,,
,에스피에스엔에이,사업장,"시멘트, 석회, 플라스터 및 그 외 제품 제조업",,"34,359",702,,,,,,,
,에스피엘(주),사업장,기타 식품 제조업,,"28,691",646,,,,,,,
058610,에스피지,,,전기·전자,,,KOSDAQ,,D,D,D,C,
,에스피환경,사업장,폐기물 처리업,,"73,956",515,,,,,,,
023960,에쓰씨엔지니어링,,,건설,,,KOSPI,,D,C,D,D,
,에어리퀴드코리아 주식회사,업체,기초 화학물질 제조업,,"258,580","3,048",,,,,,,
298690,에어부산,업체,항공 여객 운송업,운송·창고,"163,093","2,341",KOSPI,2.00504E+11,C,B+,B+,D,
,에어서울 주식회사,사업장,항공 여객 운송업,,"21,973",315,,,,,,,
,에어퍼스트,업체,기초 화학물질 제조업,,"674,270","13,928",,,,,,,
,에어프로덕츠코리아 주식회사,업체,기초 화학물질 제조업,,"792,284","16,358",,,,,,,
140910,에이리츠,,,부동산,,,KOSPI,,C,D,D,B,
078520,에이블씨엔씨,,,화학,,,KOSPI,,B+,B,B+,B+,
298380,에이비엘바이오,,,제약,,,KOSDAQ,,C,D,D,B+,
804337,에이비엘생명보험,,,,,,,,등급없음,등급없음,등급없음,B+,
801688,에이아이에이생명보험,,,,,,,,등급없음,등급없음,등급없음,B,
,에이에스이코리아주식회사,사업장,반도체 제조업,,"103,083","2,134",,,,,,,
015260,에이엔피,,,전기·전자,,,KOSPI,,D,C,D,D,
,에이지씨디스플레이글라스오창주식회사,사업장,유리,,"12,558",262,,,,,,,
,에이지씨화인테크노한국주식회사,업체,유리 및 유리제품 제조업,,"200,216","4,022",,,,,,,
,에이치디씨아이파크몰 주식회사,사업장,건물,,"19,898",410,,,,,,,
,에이치디씨폴리올(주),사업장,석유화학,,"33,360",565,,,,,,,
,에이치디씨현대산업개발(주),사업장,건설,,"24,640",504,,,,,,,
,에이치디씨현대이피 주식회사,사업장,석유화학,,"20,719",388,,,,,,,
,에이치디현대삼호 주식회사,업체,선박 및 보트 건조업,,"276,469","4,802",,,,,,,"""현대삼호중공업 주식회사"" 업체명 변경"
,에이치디현대오씨아이 주식회사,업체,기초 화학물질 제조업,,"352,618","3,992",,,,,,,
,에이치디현대오일뱅크,업체,석유 정제품 제조업,,"6,428,458","80,865",,,,,,,
,에이치디현대케미칼주식회사,업체,기초 화학물질 제조업,,"2,719,270","50,104",,,,,,,
,에이치에스지성동조선 주식회사,사업장,선박 및 보트 건조업,,"60,206","1,136",,,,,,,
,에이치엘비에너지㈜,사업장,폐기물 처리업,,"27,071",43,,,,,,,
,에이치엠엠피에스에이신항만(주),사업장,기타 운송관련 서비스업,,"29,022",581,,,,,,,
,에이치해운,사업장,교통(해운),,"17,780",243,,,,,,,
,에이티에너지,사업장,폐기물 처리업,,"21,500",18,,,,,,,
200470,에이팩트,사업장,전기전자,전기·전자,"28,331",589,KOSDAQ,2.87639E+11,,,,,
007460,에이프로젠,,,금속,,,KOSPI,,D,D,D,D,
003060,에이프로젠바이오로직스,사업장,의약품 제조업,제약,"17,335",356,KOSPI,1.02974E+11,D,C,D,D,
244920,에이플러스에셋,,,기타금융,,,KOSPI,,D,D,D,C,
230240,에치에프알,,,전기·전자,,,KOSDAQ,,D,D,D,D,
,에코라임,업체,"시멘트, 석회, 플라스터 및 그 외 제품 제조업",,"104,213",521,,,,,,,
230360,에코마케팅,,,일반서비스,,,KOSDAQ,,C,D,D,B,
086520,에코프로,,,금융,,,KOSDAQ,,C,B,B+,D,
,에코프로머티리얼즈,사업장,일차전지 및 축전지 제조업,,"70,327","1,432",,,,,,,
247540,에코프로비엠,사업장,일차전지 및 축전지 제조업,전기·전자,"68,312","1,424",KOSDAQ,1.43377E+13,C,B,B+,D,
383310,에코프로에이치엔,,,화학,,,KOSDAQ,,B,B,B,B+,
,에코프로에이피,사업장,석유화학,,"31,849",665,,,,,,,
,에코프로이엠,사업장,일차전지 및 축전지 제조업,,"103,448","2,161",,,,,,,
038110,에코플라스틱(주),사업장,자동차,운송장비·부품,"17,731",366,KOSDAQ,1.25978E+11,,,,,
036810,에프에스티,,,전기·전자,,,KOSDAQ,,C,C,D,C,
019490,엑시큐어하이트론,,,전기·전자,,,KOSPI,,D,C,D,D,
,엔아이티,업체,폐기물 처리업,,"163,208",283,,,,,,,
806955,엔에이치농협캐피탈,,,,,,,,등급없음,등급없음,등급없음,A,
181710,엔에이치엔,,,IT 서비스,,,KOSPI,,A,A,A+,A,
,엔이티,사업장,"증기, 냉ㆍ온수 및 공기 조절 공급업",,"6,977",82,,,,,,,
085310,엔케이,,,금속,,,KOSPI,,D,D,D,D,
182400,엔케이맥스,,,제약,,,KOSDAQ,,D,D,D,D,
348370,엔켐,,,화학,,,KOSDAQ,,D,C,C,D,
004250,엔피씨,,,화학,,,KOSPI,,D,C,C,D,
048830,엔피케이,사업장,석유화학,화학,"15,313",316,KOSDAQ,17731555081,,,,,
290650,엘앤씨바이오,,,제약,,,KOSDAQ,,C,D,D,B+,
066970,엘앤에프,사업장,전자 부품 제조업,전기·전자,"138,295","2,842",KOSPI,3.82793E+12,B,B+,A,C,
,엘에스메탈 주식회사,사업장,비철금속,,"21,335",444,,,,,,,
,엘에스엠앤엠 주식회사,업체,1차 비철금속 제조업,,"493,516","8,509",,,,,,,
010120,엘에스일렉트릭,사업장,전기전자,전기·전자,"16,427",340,KOSPI,,A,A,A,A,
,엘에스전선 주식회사,업체,절연선 및 케이블 제조업,,"99,356","2,013",,,,,,,
,엘엑스글라스,업체,유리 및 유리제품 제조업,,"298,344","3,670",,,,,,,
,엘엑스판토스,사업장,도로 화물 운송업,,"46,415",558,,,,,,,
,엘지마그나 이파워트레인 주식회사,사업장,자동차,,"18,891",393,,,,,,,
,엘지씨엔에스,업체,"컴퓨터 프로그래밍, 시스템 통합 및 관리업",,"130,641","2,780",,,,,,,
058970,엠로,,,IT 서비스,,,KOSDAQ,,D,D,D,C,
097520,엠씨넥스,,,전기·전자,,,KOSPI,,B,C,B+,B+,
007820,엠엑스로보틱스,,,기계·장비,,,KOSDAQ,,C,D,C,C,
,엠이엠씨코리아주식회사,사업장,반도체 제조업,,"115,124","2,429",,,,,,,
,엠코테크놀로지코리아(주),업체,반도체 제조업,,"369,182","7,423",,,,,,,
,여수시,업체,폐기물,,"116,702",803,,,,,,,
,여주에너지서비스,업체,발전에너지,,"2,014,575","40,034",,,,,,,
,여천엔씨씨 주식회사,업체,기초 화학물질 제조업,,"3,803,197","73,678",,,,,,,
,연천군,사업장,폐기물,,"16,906",25,,,,,,,
014440,영보화학,,,화학,,,KOSPI,,D,C,C,D,
,영신물산,사업장,"섬유제품 염색, 정리 및 마무리 가공업",,"29,421",198,,,,,,,
,영우해운(주),사업장,교통(해운),,"13,426",188,,,,,,,
111770,영원무역,,,유통,,,KOSPI,,B+,B+,B+,B+,
009970,영원무역홀딩스,,,기타금융,,,KOSPI,,A,B+,B+,A,
,영주시,사업장,폐기물 처리업,,"36,061",133,,,,,,,
003520,영진약품,,,제약,,,KOSPI,,B+,B+,A,B+,
000670,영풍,업체,1차 비철금속 제조업,금속,"766,796","13,573",KOSPI,9.07651E+11,B,C,B,B+,
,영풍전자(주),사업장,전자 부품 제조업,,"38,638",775,,,,,,,
036560,영풍정밀,,,기계·장비,,,KOSDAQ,,B+,B+,A,B+,
006740,영풍제지,사업장,"펄프, 종이 및 판지 제조업",종이·목재,"91,679","1,329",KOSPI,,D,C,D,D,
012280,영화금속,사업장,금속 주조업,운송장비·부품,"87,847","1,290",KOSPI,49081279750,D,C,D,D,
012160,영흥,,,금속,,,KOSPI,,C,C,D,C,
,영흥산업환경,사업장,폐기물 처리업,,"136,221",569,,,,,,,
007310,오뚜기,사업장,기타 식품 제조업,음식료·담배,"93,135","1,877",KOSPI,1.54301E+12,A,A,A+,B+,
,오뚜기라면 주식회사,업체,기타 식품 제조업,,"47,742",960,,,,,,,
,오라이온코리아 주식회사,업체,기초 화학물질 제조업,,"360,685",542,,,,,,,
002630,오리엔트바이오,,,제약,,,KOSPI,,D,D,D,D,
271560,오리온,사업장,기타 식품 제조업,음식료·담배,"74,067","1,481",KOSPI,4.17897E+12,A,A,A,B+,
001800,오리온홀딩스,,,기타금융,,,KOSPI,,A,A,A,A,
010470,오리콤,,,일반서비스,,,KOSDAQ,,B,D,C,B+,
,오미아코리아,사업장,기초 화학물질 제조업,,"45,800",935,,,,,,,
,오비맥주(주),사업장,알코올 음료 제조업,,"90,773","1,918",,,,,,,
,오산시,사업장,하수처리업,,"19,899",263,,,,,,,
,오성연료전지 주식회사,사업장,전기업,,"35,002",0,,,,,,,
039200,오스코텍,,,제약,,,KOSDAQ,,D,D,D,D,
,오씨아이주식회사,업체,기타 화학제품 제조업,,"1,187,244","18,408",,,,,,,
,오영,사업장,석유화학,,"14,127",308,,,,,,,
,오케이에프음료(주),사업장,음료제조업,,"20,171",389,,,,,,,
,옥천군,사업장,지정외 폐기물처리업 등,,"17,258",60,,,,,,,
,온세미컨덕터코리아(주),업체,반도체 제조업,,"193,260","3,199",,,,,,,
,온셀텍,사업장,전자 부품 제조업,,"34,623",722,,,,,,,
005320,온타이드,,,유통,,,KOSPI,,D,D,D,D,
,올품,사업장,식료품 제조업,,"22,914",467,,,,,,,
122990,와이솔,사업장,반도체,전기·전자,"20,144",319,KOSDAQ,1.52908E+11,,,,,
067900,와이엔텍,업체,폐기물 처리업,일반서비스,"158,406",975,KOSDAQ,1.20664E+11,,,,,
007530,와이엠,사업장,기계,금속,"17,196",354,KOSDAQ,56080662120,,,,,
,와이이십이프로젝트금융투자 주식회사,사업장,건물,,"17,446",360,,,,,,,
273060,와이즈버즈,,,일반서비스,,,KOSDAQ,,D,D,D,C,
122870,와이지엔터테인먼트,,,오락·문화,,,KOSDAQ,,B,A,C,B+,
019210,와이지-원,사업장,기계,금속,"16,506",344,KOSDAQ,1.77941E+11,,,,,
,와이케이스틸(주),업체,1차 철강 제조업,,"214,963","3,861",,,,,,,
011690,와이투솔루션,,,전기·전자,,,KOSPI,,C,C,C,C,
,용남고속(주),사업장,육상 여객 운송업,,"21,173",372,,,,,,,
,용산케미칼 주식회사,사업장,기초 화학물질 제조업,,"113,456",958,,,,,,,
,용인시,업체,폐기물 처리업,,"191,023","1,987",,,,,,,
,우룡,업체,"시멘트, 석회, 플라스터 및 그 외 제품 제조업",,"168,720",752,,,,,,,
316140,우리금융지주,,,기타금융,,,KOSPI,,A,A+,A,B+,
033660,우리금융캐피탈,,,,,,,,등급없음,등급없음,등급없음,B,
041190,우리기술투자,,,금융,,,KOSDAQ,,D,D,D,D,
000030,우리은행,업체,건물,,"71,633","1,090",,,등급없음,등급없음,등급없음,B+,
010050,우리종합금융,,,,,,,,등급없음,등급없음,등급없음,B+,
879070,우리카드,,,,,,,,등급없음,등급없음,등급없음,A,
,우림해운(주),사업장,교통(해운),,"24,338",335,,,,,,,
006980,우성,,,음식료·담배,,,KOSPI,,D,D,C,D,
011300,우성머티리얼스,,,섬유·의류,,,KOSPI,,D,D,D,D,
,우성염직,사업장,섬유,,"12,442",196,,,,,,,
,우신금속,사업장,비철금속,,"23,769",372,,,,,,,
017370,우신시스템,,,기계·장비,,,KOSPI,,C,D,D,B,
,우익반도체,사업장,전기전자,,"31,277",646,,,,,,,
,우지막코리아(주),사업장,요업,,"4,201",85,,,,,,,
105840,우진,,,의료·정밀기기,,,KOSPI,,C,D,C,B,
010400,우진아이엔에스,,,건설,,,KOSPI,,C,C,C,B,
049800,우진플라임,,,기계·장비,,,KOSPI,,D,C,D,D,
,우진환경개발(주),사업장,폐기물 처리업,,"67,813",771,,,,,,,
,우체국물류지원단,사업장,육상운송 및 파이프라인 운송업,,"18,542",273,,,,,,,
,울산과학기술원,사업장,고등 교육기관,,"37,607",786,,,,,,,
,울산광역시,업체,폐기물 처리업,,"315,968","3,065",,,,,,,
,울산아로마틱스(주),업체,기초 화학물질 제조업,,"430,585","10,023",,,,,,,
,울산알루미늄 주식회사,업체,1차 비철금속 제조업,,"157,457","3,196",,,,,,,
,울산피피주식회사,사업장,합성고무 및 플라스틱 물질 제조업,,"49,134","1,389",,,,,,,
016880,웅진,,,일반서비스,,,KOSPI,,B,C,B+,B,
095720,웅진씽크빅,,,일반서비스,,,KOSPI,,B,B,A+,C,
,원강산업(주),사업장,기계,,"21,731",451,,,,,,,
005820,원림,,,섬유·의류,,,KOSPI,,D,D,D,C,
240810,원익IPS,사업장,특수 목적용 기계 제조업,기계·장비,"27,441",536,KOSDAQ,,B,B,A,C,
074600,원익QnC,,,비금속,,,KOSDAQ,,C,B+,A,D,
,원주시,사업장,"하수, 폐수 및 분뇨 처리업",,"57,836",732,,,,,,,
336570,원텍,,,의료·정밀기기,,,KOSDAQ,,D,D,D,D,
010600,웰바이오텍,,,유통,,,KOSPI,,D,D,D,D,
069080,웹젠,,,IT 서비스,,,KOSDAQ,,B,D,C,B+,
,위드인천에너지(주),업체,"증기, 냉ㆍ온수 및 공기 조절 공급업",,"22,850",492,,,,,,,
112040,위메이드,,,IT 서비스,,,KOSDAQ,,C,B+,A,C,
097800,윈팩,사업장,반도체 제조업,전기·전자,"24,045",500,KOSDAQ,70408318164,,,,,
008600,윌비스,,,유통,,,KOSPI,,D,D,C,D,
033270,유나이티드,,,제약,,,KOSPI,,B+,B,B+,B+,
014830,유니드,업체,기초 화학물질 제조업,화학,"300,606","7,482",KOSPI,4.54783E+11,B,B,B+,B,
446070,유니드비티플러스,업체,나무제품 제조업,종이·목재,"54,199","2,217",KOSPI,36555635675,C,C,C,C,
018000,유니슨,,,기계·장비,,,KOSDAQ,,C,C,C,B,
000910,유니온,업체,"시멘트, 석회, 플라스터 및 그 외 제품 제조업",비금속,"142,490","1,162",KOSPI,65256567420,C,C,C,B,
047400,유니온머티리얼,사업장,"내화, 비내화 요업제품 제조업",비금속,"37,845",763,KOSPI,56112000000,C,C,D,C,
011330,유니켐,,,섬유·의류,,,KOSPI,,D,C,D,D,
077500,유니퀘스트,,,유통,,,KOSPI,,D,D,D,C,
,유니큰,업체,폐기물 처리업,,"89,177",490,,,,,,,
086390,유니테스트,,,기계·장비,,,KOSDAQ,,C,D,C,C,
,유니투스 주식회사,업체,자동차 신품 부품 제조업,,"68,712","1,426",,,,,,,
002920,유성기업,사업장,자동차,운송장비·부품,"13,596",279,KOSPI,57603450000,C,C,C,B,
024800,유성티엔에스,사업장,도로 화물 운송업,운송·창고,"26,598",384,KOSDAQ,91517975640,,,,,
000700,유수홀딩스,,,일반서비스,,,KOSPI,,B+,B+,A,B+,
003470,유안타증권,,,증권,,,KOSPI,,C,C,D,C,
072130,유엔젤,,,IT 서비스,,,KOSPI,,D,D,D,D,
000220,유유제약,,,제약,,,KOSPI,,C,D,C,C,
023410,유진기업,,,비금속,,,KOSDAQ,,D,D,D,D,
,유진로지스틱스,사업장,도로 화물 운송업,,"22,940",333,,,,,,,
001200,유진증권,,,증권,,,KOSPI,,C,B,D,C,
084370,유진테크,,,기계·장비,,,KOSDAQ,,C,C,C,C,
000100,유한양행,사업장,석유화학,제약,"17,597",362,KOSPI,8.98845E+12,A,B+,A+,A,
,유한킴벌리 주식회사,업체,"펄프, 종이 및 판지 제조업",,"199,589","3,999",,,,,,,
,유한화학,사업장,석유화학,,"20,739",380,,,,,,,
,유한회사 사조씨피케이,업체,"곡물 가공품, 전분 및 전분제품 제조업",,"135,361","2,432",,,,,,,
,유한회사 스태츠칩팩코리아,사업장,반도체 제조업,,"76,436","1,572",,,,,,,
,유한회사 클라리오스델코,사업장,전기전자,,"52,469","1,087",,,,,,,
003460,유화증권,,,증권,,,KOSPI,,D,D,D,C,
372170,윤성에프앤씨,,,기계·장비,,,KOSDAQ,,C,C,D,C,
008730,율촌화학,사업장,플라스틱 제품 제조업,화학,"81,954","1,509",KOSPI,6.3984E+11,C,C,C,C,
,음성에코파크(주),사업장,발전에너지,,"60,857",4,,,,,,,
,의료법인 길 의료재단,사업장,건물,,"21,181",435,,,,,,,
,의정부시,사업장,"하수, 폐수 및 분뇨 처리업",,"82,379",400,,,,,,,
008250,이건산업,,,종이·목재,,,KOSPI,,D,D,D,D,
,이건에너지(주),사업장,산업단지,,"15,254","2,615",,,,,,,
025820,이구산업,사업장,1차 비철금속 제조업,금속,"36,264",748,KOSPI,1.86272E+11,C,C,D,B,
214320,이노션,,,일반서비스,,,KOSPI,,A,A,A+,B+,
272290,이녹스첨단소재,사업장,전자 부품 제조업,전기·전자,"30,420",556,KOSDAQ,4.53354E+11,B+,B+,B,B+,
,이누스 주식회사,사업장,"내화, 비내화 요업제품 제조업",,"52,998",903,,,,,,,
053350,이니텍,,,IT 서비스,,,KOSDAQ,,B,C,C,B+,
,이도에코오산(주),사업장,폐기물 처리업,,"47,492",33,,,,,,,
,이도에코전주(주),사업장,폐기물 처리업,,"42,693",23,,,,,,,
,이랜드리테일,업체,종합 소매업,,"155,694","3,235",,,,,,,
139480,이마트,업체,종합 소매업,유통,"522,497","10,881",KOSPI,2.24354E+12,A,A,A,A,
007660,이수페타시스,사업장,전자 부품 제조업,전기·전자,"49,020",951,KOSPI,8.75038E+12,B,B+,A,C,
005950,이수화학,업체,기초 화학물질 제조업,화학,"277,942","5,001",KOSPI,2.1719E+11,B,B+,B+,C,
015020,이스타코,,,부동산,,,KOSPI,,D,D,D,D,
,이스타항공,업체,항공 여객 운송업,,"122,762","1,757",,,,,,,
,이스트만화이버코리아 주식회사,사업장,화학섬유 제조업,,"42,245",716,,,,,,,
093230,이아이디,,,,,,,,D,D,D,D,
,이알지서비스,사업장,폐기물 처리업,,"83,417",60,,,,,,,
,이에스티,사업장,폐기물 처리업,,"68,030",11,,,,,,,
074610,이엔플러스,,,기계·장비,,,KOSPI,,D,C,D,D,
,이엠케이승경,사업장,폐기물 처리업,,"45,824",521,,,,,,,
091120,이엠텍,,,전기·전자,,,KOSDAQ,,D,D,D,C,
102460,이연제약,,,제약,,,KOSPI,,C,D,D,B+,
039030,이오테크닉스,,,기계·장비,,,KOSDAQ,,D,C,D,D,
294090,이오플로우,,,의료·정밀기기,,,KOSDAQ,,C,D,C,B,
084680,이월드,,,기타제조,,,KOSPI,,D,D,D,D,
,이지스제210호전문투자형사모부동산투자회사,사업장,건물,,"20,982",435,,,,,,,
,이천시,사업장,폐기물 처리업,,"120,026",633,,,,,,,
000760,이화산업,,,유통,,,KOSPI,,D,C,D,D,
,익산시,사업장,폐기물 처리업,,"74,429",572,,,,,,,
014990,인디에프,,,섬유·의류,,,KOSPI,,D,D,D,C,
101140,인바이오젠,,,유통,,,KOSPI,,D,D,D,D,
060150,인선이엔티,,,일반서비스,,,KOSDAQ,,C,C,C,C,
006490,인스코비,,,통신,,,KOSPI,,D,D,D,D,
,인제군,사업장,폐기물,,"24,069",35,,,,,,,
,인지에이엠티(주),사업장,자동차,,"20,590",424,,,,,,,
023800,인지컨트롤스,,,운송장비·부품,,,KOSPI,,C,C,C,C,
,인천공항에너지,업체,"증기, 냉ㆍ온수 및 공기 조절 공급업",,"185,004","3,674",,,,,,,
,인천광역시,업체,폐기물 처리업,,"398,065","4,977",,,,,,,
,인천교통공사,사업장,육상 여객 운송업,,"117,332","2,421",,,,,,,
,인천국제공항공사,업체,기타 운송관련 서비스업,,"267,110","5,157",,,,,,,
034590,인천도시가스,,,전기·가스,,,KOSPI,,B,D,B,B+,
,인천연료전지(주),업체,전기업,,"167,926",18,,,,,,,
,인천종합에너지(주),업체,"증기, 냉ㆍ온수 및 공기 조절 공급업",,"397,688","7,984",,,,,,,
216050,인크로스,,,일반서비스,,,KOSDAQ,,B,D,C,B+,
049070,인탑스,,,전기·전자,,,KOSDAQ,,B,C,B+,B,
129260,인터지스,사업장,도로 화물 운송업,운송·창고,"32,691",485,KOSPI,71394897600,C,C,C,C,
051370,인터플렉스,사업장,전자 부품 제조업,전기·전자,"36,807",769,KOSDAQ,2.46805E+11,C,C,B,C,
189300,인텔리안테크,,,전기·전자,,,KOSDAQ,,C,B,B,C,
023810,인팩,,,운송장비·부품,,,KOSPI,,C,C,D,C,
,인프라에어홀딩스 주식회사,업체,기초 화학물질 제조업,,"260,445","5,441",,,,,,,
,일강,사업장,자동차,,"19,141",393,,,,,,,
249420,일동제약,,,제약,,,KOSPI,,A,A,A,B+,
000230,일동홀딩스,,,제약,,,KOSPI,,B+,A,A,B+,
013360,일성건설,,,건설,,,KOSPI,,D,C,D,D,
003120,일성아이에스,,,제약,,,KOSPI,,D,D,D,C,
,일신로지스틱스주식회사,사업장,교통(해운),,"15,043",217,,,,,,,
003200,일신방직,사업장,방적 및 가공사 제조업,섬유·의류,"50,727","1,059",KOSPI,2.85163E+11,D,C,C,D,
007110,일신석재,,,유통,,,KOSPI,,D,D,D,D,
007570,일양약품,,,제약,,,KOSPI,,C,D,C,B+,
008500,일정실업,,,섬유·의류,,,KOSPI,,D,D,D,D,
,일진글로벌,사업장,자동차 신품 부품 제조업,,"122,351","2,549",,,,,,,
081000,일진다이아,,,화학,,,KOSPI,,D,D,D,C,
020760,일진디스플레이,사업장,전자 부품 제조업,전기·전자,"15,664",326,KOSPI,,C,C,D,B,
103590,일진전기,,,전기·전자,,,KOSPI,,D,C,C,D,
,일진제강(주),사업장,1차 철강 제조업,,"53,130","1,073",,,,,,,
271940,일진하이솔루스,,,운송장비·부품,,,KOSPI,,C,C,C,C,
015860,일진홀딩스,,,기타금융,,,KOSPI,,B,C,C,B+,
226320,잇츠한불,,,화학,,,KOSPI,,C,C,C,B,
317400,자이에스앤디,,,부동산,,,KOSPI,,B,C,B+,B,
033240,자화전자,,,전기·전자,,,KOSPI,,C,C,D,C,
,재단법인 대구경북과학기술원,사업장,고등 교육기관,,"31,474",643,,,,,,,
,재단법인 아산사회복지재단,사업장,병원,,"95,744","1,928",,,,,,,
,재단법인 오송첨단의료산업진흥재단,사업장,건물,,"16,372",335,,,,,,,
,재원산업,사업장,기초 화학물질 제조업,,"25,225",665,,,,,,,
,전남대학교,사업장,고등 교육기관,,"37,811",769,,,,,,,
000950,전방,업체,섬유,섬유·의류,"17,410",362,KOSPI,59388000000,D,C,D,D,
,전북고속,사업장,육상 여객 운송업,,"16,758",238,,,,,,,
,전북대학교,사업장,고등 교육기관,,"35,713",735,,,,,,,
,전북대학교병원,사업장,건물,,"21,845",458,,,,,,,
006350,전북은행,,,,,,,,등급없음,등급없음,등급없음,B+,
,전북집단에너지 주식회사,업체,"증기, 냉ㆍ온수 및 공기 조절 공급업",,"195,564","2,313",,,,,,,
,전주시,업체,폐기물 처리업,,"168,919","1,771",,,,,,,
,전주원파워,사업장,전기업,,"42,794","6,028",,,,,,,
,전주페이퍼,업체,"펄프, 종이 및 판지 제조업",,"449,587","8,181",,,,,,,
,전차연물류(주),사업장,교통(화물),,"14,359",204,,,,,,,
,정·식품,사업장,음료제조업,,"17,976",361,,,,,,,
,정선라임,사업장,"시멘트, 석회, 플라스터 및 그 외 제품 제조업",,"86,578",284,,,,,,,
095700,제넥신,,,일반서비스,,,KOSDAQ,,C,D,C,B,
,제때,사업장,교통(화물),,"25,825",463,,,,,,,
,제양항공해운,사업장,해상 운송업,,718,10,,,,,,,
,제이비 주식회사,사업장,"증기, 냉ㆍ온수 및 공기 조절 공급업",,"28,524",572,,,,,,,
818905,제이비우리캐피탈,,,,,,,,등급없음,등급없음,등급없음,B+,
,제이셋스태츠칩팩코리아(유),사업장,반도체 제조업,,"100,223","2,090",,,,,,,
287410,제이시스메디칼,,,,,,,,C,D,D,B,
,제이아이금속(주),사업장,비철금속,,"19,157",311,,,,,,,
204270,제이앤티씨,,,전기·전자,,,KOSDAQ,,C,C,D,C,
194370,제이에스코퍼레이션,,,섬유·의류,,,KOSPI,,C,D,D,B+,
,제이엠씨,사업장,기초 화학물질 제조업,,"33,421",736,,,,,,,
025620,제이준코스메틱,,,화학,,,KOSPI,,D,D,D,D,
030000,제일기획,,,일반서비스,,,KOSPI,,A,A,A+,A,
271980,제일약품,,,제약,,,KOSPI,,C,C,B+,D,
001560,제일연마,,,비금속,,,KOSPI,,C,C,D,B+,
002620,제일파마홀딩스,,,일반서비스,,,KOSPI,,C,C,B+,C,
,제주신화월드 주식회사,사업장,일반 및 생활 숙박시설 운영업,,"44,436",882,,,,,,,"""람정제주개발 주식회사"" 업체명 변경"
006220,제주은행,,,은행,,,KOSPI,,A,A,A,A,
,제주특별자치도,업체,폐기물 처리업,,"354,623","3,359",,,,,,,
,제주특별자치도개발공사,사업장,비알코올 음료 및 얼음 제조업,,"32,721",664,,,,,,,
089590,제주항공,업체,항공 여객 운송업,운송·창고,"228,618","3,278",KOSPI,4.36268E+11,A,A+,A+,B+,
,제천시,사업장,"하수, 폐수 및 분뇨 처리업",,"45,322",354,,,,,,,
,젤텍,사업장,석유화학,,"14,308",487,,,,,,,
082270,젬백스,,,기계·장비,,,KOSDAQ,,D,C,C,D,
004910,조광페인트,,,화학,,,KOSPI,,B+,B+,A,B,
004700,조광피혁,,,섬유·의류,,,KOSPI,,C,D,D,B,
001550,조비,,,화학,,,KOSPI,,D,D,D,D,
462520,조선내화(주),사업장,요업,비금속,"18,507",353,KOSPI,1.67158E+11,,,,,
120030,조선선재,,,금속,,,KOSPI,,D,D,D,C,
018470,조일알미늄,사업장,1차 비철금속 제조업,금속,"84,268","1,706",KOSPI,1.64748E+11,C,C,D,B,
002600,조흥,사업장,식료품 제조업,음식료·담배,"16,363",353,KOSPI,96000000000,B,B+,C,B,
,존슨일렉트릭오퍼레이션스(주),사업장,자동차,,"16,579",328,,,,,,,
185750,종근당,사업장,석유화학,제약,"19,934",554,KOSPI,1.14425E+12,A,A,A,B+,
063160,종근당바이오,사업장,기초 의약 물질 및 생물학적 제제 제조업,제약,"92,309","1,937",KOSPI,1.11639E+11,B+,B+,A,B+,
001630,종근당홀딩스,,,제약,,,KOSPI,,A,A,A,A,
036930,주성엔지니어링,사업장,기계,기계·장비,"19,662",406,KOSDAQ,1.30933E+12,B+,B+,A,B+,
109070,주성코퍼레이션,,,전기·전자,,,KOSPI,,D,C,D,D,
044380,주연테크,,,전기·전자,,,KOSPI,,D,D,D,D,
,중소기업은행,업체,건물,,"55,321",799,,,,,,,
,중앙고속,사업장,육상 여객 운송업,,"47,642",680,,,,,,,
,중일,사업장,1차 비철금속 제조업,,"29,361",293,,,,,,,
013890,지누스,,,기타제조,,,KOSPI,,A,A,A+,A,
144510,지씨셀,,,일반서비스,,,KOSDAQ,,B+,B+,A,B,
,지알엠,사업장,1차 비철금속 제조업,,"79,123",963,,,,,,,
,지에스동해전력,업체,전기업,,"2,368,116","26,420",,,,,,,
,지에스에코메탈 주식회사,사업장,비철금속,,"25,012",338,,,,,,,
,지에스이앤알,업체,"증기, 냉ㆍ온수 및 공기 조절 공급업",,632,12,,,,,,,
,지에스이피에스,업체,전기업,,"3,006,264","70,079",,,,,,,
,지에스칼텍스 주식회사,업체,석유 정제품 제조업,,"8,645,917","120,114",,,,,,,
,지에스포천그린에너지,업체,"증기, 냉ㆍ온수 및 공기 조절 공급업",,"959,022","13,074",,,,,,,
013870,지엠비코리아,,,운송장비·부품,,,KOSPI,,D,D,C,D,
,지엠씨,사업장,광업,,"13,954",290,,,,,,,
,지엠테크니컬센터코리아 주식회사,사업장,건물,,"14,310",291,,,,,,,
071320,지역난방공사,,,전기·가스,,,KOSPI,,A+,A+,A+,A,
088790,진도,,,유통,,,KOSPI,,D,D,D,D,
018120,진로발효,사업장,알코올 음료 제조업,음식료·담배,"30,278",734,KOSDAQ,1.19776E+11,,,,,
003780,진양산업,,,화학,,,KOSPI,,D,D,D,D,
,진양특수강(주),사업장,1차 철강 제조업,,"28,105",561,,,,,,,
010640,진양폴리우레탄,,,화학,,,KOSPI,,D,D,D,D,
100250,진양홀딩스,,,화학,,,KOSPI,,D,D,D,D,
051630,진양화학,,,화학,,,KOSPI,,D,C,C,D,
272450,진에어,업체,항공 여객 운송업,운송·창고,"217,123","3,108",KOSPI,3.61746E+11,A,A+,A,A,
,진영페이퍼 주식회사,사업장,"펄프, 종이 및 판지 제조업",,"90,152",875,,,,,,,
011000,진원생명과학,,,제약,,,KOSPI,,D,D,D,D,
,진주시,사업장,폐기물 처리업,,"123,714",605,,,,,,,
,진천군,사업장,폐기물,,"19,877",163,,,,,,,
,진합,사업장,자동차 신품 부품 제조업,,"26,316",546,,,,,,,
002780,진흥기업,,,건설,,,KOSPI,,C,D,C,B,
,진흥주물,사업장,철강,,"30,311",531,,,,,,,
085660,차바이오텍,,,제약,,,KOSDAQ,,C,D,C,C,
009310,참엔지니어링,,,기계·장비,,,KOSPI,,D,D,D,C,
,참프레,사업장,"도축, 육류 가공 및 저장 처리업",,"42,987",860,,,,,,,
,창원그린,업체,폐기물 처리업,,"57,512",21,,,,,,,"""(주)에코비트그린"" 업체명 변경"
,창원시,업체,폐기물 처리업,,"240,936","2,417",,,,,,,
,창원에너텍,사업장,폐기물 처리업,,"77,277","1,032",,,,,,,
278280,천보,,,화학,,,KOSDAQ,,C,C,D,C,
,천안시,업체,폐기물 처리업,,"157,838","1,745",,,,,,,
000650,천일고속,사업장,육상 여객 운송업,운송·창고,"21,368",305,KOSPI,5.038E+11,D,C,D,D,
,천일정기화물자동차(주),사업장,교통(화물),,"20,004",289,,,,,,,
,천일제지(주),사업장,"펄프, 종이 및 판지 제조업",,"61,416","1,000",,,,,,,
,청명,사업장,폐기물,,"25,597",511,,,,,,,
,청송산업개발,사업장,폐기물 처리업,,"71,731",520,,,,,,,
,청양산업 주식회사,사업장,육상운송 및 파이프라인 운송업,,"11,975",170,,,,,,,
,청주시,업체,폐기물 처리업,,"223,223","1,892",,,,,,,
,청주에코파크 주식회사,사업장,전기업,,"55,904",2,,,,,,,
012600,청호ICT,,,,,,,,D,D,D,D,
066360,체리부로,사업장,식료품 제조업,음식료·담배,"15,210",310,KOSDAQ,36059915280,,,,,
033250,체시스,,,운송장비·부품,,,KOSPI,,D,C,D,D,
,초당환경(유),사업장,폐기물 처리업,,"25,578",72,,,,,,,
,춘천시,업체,폐기물 처리업,,"100,615","1,559",,,,,,,
,춘천에너지 주식회사,업체,"증기, 냉ㆍ온수 및 공기 조절 공급업",,"876,707","15,881",,,,,,,
,충남고속,사업장,육상 여객 운송업,,"23,447",334,,,,,,,
,충남대학교,사업장,고등 교육기관,,"30,486",631,,,,,,,
,충남대학교병원,사업장,건물,,"20,156",418,,,,,,,
,충무화학,업체,"시멘트, 석회, 플라스터 및 그 외 제품 제조업",,"155,600",637,,,,,,,
,충북대학교,사업장,건물,,"20,700",419,,,,,,,
,충주시,사업장,폐기물 처리업,,"74,508",749,,,,,,,
,카길애그리퓨리나,사업장,식료품 제조업,,"21,263",434,,,,,,,
035720,카카오,,,IT 서비스,,,KOSPI,,A,A+,A,B+,
293490,카카오게임즈,,,IT 서비스,,,KOSDAQ,,A,A,A+,A,
323410,카카오뱅크,,,은행,,,KOSPI,,A,A,A,A,
377300,카카오페이,,,기타금융,,,KOSPI,,B+,A,B+,B+,
,카펙발레오,사업장,자동차,,"22,015",444,,,,,,,
006380,카프로,업체,기초 화학물질 제조업,화학,"12,244",237,KOSPI,6.1854E+11,D,C,D,D,
071850,캐스텍코리아,사업장,철강,운송장비·부품,"17,076",300,KOSDAQ,37434627334,,,,,
119860,커넥트웨이브,,,,,,,,C,D,C,C,
,컬러스앤이펙츠코리아(주),사업장,석유화학,,"15,990",551,,,,,,,
078340,컴투스,,,IT 서비스,,,KOSDAQ,,A,A,A+,B+,
214370,케어젠,,,제약,,,KOSDAQ,,B,C,C,B+,
807958,케이디비생명보험,,,,,,,,등급없음,등급없음,등급없음,B,
800172,케이뱅크은행,,,,,,,,등급없음,등급없음,등급없음,B+,
,케이브이머티리얼즈 주식회사,사업장,유리,,"17,098",438,,,,,,,
861717,케이비국민카드,,,,,,,,등급없음,등급없음,등급없음,A,
,케이비아이국인산업,업체,폐기물 처리업,,"247,354",114,,,,,,,
001620,케이비아이동국실업,,,운송장비·부품,,,KOSPI,,D,D,D,D,
,케이비아이텍,업체,폐기물 처리업,,"151,791",178,,,,,,,
003450,케이비증권,,,,,,,,등급없음,등급없음,등급없음,B+,
021960,케이비캐피탈,,,,,,,,등급없음,등급없음,등급없음,B+,
029460,케이씨,업체,기초 화학물질 제조업,의료·정밀기기,"181,558","2,520",KOSPI,3.37397E+11,B,C,B+,B,
,케이씨글라스(주),사업장,유리 및 유리제품 제조업,,"42,720",709,,,,,,,
002380,케이씨씨,업체,"시멘트, 석회, 플라스터 및 그 외 제품 제조업",화학,"611,594","11,491",KOSPI,,B+,B+,A,B+,
344820,케이씨씨글라스,업체,유리 및 유리제품 제조업,비금속,"718,215","9,619",KOSPI,,A,A,A+,B+,
,케이씨씨실리콘,업체,기초 화학물질 제조업,,"108,896","1,765",,,,,,,
281820,케이씨텍,,,의료·정밀기기,,,KOSPI,,C,C,C,B,
009070,케이씨티시,,,운송·창고,,,KOSPI,,D,C,D,D,
,케이알에너지(주),사업장,"증기, 냉ㆍ온수 및 공기 조절 공급업",,"44,016",472,,,,,,,
,케이알코폴리머 유한회사,사업장,합성고무 및 플라스틱 물질 제조업,,"28,916",387,,,,,,,
,케이에이에프 주식회사,사업장,섬유,,"24,420",420,,,,,,,
,케이에프엔티,사업장,석유화학,,"21,733",458,,,,,,,
105330,케이엔더블유,,,운송장비·부품,,,KOSDAQ,,C,C,C,C,
032500,케이엠더블유,,,전기·전자,,,KOSDAQ,,C,C,D,C,
,케이엠씨해운 주식회사,사업장,해상 운송업,,"43,505",603,,,,,,,
,케이오씨(주),사업장,기초 화학물질 제조업,,"35,161",842,,,,,,,
,케이원전자,사업장,전기전자,,"23,937",499,,,,,,,
,케이조선,사업장,선박 및 보트 건조업,,"63,962","1,153",,,,,,,
381970,케이카,,,유통,,,KOSPI,,B,C,B,B,
145270,케이탑리츠,,,부동산,,,KOSPI,,D,D,D,D,
030200,케이티,업체,전기 통신업,통신,"1,141,171","23,543",KOSPI,,A+,A,A+,A+,
053210,케이티스카이라이프,,,오락·문화,,,KOSPI,,B+,B+,A,B+,
036030,케이티알파,,,유통,,,KOSDAQ,,B+,B+,A,B+,
033780,케이티앤지,사업장,담배 제조업,음식료·담배,"104,110","2,109",KOSPI,,A,A,A+,A,
,케이티클라우드,업체,"자료 처리, 호스팅, 포털 및 기타 인터넷 정보 매개 서비스업",,"347,380","7,406",,,,,,,
064820,케이프,사업장,조선,운송장비·부품,"14,825",264,KOSDAQ,3.07472E+11,,,,,
024880,케이피에프,사업장,기타 금속 가공제품 제조업,금속,"43,892",906,KOSDAQ,1.04286E+11,,,,,
,케이피이그린에너지,사업장,전기업,,"58,289",7,,,,,,,
,케이피텍,사업장,석유화학,,"9,117",189,,,,,,,
089010,켐트로닉스,사업장,디스플레이,화학,"22,102",461,KOSDAQ,4.99983E+11,,,,,
,코넥,사업장,자동차 신품 부품 제조업,,"39,621",786,,,,,,,
,코닝정밀소재 주식회사,업체,유리 및 유리제품 제조업,,"490,292","9,852",,,,,,,
046070,코다코,사업장,자동차 신품 부품 제조업,운송장비·부품,"39,518",808,KOSDAQ,1.59197E+11,,,,,
,코리아PTG(주),사업장,기초 화학물질 제조업,,"103,089",900,,,,,,,
007810,코리아써키트,사업장,전자 부품 제조업,전기·전자,"127,197","2,578",KOSPI,1.14088E+12,C,B,D,D,
190650,코리아에셋투자증권,,,금융,,,KOSDAQ,,C,D,B,C,
,코리아에어텍,사업장,기초 화학물질 제조업,,"59,020","1,232",,,,,,,
003690,코리안리,,,보험,,,KOSPI,,A,A,A+,A,
183300,코미코,,,기계·장비,,,KOSDAQ,,B,A,B,C,
041960,코미팜,,,제약,,,KOSDAQ,,C,C,D,C,
192820,코스맥스,,,화학,,,KOSPI,,B+,A,A+,B,
044820,코스맥스비티아이,,,기타금융,,,KOSPI,,B,A,A+,C,
005070,코스모신소재,사업장,기타 화학제품 제조업,화학,"62,428","1,164",KOSPI,1.40772E+12,C,C,D,C,
005420,코스모화학,사업장,기초 화학물질 제조업,화학,"94,980","1,720",KOSPI,5.51158E+11,D,C,D,D,
,코스틸,사업장,1차 철강 제조업,,"10,611",212,,,,,,,
,코스포영남파워 주식회사,업체,전기업,,"850,361","16,906",,,,,,,
071950,코아스,,,기타제조,,,KOSPI,,C,C,D,B,
,코어엔텍 주식회사,업체,폐기물 처리업,,"293,163","1,833",,,,,,,
,코엔텍,업체,폐기물 처리업,,"328,628",617,,,,,,,
002020,코오롱,,,기타금융,,,KOSPI,,B+,B+,A,B,
138490,코오롱ENP,,,화학,,,KOSPI,,B,B+,C,B+,
003070,코오롱글로벌,,,건설,,,KOSPI,,B+,B,A,B+,
,코오롱글로텍(주),사업장,섬유,,"20,679",332,,,,,,,
,코오롱바스프이노폼 주식회사,사업장,합성고무 및 플라스틱 물질 제조업,,"101,273","1,600",,,,,,,
102940,코오롱생명과학,,,제약,,,KOSDAQ,,C,D,C,B+,
,코오롱이앤피(주),업체,합성고무 및 플라스틱 물질 제조업,,"131,361","2,125",,,,,,,
120110,코오롱인더스트리,업체,합성고무 및 플라스틱 물질 제조업,화학,"554,983","10,324",KOSPI,,A,B+,A+,B+,
021240,코웨이,,,일반서비스,,,KOSPI,,A,B+,A+,B+,
033290,코웰패션,,,유통,,,KOSDAQ,,C,C,D,C,
,코카콜라음료(주),사업장,음료제조업,,"20,014",408,,,,,,,
036420,콘텐트리중앙,,,오락·문화,,,KOSPI,,D,C,D,D,
200130,콜마비앤에이치,,,제약,,,KOSDAQ,,A,B+,A,A,
024720,콜마홀딩스,,,기타금융,,,KOSPI,,A,A,A+,A,
031820,콤텍시스템,,,IT 서비스,,,KOSPI,,C,B+,B+,D,
192400,쿠쿠홀딩스,,,기타금융,,,KOSPI,,C,D,C,B,
284740,쿠쿠홈시스,,,일반서비스,,,KOSPI,,C,D,C,B,
,쿠팡로지스틱스서비스 유한회사,사업장,도로 화물 운송업,,"97,956","1,664",,,,,,,
,쿠팡풀필먼트서비스 유한회사,업체,보관 및 창고업,,"236,793","4,930",,,,,,,
060280,큐렉소,,,유통,,,KOSDAQ,,D,D,D,D,
016600,큐캐피탈,,,금융,,,KOSDAQ,,D,D,D,D,
,크나우프석고보드 주식회사,업체,"시멘트, 석회, 플라스터 및 그 외 제품 제조업",,"110,088","2,187",,,,,,,
264900,크라운제과,,,음식료·담배,,,KOSPI,,C,C,C,B,
005740,크라운해태홀딩스,,,기타금융,,,KOSPI,,C,C,C,C,
259960,크래프톤,,,IT 서비스,,,KOSPI,,B+,C,A,A,
214150,클래시스,,,의료·정밀기기,,,KOSDAQ,,A+,A,A+,A+,
020120,키다리스튜디오,,,IT 서비스,,,KOSPI,,D,D,D,D,
039490,키움증권,,,증권,,,KOSPI,,B+,B,A,B+,
054780,키이스트,,,오락·문화,,,KOSDAQ,,D,D,D,D,
,타타대우모빌리티 주식회사,사업장,자동차,,"16,325",308,,,,,,,"""타타대우상용차 주식회사"" 업체명 변경"
360070,탑머티리얼,,,전기·전자,,,KOSDAQ,,C,D,D,B,
014580,태경비케이,업체,"시멘트, 석회, 플라스터 및 그 외 제품 제조업",비금속,"611,753","2,532",KOSPI,1.26882E+11,D,C,D,D,
015890,태경산업,업체,1차 철강 제조업,화학,"99,941","1,409",KOSPI,1.44682E+11,D,C,D,D,
006890,태경케미컬,,,화학,,,KOSPI,,D,D,C,D,
003240,태광산업,업체,기초 화학물질 제조업,화학,"895,831","12,933",KOSPI,8.48411E+11,B,B+,A+,C,
,태림페이퍼주식회사,업체,"펄프, 종이 및 판지 제조업",,"385,762","5,760",,,,,,,
011280,태림포장,,,종이·목재,,,KOSPI,,B,B+,A+,C,
,태봉광업 주식회사,업체,"시멘트, 석회, 플라스터 및 그 외 제품 제조업",,"241,973",611,,,,,,,
,태상,사업장,기타 금속 가공제품 제조업,,"57,201","1,113",,,,,,,
004100,태양금속공업,사업장,기계,운송장비·부품,"20,806",399,KOSPI,,C,C,D,C,
009410,태영건설,사업장,건설,건설,"19,192",377,KOSPI,5.22568E+11,B,B+,B+,C,
,태영세라믹(주),사업장,"내화, 비내화 요업제품 제조업",,"32,550",539,,,,,,,
,태영열처리,사업장,기계,,"14,249",294,,,,,,,
,태영이엠씨,업체,"시멘트, 석회, 플라스터 및 그 외 제품 제조업",,"148,256",773,,,,,,,
,태우,사업장,비철금속,,"17,165",334,,,,,,,
044490,태웅,업체,1차 철강 제조업,금속,"162,294","2,950",KOSDAQ,5.1519E+11,,,,,
001420,태원물산,,,운송장비·부품,,,KOSPI,,D,D,D,D,
,태평양금속,사업장,"내화, 비내화 요업제품 제조업",,"37,112",754,,,,,,,
095610,테스,,,기계·장비,,,KOSDAQ,,B+,B,B+,B+,
055490,테이팩스,,,화학,,,KOSPI,,B+,B+,A,B+,
078000,텔코웨어,,,IT 서비스,,,KOSPI,,C,D,D,B+,
214420,토니모리,,,화학,,,KOSPI,,C,D,D,B,
801671,토스뱅크,,,,,,,,등급없음,등급없음,등급없음,B+,
,토탈,사업장,폐기물 처리업,,"64,339",70,,,,,,,
,통영시,사업장,폐기물 처리업,,"37,643",354,,,,,,,
091810,트리니티항공,업체,항공 여객 운송업,운송·창고,"186,993","2,683",KOSPI,3.94643E+11,B+,A,B,B+,
084870,티비에이치글로벌,,,섬유·의류,,,KOSPI,,C,D,D,B,
064760,티씨케이,사업장,기타 비금속 광물제품 제조업,비금속,"34,496",713,KOSDAQ,1.66019E+12,B+,B,A,B+,
131290,티에스이,,,의료·정밀기기,,,KOSDAQ,,D,D,D,C,
019180,티에이치엔,,,전기·전자,,,KOSPI,,D,C,C,D,
356860,티엘비,사업장,전기전자,전기·전자,"22,682",456,KOSDAQ,5.87991E+11,,,,,
363280,티와이홀딩스,,,기타금융,,,KOSPI,,C,B+,B+,D,
004870,티웨이홀딩스,,,비금속,,,KOSPI,,D,D,D,D,
,티케이지에코머티리얼 주식회사,사업장,섬유,,"3,154",91,,,,,,,
069260,티케이지휴켐스,업체,기초 화학물질 제조업,화학,"108,678","1,528",KOSPI,,B+,B+,A,B,
104480,티케이케미칼,업체,화학섬유 제조업,화학,"61,590","1,234",KOSDAQ,1.42706E+11,D,C,D,D,
034230,파라다이스,,,오락·문화,,,KOSPI,,D,D,D,C,
,파라다이스세가사미,사업장,일반 및 생활 숙박시설 운영업,,"38,983",798,,,,,,,
,파르나스호텔 주식회사,사업장,건물,,"21,033",434,,,,,,,
,파리크라상,사업장,식료품 제조업,,"20,408",422,,,,,,,
214450,파마리서치,,,제약,,,KOSDAQ,,B,D,B+,B+,
005690,파미셀,,,제약,,,KOSPI,,D,D,D,C,
,파인트리포스마그네슘 주식회사,사업장,금속 주조업,,"35,507",70,,,,,,,
,파주시,업체,폐기물 처리업,,"162,221","1,505",,,,,,,
,파주에너지서비스,업체,전기업,,"4,132,297","80,560",,,,,,,
,파주에코에너지(주),사업장,발전에너지,,"22,169",0,,,,,,,
,파주전기초자 주식회사,사업장,유리 및 유리제품 제조업,,"21,948",457,,,,,,,
140860,파크시스템스,,,의료·정밀기기,,,KOSDAQ,,C,C,D,B,
091700,파트론,,,전기·전자,,,KOSDAQ,,D,C,D,D,
,팔미금속공업(주),사업장,철강,,"15,615",291,,,,,,,
036580,팜스코,,,음식료·담배,,,KOSPI,,B+,B,B+,B+,
004720,팜젠사이언스,,,제약,,,KOSPI,,C,C,B,D,
,팜한농,업체,"비료, 농약 및 살균ㆍ살충제 제조업",,"60,012","1,024",,,,,,,
028670,팬오션,,,운송·창고,,,KOSPI,,A,A,A+,A,
010820,퍼스텍,,,금속,,,KOSPI,,D,C,C,D,
016800,퍼시스,,,기타제조,,,KOSPI,,C,B,C,C,
263750,펄어비스,,,IT 서비스,,,KOSDAQ,,B+,B+,A+,B,
001020,페이퍼코리아,사업장,"펄프, 종이 및 판지 제조업",종이·목재,"88,730","1,529",KOSPI,1.1035E+11,C,C,C,C,
,페트로코너지,사업장,발전에너지,,"22,739",1,,,,,,,
,평안운수,사업장,교통(여객),,"12,864",234,,,,,,,
,평택시,업체,"하수, 폐수 및 분뇨 처리업",,"123,716","1,899",,,,,,,
,평택에너지앤파워 주식회사,업체,"증기, 냉ㆍ온수 및 공기 조절 공급업",,"1,359,985","26,586",,,,,,,"""평택에너지서비스㈜"" 업체명 변경"
090080,평화산업,사업장,고무제품 제조업,운송장비·부품,"31,733",647,KOSPI,51663025719,C,B,B,C,
,평화오일씰공업(주),사업장,자동차,,"14,542",303,,,,,,,
010770,평화홀딩스,,,운송장비·부품,,,KOSPI,,B,B,B,B,
,포레스코,사업장,나무제품 제조업,,"32,212",771,,,,,,,
,포스코,업체,1차 철강 제조업,,"71,065,143","377,507",,,,,,,
022100,포스코DX,,,일반서비스,,,KOSPI,,A,A,A+,B+,
,포스코모빌리티솔루션,사업장,1차 철강 제조업,,"54,924","1,121",,,,,,,
058430,포스코스틸리온,사업장,1차 철강 제조업,금속,"120,953","2,368",KOSPI,2.388E+11,A,A,A+,B+,
,포스코엠씨머티리얼즈,사업장,기초 화학물질 제조업,,"83,843","1,218",,,,,,,
009520,포스코엠텍,,,금속,,,KOSDAQ,,A,A,A+,A,
,포스코이앤씨,사업장,건설,,"43,843",884,,,,,,,
047050,포스코인터내셔널,업체,전기업,유통,"4,831,068","95,999",KOSPI,8.72577E+12,A,B+,A+,A,
003670,포스코퓨처엠,업체,"시멘트, 석회, 플라스터 및 그 외 제품 제조업",전기·전자,"2,298,133","18,214",KOSPI,1.66329E+13,A+,A+,A+,A,
,포천민자발전 주식회사,업체,전기업,,"1,305,244","25,898",,,,,,,
,포천시,사업장,폐기물 처리업,,"59,149",615,,,,,,,
,포천파워(주),업체,전기업,,"1,729,578","34,369",,,,,,,
,포항그린,사업장,폐기물 처리업,,"75,079",17,,,,,,,"""주식회사 그린바이로"" 업체명 변경"
,포항버스,사업장,교통(여객),,"19,454",373,,,,,,,
,포항시,업체,폐기물 처리업,,"164,383","2,492",,,,,,,
,폴리미래(주),사업장,합성고무 및 플라스틱 물질 제조업,,"100,796","1,876",,,,,,,
860086,푸본현대생명보험,,,,,,,,등급없음,등급없음,등급없음,B+,
017810,풀무원,,,음식료·담배,,,KOSPI,,A,A,A+,A,
,풍년그린텍,사업장,제지,,"22,977",469,,,,,,,
,풍농,사업장,석유화학,,"18,535",340,,,,,,,
103140,풍산,업체,1차 비철금속 제조업,금속,"240,625","4,946",KOSPI,2.98459E+12,B+,B,B+,B+,
005810,풍산홀딩스,,,기타금융,,,KOSPI,,B+,B,B,B+,
,풍정주공,사업장,금속 주조업,,"30,214",558,,,,,,,
,퓨렉스,사업장,반도체,,"16,886",348,,,,,,,
053610,프로텍,,,기계·장비,,,KOSDAQ,,C,C,D,C,
009810,플레이그램,,,유통,,,KOSPI,,D,D,D,D,
237820,플레이디,,,일반서비스,,,KOSDAQ,,B+,B+,B+,B+,
019570,플루토스,,,금융,,,KOSDAQ,,D,D,D,D,
,피앤오케미칼,사업장,석유화학,,"47,914",871,,,,,,,
,피에스엠,사업장,기타 금속 가공제품 제조업,,"9,293",170,,,,,,,
319660,피에스케이,,,기계·장비,,,KOSDAQ,,B,C,B,B,
,피엔디티,사업장,자동차,,"17,142",335,,,,,,,
,피엔알,업체,"해체, 선별 및 원료 재생업",,"138,340","1,976",,,,,,,
137400,피엔티,,,기계·장비,,,KOSDAQ,,D,D,D,C,
,피유코어 주식회사,사업장,석유화학,,"23,768",543,,,,,,,"""에스케이피유코어 주식회사"" 업체명 변경"
128660,피제이메탈,사업장,비철금속,금속,"18,099",327,KOSDAQ,69201399510,,,,,
,피케이엘,사업장,전기전자,,"16,047",330,,,,,,,
,필맥스,사업장,플라스틱 제품 제조업,,"20,861",427,,,,,,,
086790,하나금융지주,,,기타금융,,,KOSPI,,A,A+,A+,A,
299030,하나기술,,,기계·장비,,,KOSDAQ,,C,C,D,B,
067310,하나마이크론,사업장,반도체 제조업,전기·전자,"36,237",754,KOSDAQ,1.70924E+12,C,B+,A,D,
166090,하나머티리얼즈,사업장,반도체,전기·전자,"25,908",540,KOSDAQ,8.52418E+11,B,B,A,C,
800845,하나생명보험,,,,,,,,등급없음,등급없음,등급없음,B,
004940,하나은행,업체,건물,,"65,393",994,,,등급없음,등급없음,등급없음,B+,
293480,하나제약,,,제약,,,KOSPI,,D,D,D,C,
805992,하나증권,,,,,,,,등급없음,등급없음,등급없음,B,
856659,하나카드,,,,,,,,등급없음,등급없음,등급없음,B+,
809337,하나캐피탈,,,,,,,,등급없음,등급없음,등급없음,B,
039130,하나투어,,,일반서비스,,,KOSPI,,A,A,A,A,
,하남시,사업장,폐기물 처리업,,"37,725",496,,,,,,,
136480,하림,사업장,"도축, 육류 가공 및 저장 처리업",음식료·담배,"102,619","2,514",KOSDAQ,3.20222E+11,A,A,A,A,
003380,하림지주,,,금융,,,KOSDAQ,,B+,A,A,B+,
101670,하이드로리튬,,,금속,,,KOSDAQ,,D,D,D,D,
352820,하이브,,,오락·문화,,,KOSPI,,B+,B,A,B+,
071090,하이스틸,,,금속,,,KOSPI,,C,C,C,C,
814270,하이투자증권,,,,,,,,등급없음,등급없음,등급없음,B+,
000080,하이트진로,업체,알코올 음료 제조업,음식료·담배,"110,066","2,154",KOSPI,1.29326E+12,B+,A,A,B,
,하이트진로산업(주),사업장,유리 및 유리제품 제조업,,"30,886",483,,,,,,,
000140,하이트진로홀딩스,,,기타금융,,,KOSPI,,B+,A,A,B,
,하이호경금속 주식회사,사업장,1차 비철금속 제조업,,"30,048",495,,,,,,,
,하이호휠,사업장,자동차 신품 부품 제조업,,"22,577",458,,,,,,,
,학교법인 가톨릭학원,사업장,병원,,"138,419","2,826",,,,,,,
,학교법인 건국대학교,사업장,고등 교육기관,,"75,442","1,526",,,,,,,
,학교법인 경희학원,업체,건물,,"60,644","1,249",,,,,,,
,학교법인 계명대학교,사업장,건물,,"21,117",437,,,,,,,
,학교법인 고려중앙학원,사업장,고등 교육기관,,"111,736","2,302",,,,,,,
,학교법인 성균관대학,사업장,고등 교육기관,,"70,474","1,428",,,,,,,
,학교법인 연세대학교,업체,고등 교육기관,,"203,451","4,207",,,,,,,
,학교법인 영남학원,사업장,건물,,"31,385",645,,,,,,,
,학교법인 이화학당,사업장,고등 교육기관,,"74,582","3,285",,,,,,,
,학교법인 중앙대학교,사업장,건물,,"20,621",425,,,,,,,
,학교법인 포항공과대학교,사업장,고등 교육기관,,"82,127","1,855",,,,,,,
,학교법인 한양학원,사업장,고등 교육기관,,"80,087","3,199",,,,,,,
036460,한국가스공사,업체,연료용 가스 제조 및 배관공급업,전기·가스,"580,251","11,045",KOSPI,3.6279E+12,A,A,A+,A,
,한국거래소,사업장,건물,,"18,445",383,,,,,,,
,한국경남태양유전(주),사업장,전자 부품 제조업,,"91,403","1,799",,,,,,,
005430,한국공항,,,운송·창고,,,KOSPI,,A,A,A,B+,
,한국공항공사,사업장,기타 운송관련 서비스업,,"92,395","1,903",,,,,,,
,한국과학기술연구원,사업장,건물,,"18,403",381,,,,,,,
,한국과학기술원,사업장,고등 교육기관,,"87,144","1,785",,,,,,,
,한국과학기술정보연구원,사업장,건물,,"21,435",447,,,,,,,
071050,한국금융지주,,,기타금융,,,KOSPI,,B+,B+,B+,B+,
,한국기초소재(주),사업장,시멘트,,"14,473",295,,,,,,,
,한국남동발전,업체,전기업,,"30,710,313","372,122",,,,,,,
,한국남부발전 주식회사,업체,전기업,,"24,346,135","321,462",,,,,,,
010040,한국내화,,,비금속,,,KOSPI,,B+,B+,A,B,
,한국넥슬렌유한회사,업체,합성고무 및 플라스틱 물질 제조업,,"87,186","1,750",,,,,,,
,한국니토옵티칼(주),사업장,플라스틱 제품 제조업,,"35,250",662,,,,,,,
025540,한국단자공업,,,전기·전자,,,KOSPI,,C,C,C,C,
,한국도로공사,업체,기타 운송관련 서비스업,,"257,639","5,158",,,,,,,
,한국동서발전 주식회사,업체,전기업,,"25,977,192","319,406",,,,,,,
010100,한국무브넥스,사업장,철강,운송장비·부품,"17,533",364,KOSPI,1.41442E+11,C,B,C,C,
,한국바스프 주식회사,업체,기초 화학물질 제조업,,"679,307","10,140",,,,,,,
,한국방송공사,사업장,건물,,"16,045",336,,,,,,,
,한국보훈복지의료공단,사업장,건물,,"15,104",310,,,,,,,
,한국서부발전,업체,전기업,,"26,963,939","333,061",,,,,,,
004090,한국석유공업,,,비금속,,,KOSPI,,B+,B+,B+,A,
,한국세큐리트(주),사업장,유리,,"27,085",564,,,,,,,
,한국수력원자력,업체,전기업,,"3,681,792","73,864",,,,,,,
,한국수자원공사,업체,수도업,,"802,871","17,454",,,,,,,
002200,한국수출포장공업,업체,"펄프, 종이 및 판지 제조업",종이·목재,"127,017","1,890",KOSPI,,C,C,D,C,
002960,한국쉘석유,,,화학,,,KOSPI,,D,D,D,C,
000110,한국스탠다드차타드은행,,,,,,,,등급없음,등급없음,등급없음,A+,
,한국쓰리엠(주),사업장,플라스틱 제품 제조업,,"45,247",928,,,,,,,
,한국씨엔티(주),사업장,"시멘트, 석회, 플라스터 및 그 외 제품 제조업",,"43,544",852,,,,,,,
016830,한국씨티은행,,,,,,,,등급없음,등급없음,등급없음,B+,
,한국알루미나(주),사업장,석유화학,,"16,483",244,,,,,,,
,한국알스트롬,사업장,"펄프, 종이 및 판지 제조업",,"46,832",615,,,,,,,
,한국알콜산업(주),사업장,기초 화학물질 제조업,,"32,846","1,479",,,,,,,
000240,한국앤컴퍼니,업체,일차전지 및 축전지 제조업,기타금융,"83,256","1,718",KOSPI,2.48256E+12,B,B+,A,C,
,한국야금(주),사업장,기계,,"16,100",332,,,,,,,
,한국엔에스케이(주),사업장,기계,,"19,678",410,,,,,,,
,한국엔지니어링플라스틱,업체,합성고무 및 플라스틱 물질 제조업,,"175,429","3,445",,,,,,,
,한국오웬스코닝(주),사업장,유리 및 유리제품 제조업,,"83,641","1,605",,,,,,,
,한국원자력연구원,사업장,건물,,"22,817",471,,,,,,,
,한국원자력의학원,사업장,건물,,"16,174",332,,,,,,,
,한국유미코아배터리머티리얼즈 유한책임회사,사업장,일차전지 및 축전지 제조업,,"72,926","1,500",,,,,,,
,한국이네오스스티롤루션 주식회사,사업장,합성고무 및 플라스틱 물질 제조업,,"76,298","1,655",,,,,,,
,한국인삼공사 고려인삼창,사업장,식료품 제조업,,"32,542",661,,,,,,,
123890,한국자산신탁,,,기타금융,,,KOSPI,,C,C,D,C,
015760,한국전력공사,업체,전기업,전기·가스,"873,710","8,238",KOSPI,,B,C,D,A,
,한국전자통신연구원,사업장,건물,,"20,310",421,,,,,,,
006200,한국전자홀딩스,,,기타금융,,,KOSPI,,D,C,D,D,
053300,한국정보인증,,,IT 서비스,,,KOSDAQ,,D,D,C,D,
025770,한국정보통신,,,통신,,,KOSDAQ,,C,D,D,B,
,한국제강 주식회사,업체,1차 철강 제조업,,"223,686","4,126",,,,,,,
027970,한국제지,업체,"펄프, 종이 및 판지 제조업",종이·목재,"311,690","6,433",KOSPI,1.52143E+11,C,C,C,C,
023350,한국종합기술,,,일반서비스,,,KOSPI,,B,C,B,B+,
025890,한국주강,,,기계·장비,,,KOSPI,,D,D,D,D,
000970,한국주철관공업,사업장,1차 철강 제조업,금속,"57,389",759,KOSPI,,D,C,D,D,
,한국중부발전,업체,전기업,,"31,166,623","395,111",,,,,,,
,한국지엠 주식회사,업체,자동차용 엔진 및 자동차 제조업,,"238,049","4,844",,,,,,,
,한국지역난방공사,업체,"증기, 냉ㆍ온수 및 공기 조절 공급업",,"5,621,836","114,897",,,,,,,
104700,한국철강,업체,1차 철강 제조업,금속,"305,515","5,516",KOSPI,3.61949E+11,C,C,D,C,
,한국철도공사,업체,철도 운송업,,"1,510,796","30,028",,,,,,,
017960,한국카본,,,금속,,,KOSPI,,C,B+,B+,D,
023760,한국캐피탈,,,금융,,,KOSDAQ,,C,D,D,B,
161890,한국콜마,,,화학,,,KOSPI,,A,A,A+,A,
161390,한국타이어앤테크놀로지,업체,고무제품 제조업,화학,"396,117","8,173",KOSPI,7.22192E+12,C,B+,A,D,
034830,한국토지신탁,,,기타금융,,,KOSPI,,D,D,C,D,
,한국토지주택공사,업체,"증기, 냉ㆍ온수 및 공기 조절 공급업",,"251,252","5,017",,,,,,,
804504,한국투자증권,,,,,,,,등급없음,등급없음,등급없음,C,
833339,한국투자캐피탈,,,,,,,,등급없음,등급없음,등급없음,B,
007280,한국특강,업체,1차 철강 제조업,금속,"349,281","6,239",KOSPI,89699633725,C,C,C,C,
,한국표준과학연구원,사업장,건물,,"22,712",468,,,,,,,
,한국필립모리스(주),사업장,담배제조업,,"14,350",448,,,,,,,
047810,한국항공우주,사업장,"항공기, 우주선 및 부품 제조업",운송장비·부품,"67,159","1,391",KOSPI,,A,A,A,B+,
,한국핵융합에너지연구원,사업장,건물,,"20,157",420,,,,,,,
,한국허치슨터미널(주),사업장,항만,,"19,177",342,,,,,,,
123690,한국화장품,,,유통,,,KOSPI,,D,D,D,D,
003350,한국화장품제조,,,화학,,,KOSPI,,D,D,C,D,
,한국환경개발(주),사업장,폐기물 처리업,,"74,724",479,,,,,,,
030520,한글과컴퓨터,,,IT 서비스,,,KOSDAQ,,D,D,D,C,
,한금,사업장,철강,,"17,179",371,,,,,,,
011500,한농화성,,,화학,,,KOSPI,,D,C,D,D,
002390,한독,,,제약,,,KOSPI,,A,A,A+,B+,
,한라시멘트주식회사,업체,"시멘트, 석회, 플라스터 및 그 외 제품 제조업",,"3,725,709","22,386",,,,,,,
,한맥테코산업㈜,사업장,폐기물 처리업,,"40,340",27,,,,,,,
,한무쇼핑 주식회사,업체,건물,,"64,007","1,346",,,,,,,
053690,한미글로벌,,,일반서비스,,,KOSPI,,B+,A,A,B+,
042700,한미반도체,,,기계·장비,,,KOSPI,,D,D,D,D,
008930,한미사이언스,,,기타금융,,,KOSPI,,B+,B+,A,B+,
128940,한미약품,사업장,의약품 제조업,제약,"71,770","1,429",KOSPI,5.79057E+12,B,A,A+,C,
,한미정밀화학(주),사업장,석유화학,,"14,605",338,,,,,,,
009240,한샘,,,유통,,,KOSPI,,A,B+,A,A,
020000,한섬,,,섬유·의류,,,KOSPI,,A,A,A+,A,
003680,한성기업,,,음식료·담배,,,KOSPI,,C,B,B+,D,
,한성운수(주),사업장,교통(여객),,"15,905",305,,,,,,,
,한세모빌리티 주식회사,사업장,자동차,,"24,600",509,,,,,,,"""이래에이엠에스 주식회사"" 업체명 변경"
105630,한세실업,,,섬유·의류,,,KOSPI,,A,B+,A,A,
069640,한세엠케이,,,유통,,,KOSPI,,B+,B+,B+,B+,
016450,한세예스24홀딩스,,,섬유·의류,,,KOSPI,,A,B+,A,A,
,한세이프에너지(주),사업장,폐기물 처리업,,"47,986",47,,,,,,,
009180,한솔로지스틱스,,,운송·창고,,,KOSPI,,B+,C,B+,A,
114810,한솔아이원스,,,기계·장비,,,KOSDAQ,,B+,B,B+,B+,
070590,한솔인티큐브,,,IT 서비스,,,KOSDAQ,,B+,C,B+,A,
213500,한솔제지,업체,"펄프, 종이 및 판지 제조업",종이·목재,"923,577","16,580",KOSPI,1.97783E+11,A,A,A+,A,
014680,한솔케미칼,사업장,기초 화학물질 제조업,화학,"133,544","2,813",KOSPI,2.57876E+12,A,B+,A,A,
004710,한솔테크닉스,,,전기·전자,,,KOSPI,,B+,B+,B+,B+,
,한솔페이퍼텍주식회사,사업장,"펄프, 종이 및 판지 제조업",,"125,098","1,135",,,,,,,
010420,한솔피엔에스,,,,,,,,B+,B,B,A,
004150,한솔홀딩스,,,기타금융,,,KOSPI,,A,B+,A,A,
025750,한솔홈데코,사업장,나무제품 제조업,종이·목재,"63,294","1,804",KOSPI,51319999913,B+,B+,B,B+,
004960,한신공영,,,건설,,,KOSPI,,D,C,C,D,
011700,한신기계공업,,,기계·장비,,,KOSPI,,C,C,C,C,
,한양에스앤씨,사업장,자동차,,"19,575",347,,,,,,,
001750,한양증권,,,증권,,,KOSPI,,C,D,C,C,
018880,한온시스템,사업장,자동차 신품 부품 제조업,기계·장비,"61,700","1,303",KOSPI,2.01253E+12,B+,A,A+,B,
009420,한올바이오파마,,,제약,,,KOSPI,,C,D,D,B+,
,한융금속(주),사업장,비철금속,,"17,433",280,,,,,,,
014130,한익스프레스,사업장,도로 화물 운송업,운송·창고,"23,918",400,KOSPI,36540000000,D,C,D,D,
,한일고속,사업장,육상 여객 운송업,,"70,972",973,,,,,,,
300720,한일시멘트,업체,"시멘트, 석회, 플라스터 및 그 외 제품 제조업",비금속,"3,668,271","24,489",KOSPI,1.32161E+12,A,A,A+,B+,
,한일제관(주),사업장,기타 금속 가공제품 제조업,,"57,100","1,156",,,,,,,
002220,한일철강,,,금속,,,KOSPI,,D,D,D,D,
,한일캔 주식회사,사업장,기계,,"23,393",454,,,,,,,
006390,한일현대시멘트,업체,"시멘트, 석회, 플라스터 및 그 외 제품 제조업",,"3,124,044","21,319",,,A,A,A,B+,
003300,한일홀딩스,,,비금속,,,KOSPI,,A,A,A+,B+,
051600,한전KPS,,,건설,,,KOSPI,,A,A+,A,B+,
052690,한전기술,,,일반서비스,,,KOSPI,,A,A,A+,B+,
130660,한전산업,,,일반서비스,,,KOSPI,,C,C,C,C,
,한전원자력연료 주식회사,사업장,석유화학,,"22,208",459,,,,,,,
,한주,업체,"증기, 냉ㆍ온수 및 공기 조절 공급업",,"1,049,220","12,857",,,,,,,
198940,한주라이트메탈 주식회사,사업장,비철금속,금속,"20,272",415,KOSDAQ,25027474854,,,,,
002320,한진,업체,도로 화물 운송업,운송·창고,"102,568","1,644",KOSPI,3.00282E+11,A,A,A,A,
,한진부산컨테이너터미널,사업장,기타 운송관련 서비스업,,"32,876",657,,,,,,,
003480,한진중공업홀딩스,,,전기·가스,,,KOSPI,,C,D,C,B+,
180640,한진칼,,,기타금융,,,KOSPI,,A,B+,A,A,
005110,한창,,,유통,,,KOSPI,,D,D,D,D,
009460,한창제지,업체,"펄프, 종이 및 판지 제조업",종이·목재,"193,116","2,442",KOSPI,31623767580,C,C,D,C,
372910,한컴라이프케어,,,의료·정밀기기,,,KOSPI,,D,C,C,D,
000880,한화,업체,기타 화학제품 제조업,화학,"64,772","1,213",KOSPI,6.11663E+12,B+,A,B+,B+,
088350,한화생명,,,보험,,,KOSPI,,A,A,A+,B+,
000370,한화손해보험,,,보험,,,KOSPI,,A,A,A+,B+,
009830,한화솔루션,업체,기초 화학물질 제조업,화학,"2,501,207","48,748",KOSPI,4.60672E+12,B+,A,A+,B,
272210,한화시스템,,,전기·전자,,,KOSPI,,A,A,A+,A,
,한화에너지주식회사,업체,"증기, 냉ㆍ온수 및 공기 조절 공급업",,"5,014,682","56,941",,,,,,,
012450,한화에어로스페이스,사업장,무기 및 총포탄 제조업,운송장비·부품,"114,383","2,230",KOSPI,4.85212E+13,A,A,A+,B+,
082740,한화엔진,사업장,일반 목적용 기계 제조업,기계·장비,"42,358",762,KOSPI,3.58405E+12,B+,B+,A,B+,
042660,한화오션,업체,선박 및 보트 건조업,운송장비·부품,"455,320","8,160",KOSPI,3.48086E+13,B+,A,B,B,
,한화오션에코텍(주),사업장,조선,,"20,912",321,,,,,,,
,한화임팩트 주식회사,업체,기초 화학물질 제조업,,"516,587","8,982",,,,,,,
,한화첨단소재,사업장,석유화학,,"41,748",858,,,,,,,
,한화토탈에너지스 주식회사,업체,기초 화학물질 제조업,,"4,679,895","106,381",,,,,,,
003530,한화투자증권,,,증권,,,KOSPI,,A,A,A+,B+,
,한화호텔앤드리조트 주식회사,업체,건물,,"51,889","1,035",,,,,,,
,한황산업주식회사,사업장,자동차 신품 부품 제조업,,"40,082",747,,,,,,,
195870,해성디에스,사업장,반도체 제조업,전기·전자,"66,233","1,450",KOSPI,9.469E+11,A,A,A+,B+,
,해태에이치티비(주),사업장,음료제조업,,"16,119",474,,,,,,,
101530,해태제과식품,,,음식료·담배,,,KOSPI,,D,D,C,D,
,핸즈식스주식회사,사업장,자동차 신품 부품 제조업,,"67,612","1,384",,,,,,,
143210,핸즈코퍼레이션,사업장,자동차 신품 부품 제조업,운송장비·부품,"59,826","1,214",KOSPI,29401003968,D,C,D,D,
000720,현대건설,업체,건설,건설,"86,306","1,701",KOSPI,7.80604E+12,A,A,A,B+,
086280,현대글로비스,사업장,도로 화물 운송업,운송·창고,"79,527","1,209",KOSPI,1.3545E+13,A,A,A+,A,
064350,현대로템,사업장,기계,운송장비·부품,"18,977",382,KOSPI,2.05078E+13,A+,A+,A+,A,
079430,현대리바트,,,기타제조,,,KOSPI,,A,A,A+,A,
012330,현대모비스,업체,자동차 신품 부품 제조업,운송장비·부품,"105,334","2,172",KOSPI,3.38433E+13,A,A+,A+,B+,
048410,현대바이오,,,화학,,,KOSDAQ,,D,D,D,D,
052260,현대바이오랜드,,,화학,,,KOSDAQ,,A,A,A+,A,
069960,현대백화점,업체,종합 소매업,유통,"162,990","3,416",KOSPI,2.00491E+12,A+,A+,A+,A,
004560,현대비앤지스틸,사업장,1차 철강 제조업,금속,"72,957","1,494",KOSPI,1.64962E+11,B+,B+,A,B,
016790,현대사료,,,음식료·담배,,,KOSDAQ,,D,D,D,D,
,현대석회(주),사업장,"시멘트, 석회, 플라스터 및 그 외 제품 제조업",,"86,857",245,,,,,,,
,현대성우쏠라이트 주식회사,사업장,일차전지 및 축전지 제조업,,"40,368",832,,,,,,,
,현대성우캐스팅 주식회사,업체,자동차 신품 부품 제조업,,"194,644","3,784",,,,,,,
,현대스틸파이프 주식회사,사업장,1차 철강 제조업,,"38,043",781,,,,,,,
,현대아이에프씨 주식회사,업체,1차 철강 제조업,,"230,030","4,250",,,,,,,
004310,현대약품,,,제약,,,KOSPI,,C,C,C,C,
041440,현대에버다임,,,기계·장비,,,KOSDAQ,,A,B+,A,A,
,현대엔지니어링(주),사업장,건설,,"33,148",672,,,,,,,
017800,현대엘리베이터,,,기계·장비,,,KOSPI,,A,A,A+,B+,
,현대엘앤씨,사업장,플라스틱 제품 제조업,,"38,430",785,,,,,,,
307950,현대오토에버,사업장,통신,IT 서비스,"20,562",429,KOSPI,9.10476E+12,A,A,A+,A,
011210,현대위아,업체,자동차 신품 부품 제조업,운송장비·부품,"98,202","2,036",KOSPI,2.05867E+12,A+,A+,A+,A,
090850,현대이지웰,,,IT 서비스,,,KOSDAQ,,A+,A+,A+,A+,
005380,현대자동차,업체,자동차용 엔진 및 자동차 제조업,운송장비·부품,"1,526,375","31,463",KOSPI,,A,A+,B+,A,
004020,현대제철,업체,1차 철강 제조업,금속,"28,817,883","159,662",KOSPI,4.14349E+12,A,A,A,B+,
,현대종합금속(주),사업장,기계,,"18,437",378,,,,,,,
,현대종합특수강 주식회사,사업장,1차 철강 제조업,,"46,692",940,,,,,,,
005440,현대지에프홀딩스,,,기타금융,,,KOSPI,,A,A+,A+,A,
001500,현대차증권,,,증권,,,KOSPI,,B+,A,A,B+,
815419,현대카드,,,,,,,,등급없음,등급없음,등급없음,A,
836248,현대캐피탈,,,,,,,,등급없음,등급없음,등급없음,A,
888975,현대커머셜,,,,,,,,등급없음,등급없음,등급없음,A,
,현대케피코,사업장,자동차 신품 부품 제조업,,"24,930",515,,,,,,,
011760,현대코퍼레이션,,,유통,,,KOSPI,,B+,B+,B+,B+,
227840,현대코퍼레이션홀딩스,,,유통,,,KOSPI,,B+,B,B+,B+,
,현대트랜시스 주식회사,업체,자동차 신품 부품 제조업,,"190,651","3,948",,,,,,,
126560,현대퓨처넷,,,통신,,,KOSPI,,A,A+,A+,A,
001450,현대해상,,,보험,,,KOSPI,,A,A,A+,A,
057050,현대홈쇼핑,,,유통,,,KOSPI,,A+,A,A+,A+,
092300,현우산업(주),사업장,전기전자,전기·전자,"15,014",313,KOSDAQ,60758665600,,,,,
093240,형지엘리트,,,섬유·의류,,,KOSPI,,D,D,D,D,
003010,혜인,,,유통,,,KOSPI,,D,D,D,D,
,호남고속,사업장,교통(여객),,"20,755",317,,,,,,,
,호스트웨이아이디씨(주),사업장,통신,,"16,431",343,,,,,,,
111110,호전실업,,,섬유·의류,,,KOSPI,,C,D,D,B+,
,호텔롯데,업체,일반 및 생활 숙박시설 운영업,,"156,449","3,192",,,,,,,
008770,호텔신라,사업장,건물,유통,"21,716",443,KOSPI,1.75047E+12,A,B+,A,A,
,홈플러스 주식회사,업체,종합 소매업,,"385,477","7,858",,,,,,,
,홍덕산업(주),사업장,1차 철강 제조업,,"61,488","1,374",,,,,,,
,홍원제지(주),사업장,"펄프, 종이 및 판지 제조업",,"92,212","1,289",,,,,,,
,홍천군,사업장,폐기물,,"16,140",86,,,,,,,
,화성시,사업장,폐기물 처리업,,"135,511","1,207",,,,,,,
,화성여객,사업장,교통(여객),,"25,348",406,,,,,,,
378850,화승알앤에이,사업장,석유화학,운송장비·부품,"20,734",426,KOSPI,62109147210,B+,B+,B+,B+,
241590,화승엔터프라이즈,,,섬유·의류,,,KOSPI,,B+,B+,A,B+,
006060,화승인더스트리,,,유통,,,KOSPI,,B+,B+,A,B+,
,화승케미칼,사업장,플라스틱 제품 제조업,,"25,483",522,,,,,,,
013520,화승코퍼레이션,,,운송장비·부품,,,KOSPI,,B+,B+,B+,B+,
010690,화신,,,운송장비·부품,,,KOSPI,,B+,B+,A,B,
,화영운수(주),사업장,교통(여객),,"16,404",280,,,,,,,
133820,화인베스틸,사업장,철강,금속,"18,934",346,KOSPI,60979126786,D,C,D,D,
,화천군,사업장,폐기물,,"18,363",34,,,,,,,
010660,화천기계,,,기계·장비,,,KOSPI,,C,D,C,C,
000850,화천기공,,,기계·장비,,,KOSPI,,C,D,C,C,
,환영철강공업,업체,1차 철강 제조업,,"223,712","4,076",,,,,,,
016580,환인제약,,,제약,,,KOSPI,,C,D,C,B+,
032560,황금에스티,,,금속,,,KOSPI,,C,D,D,B+,
004800,효성,사업장,기타 섬유제품 제조업,기타금융,"29,477",602,KOSPI,1.92012E+12,A,A,A+,B+,
094280,효성 ITX,,,일반서비스,,,KOSPI,,A,A,A+,A,
,효성네오켐 주식회사,사업장,기초 화학물질 제조업,,"89,671","1,889",,,,,,,
298040,효성중공업,사업장,"전동기, 발전기 및 전기 변환ㆍ공급ㆍ제어 장치 제조업",전기·전자,"52,593","1,093",KOSPI,1.6607E+13,B+,A,A+,B,
298020,효성티앤씨,업체,화학섬유 제조업,화학,"244,092","5,436",KOSPI,9.62909E+11,B+,A,A+,B,
298000,효성화학,업체,기초 화학물질 제조업,화학,"675,406","14,550",KOSPI,1.47501E+11,A,A,A+,B+,
093370,후성,업체,기초 화학물질 제조업,화학,"218,395",775,KOSPI,8.07633E+11,B,B+,A,C,
,휘닉스중앙 주식회사,사업장,건물,,"20,879",417,,,,,,,
005870,휴니드테크놀러지스,,,전기·전자,,,KOSPI,,C,C,D,C,
079980,휴비스,업체,화학섬유 제조업,화학,"398,301","5,846",KOSPI,92115000000,B+,B+,A,B+,
005010,휴스틸,사업장,1차 철강 제조업,금속,"30,450",620,KOSPI,2.25033E+11,C,C,C,C,
243070,휴온스,,,제약,,,KOSDAQ,,A,A,A,B+,
145020,휴젤,,,제약,,,KOSDAQ,,C,C,C,B,
818586,흥국생명보험,,,,,,,,등급없음,등급없음,등급없음,B,
000540,흥국화재,,,보험,,,KOSPI,,B+,C,B+,B+,
003280,흥아해운,,,운송·창고,,,KOSPI,,B,B,B+,B,
,희성촉매(주),사업장,석유화학,,"23,978",488,,,,,,,
