corp_code,bsns_year,drctr_co,otcmp_drctr_co,stlm_dt,rcept_no,corp_name,outside_ratio
00173944,2025,7.0,2.0,2025-12-31,20260316000450,우진,0.2857142857142857
00129350,2025,6.0,2.0,2025-12-31,20260319001054,삼화콘덴서공업,0.3333333333333333
00303217,2025,4.0,1.0,2025-12-31,20260604000634,우진플라임,0.25
01036446,2025,6.0,3.0,2025-12-31,20260318001250,서연이화,0.5
00129554,2025,3.0,1.0,2025-12-31,20260320001005,갤럭시아에스엠,0.3333333333333333
00105156,2025,6.0,2.0,2025-12-31,20260323001025,극동유화,0.3333333333333333
00146649,2025,3.0,1.0,2025-12-31,20260311004252,일진홀딩스,0.3333333333333333
00148443,2025,7.0,3.0,2025-12-31,20260316001198,제일파마홀딩스,0.42857142857142855
00148939,2025,6.0,3.0,2025-12-31,20260319000650,조광피혁,0.5
01255652,2025,4.0,1.0,2025-12-31,20260318001193,레이크머티리얼즈,0.25
00664181,2025,4.0,1.0,2025-12-31,20260320001337,인텔리안테크,0.25
00763473,2025,5.0,3.0,2025-12-31,20260330001688,코스메카코리아,0.6
00166272,2025,7.0,3.0,2025-12-31,20260323001005,화승코퍼레이션,0.42857142857142855
00143794,2025,3.0,1.0,2025-12-31,20260318001057,원림,0.3333333333333333
00118965,2025,4.0,1.0,2025-12-31,20260323001500,티에이치엔,0.25
00260879,2025,7.0,2.0,2025-12-31,20260317000899,카페24,0.2857142857142857
00132354,2025,5.0,3.0,2025-12-31,20260316001353,쿠쿠홀딩스,0.6
00159254,2025,3.0,1.0,2025-12-31,20260319000807,한국전자홀딩스,0.3333333333333333
00168401,2025,3.0,1.0,2025-09-30,20251215000379,금비,0.3333333333333333
01407909,2025,6.0,2.0,2025-12-31,20260319000649,원텍,0.3333333333333333
01532603,2025,6.0,3.0,2025-12-31,20260323000996,화승알앤에이,0.5
00111458,2025,5.0,2.0,2025-12-31,20260319001078,대영포장,0.4
00218575,2025,7.0,3.0,2025-12-31,20260323000918,황금에스티,0.42857142857142855
00134316,2025,6.0,3.0,2025-06-30,20250922000199,세원정공,0.5
00103042,2025,6.0,2.0,2025-12-31,20260319001225,케이씨티시,0.3333333333333333
01267684,2025,5.0,3.0,2025-12-31,20260318001337,쿠쿠홈시스,0.6
00122348,2025,4.0,1.0,2025-09-30,20251222000124,방림,0.25
00147222,2025,4.0,1.0,2025-12-31,20260319000974,전방,0.25
00145464,2025,7.0,3.0,2025-12-31,20260316001242,이구산업,0.42857142857142855
00109161,2025,3.0,1.0,2025-12-31,20260317000715,태경케미컬,0.3333333333333333
00101628,2025,4.0,1.0,2025-12-31,20260318000486,경방,0.25
00823429,2025,3.0,1.0,2025-12-31,20260319001261,한국화장품,0.3333333333333333
00174004,2025,6.0,3.0,2025-12-31,20260629000189,유성기업,0.5
00123107,2025,3.0,1.0,2025-12-31,20260318000334,보락,0.3333333333333333
00220561,2025,6.0,3.0,2025-12-31,20260316001014,광주신세계,0.5
00165343,2025,4.0,1.0,2025-12-31,20260814001348,혜인,0.25
00258689,2025,8.0,4.0,2025-12-31,20260318001519,JYP Ent.,0.5
00101220,2025,4.0,1.0,2025-12-31,20260323001613,KG케미칼,0.25
00152686,2025,3.0,1.0,2025-12-31,20260319000865,코리아써키트,0.3333333333333333
00162993,2025,3.0,1.0,2025-12-31,20260318001536,한일홀딩스,0.3333333333333333
00332927,2025,5.0,3.0,2025-12-31,20260318001652,제이에스코퍼레이션,0.6
00398792,2025,4.0,1.0,2025-12-31,20260219002256,SNT모티브,0.25
00148920,2025,4.0,1.0,2025-12-31,20260323001645,조광페인트,0.25
01170865,2025,3.0,1.0,2025-12-31,20260318000748,네오셈,0.3333333333333333
00136864,2025,7.0,2.0,2025-12-31,20260814002718,신원,0.2857142857142857
00137809,2025,4.0,2.0,2025-12-31,20260318000401,SHD,0.5
00220686,2025,3.0,1.0,2025-12-31,20260318000411,에스피지,0.3333333333333333
00857727,2025,5.0,3.0,2025-12-31,20260318000871,하림,0.6
00146269,2025,4.0,1.0,2025-12-31,20260318001204,일신방직,0.25
00130091,2025,3.0,1.0,2025-12-31,20260814000439,샘표,0.3333333333333333
00138729,2025,5.0,2.0,2025-12-31,20260318001362,아세아제지,0.4
00369170,2025,4.0,1.0,2025-12-31,20260319001060,인터플렉스,0.25
00153126,2025,4.0,1.0,2025-12-31,20260318000921,크라운해태홀딩스,0.25
00223434,2025,5.0,2.0,2025-12-31,20260318001663,에프에스티,0.4
00325112,2025,5.0,2.0,2025-12-31,20260319000272,프로텍,0.4
00860332,2025,6.0,4.0,2025-12-31,20260331004202,메리츠금융지주,0.6666666666666666
00138297,2025,4.0,2.0,2025-12-31,20260323001638,STX,0.5
00105952,2025,7.0,4.0,2025-12-31,20260318001427,LS,0.5714285714285714
00897752,2025,6.0,3.0,2025-12-31,20260316001138,천보,0.5
00160621,2025,3.0,1.0,2025-12-31,20260813000488,한국화장품제조,0.3333333333333333
00539274,2025,8.0,2.0,2025-12-31,20260327001423,대상홀딩스,0.25
00405320,2025,7.0,2.0,2025-12-31,20260318000593,웹젠,0.2857142857142857
00203023,2025,3.0,1.0,2025-12-31,20260318001595,시노펙스,0.3333333333333333
00108977,2025,3.0,3.0,2025-12-31,20260323000628,대구백화점,1.0
00148522,2025,4.0,1.0,2025-12-31,20260312000931,퍼스텍,0.25
00134963,2025,4.0,1.0,2025-12-31,20260602000117,송원산업,0.25
00148948,2025,4.0,1.0,2025-12-31,20260318000442,조비,0.25
00124151,2025,4.0,3.0,2025-12-31,20260630000693,부산주공,0.75
00157070,2025,3.0,1.0,2025-12-31,20260312000938,한국단자공업,0.3333333333333333
01032486,2025,6.0,4.0,2025-12-31,20260319001265,두산밥캣,0.6666666666666666
00153755,2025,5.0,3.0,2025-12-31,20260324000742,태양금속공업,0.6
00132804,2025,5.0,3.0,2025-12-31,20260318001369,성신양회,0.6
00143262,2025,4.0,2.0,2025-12-31,20260323000971,우진아이엔에스,0.5
00114093,2025,6.0,3.0,2025-12-31,20260318000948,덕성,0.5
01364747,2025,4.0,1.0,2025-12-31,20260319001147,가온칩스,0.25
00990165,2025,8.0,2.0,2025-12-31,20260318001310,아세아시멘트,0.25
00327819,2025,4.0,1.0,2025-12-31,20260320001146,선익시스템,0.25
00126371,2025,7.0,4.0,2025-12-31,20260310003071,삼성전기,0.5714285714285714
00593032,2025,7.0,3.0,2025-12-31,20260601001924,LF,0.42857142857142855
00133511,2025,3.0,1.0,2025-12-31,20260320000337,SG세계물산,0.3333333333333333
00414601,2025,7.0,3.0,2025-12-31,20260319000663,유니퀘스트,0.42857142857142855
00416654,2025,6.0,2.0,2025-12-31,20260319000706,유엔젤,0.3333333333333333
00102140,2025,3.0,1.0,2025-12-31,20260312001118,경인전자,0.3333333333333333
00587457,2025,4.0,1.0,2025-12-31,20260323001081,갤럭시아머니트리,0.25
00143527,2025,3.0,1.0,2025-12-31,20260323001615,경동인베스트,0.3333333333333333
00154055,2025,6.0,2.0,2025-12-31,20260327001530,태원물산,0.3333333333333333
00144164,2025,7.0,4.0,2025-12-31,20260813001480,SK가스,0.5714285714285714
00159564,2025,4.0,1.0,2025-12-31,20260701000447,한국주강,0.25
00112165,2025,3.0,2.0,2025-12-31,20260320001046,디아이씨,0.6666666666666666
01478712,2025,3.0,1.0,2025-12-31,20260318001514,대덕전자,0.3333333333333333
00143314,2025,4.0,1.0,2025-12-31,20260323000919,에이엔피,0.25
00138701,2025,6.0,2.0,2025-12-31,20260326000458,아세아,0.3333333333333333
00105299,2025,6.0,3.0,2025-12-31,20260312000935,금강공업,0.5
00623661,2025,4.0,1.0,2025-12-31,20260318000451,원익머트리얼즈,0.25
00159102,2025,9.0,5.0,2025-12-31,20260331003904,DB손해보험,0.5555555555555556
00122898,2025,4.0,3.0,2025-12-31,20260323001448,벽산,0.75
00808022,2025,7.0,3.0,2025-12-31,20260320001282,메지온,0.42857142857142855
00939331,2025,7.0,4.0,2025-12-31,20260318001196,한국콜마,0.5714285714285714
00231372,2025,6.0,2.0,2025-12-31,20260319000832,롯데관광개발,0.3333333333333333
00129271,2025,8.0,2.0,2025-12-31,20260319000867,삼화전기,0.25
00164812,2025,6.0,3.0,2025-12-31,20260323001413,현대코퍼레이션,0.5
00188089,2025,7.0,3.0,2025-12-31,20260313001074,한섬,0.42857142857142855
00106368,2025,10.0,7.0,2025-12-31,20260318001268,금호석유화학,0.7
00149026,2025,4.0,3.0,2025-12-31,20260814002107,CS홀딩스,0.75
00123781,2025,3.0,1.0,2025-12-31,20260318000484,부국철강,0.3333333333333333
01291317,2025,4.0,2.0,2025-12-31,20260319001310,더블유씨피,0.5
00961774,2025,4.0,1.0,2025-12-31,20260323001351,유티아이,0.25
00131692,2025,4.0,1.0,2025-12-31,20260319001055,서흥,0.25
00107677,2025,5.0,1.0,2025-12-31,20260323001209,비비안,0.2
00110608,2025,6.0,3.0,2025-12-31,20260319001193,DSR,0.5
01059605,2025,4.0,1.0,2025-12-31,20260316001465,디와이파워,0.25
00622787,2025,8.0,3.0,2025-12-31,20260318001576,바이오노트,0.375
00136402,2025,4.0,2.0,2025-12-31,20260323000048,신송홀딩스,0.5
00133335,2025,3.0,1.0,2025-12-31,20260318001159,성창기업지주,0.3333333333333333
00131054,2025,5.0,3.0,2025-12-31,20260318000844,유진증권,0.6
00185356,2025,4.0,1.0,2025-12-31,20260602000220,제룡전기,0.25
00112679,2025,6.0,3.0,2025-12-31,20260319000402,대창단조,0.5
00439965,2025,3.0,1.0,2025-12-31,20260320001026,나노신소재,0.3333333333333333
00160205,2025,3.0,1.0,2025-12-31,20260319000796,한국내화,0.3333333333333333
00628860,2025,9.0,3.0,2025-12-31,20260319001284,네오위즈,0.3333333333333333
00129280,2025,1.0,1.0,2025-12-31,20260319001013,삼화전자공업,1.0
00260383,2025,7.0,4.0,2025-12-31,20260305001191,대한유화,0.5714285714285714
01301252,2025,4.0,1.0,2025-12-31,20260319000082,티이엠씨,0.25
00579971,2025,5.0,0.0,2025-12-31,20260311004380,칩스앤미디어,0.0
00145109,2025,7.0,4.0,2025-12-31,20260312001236,유한양행,0.5714285714285714
00132628,2025,4.0,1.0,2025-12-31,20260318000170,성문전자,0.25
00413523,2025,10.0,4.0,2025-12-31,20260316001377,한미글로벌,0.4
00142883,2025,3.0,0.0,2025-12-31,20260318001142,우신시스템,0.0
00161781,2025,4.0,1.0,2025-12-31,20260311003981,아난티,0.25
00980122,2025,11.0,9.0,2025-12-31,20260318001225,JB금융지주,0.8181818181818182
00118275,2025,6.0,2.0,2025-12-31,20260605000334,디아이,0.3333333333333333
00500254,2025,7.0,4.0,2025-12-31,20260318000836,GS,0.5714285714285714
00113359,2025,7.0,5.0,2025-12-31,20260317000550,교보증권,0.7142857142857143
00347062,2025,6.0,3.0,2025-12-31,20260312000632,현대바이오랜드,0.5
00177816,2025,7.0,3.0,2025-12-31,20260319000004,대주전자재료,0.42857142857142855
00161976,2025,7.0,3.0,2025-12-31,20260318001537,한세예스24홀딩스,0.42857142857142855
00435312,2025,2.0,1.0,2025-12-31,20260310002913,하이스틸,0.5
00246417,2025,4.0,1.0,2025-12-31,20260323001573,이오테크닉스,0.25
00555874,2025,6.0,3.0,2025-12-31,20260318001439,제주항공,0.5
00120021,2025,7.0,4.0,2025-12-31,20260318001025,LG,0.5714285714285714
00432102,2025,7.0,5.0,2025-12-31,20260319001006,한국금융지주,0.7142857142857143
00231664,2025,4.0,1.0,2025-12-31,20260318001355,우리기술투자,0.25
00115065,2025,6.0,2.0,2025-12-31,20260318000382,동남합성,0.3333333333333333
00369657,2025,6.0,2.0,2025-12-31,20260318000182,리노공업,0.3333333333333333
00170558,2025,9.0,6.0,2025-12-31,20260323000924,코웨이,0.6666666666666666
00269940,2025,12.0,4.0,2025-12-31,20260319001345,하나투어,0.3333333333333333
00138260,2025,4.0,1.0,2025-12-31,20260318001274,SIMPAC,0.25
00164724,2025,7.0,4.0,2025-12-31,20260318001372,현대엘리베이터,0.5714285714285714
00148364,2025,7.0,4.0,2025-12-31,20260323001527,하림지주,0.5714285714285714
00997812,2025,4.0,1.0,2025-12-31,20260323001516,코미코,0.25
00139764,2025,4.0,1.0,2025-12-31,20260318000523,에넥스,0.25
00105606,2025,4.0,1.0,2025-12-31,20260318001668,금호에이치티,0.25
00133618,2025,5.0,2.0,2025-12-31,20260318000600,세기상사,0.4
00133812,2025,7.0,3.0,2025-12-31,20260731000640,세방,0.42857142857142855
00666064,2025,7.0,2.0,2025-12-31,20260319001250,셀바스AI,0.2857142857142857
00158112,2025,4.0,1.0,2025-12-31,20260311004029,한국수출포장공업,0.25
01397620,2025,6.0,2.0,2025-12-31,20260323001574,루닛,0.3333333333333333
00163196,2025,4.0,1.0,2025-12-31,20260806000290,한일철강,0.25
00109718,2025,8.0,3.0,2025-12-31,20260318001283,사조대림,0.375
00423690,2025,7.0,3.0,2025-12-31,20260319000408,삼성출판사,0.42857142857142855
00152039,2025,4.0,1.0,2025-12-31,20260318000113,SG글로벌,0.25
00587466,2025,4.0,1.0,2025-12-31,20260320001194,KPX홀딩스,0.25
00141413,2025,6.0,3.0,2025-12-31,20260316000700,영화금속,0.5
01128613,2025,7.0,3.0,2025-12-31,20260312000443,화승엔터프라이즈,0.42857142857142855
00796994,2025,4.0,3.0,2025-12-31,20260814002194,조선선재,0.75
00353878,2025,3.0,3.0,2025-12-31,20260731000748,다스코,1.0
00819073,2025,6.0,3.0,2025-12-31,20260318000011,인크로스,0.5
00122579,2025,9.0,3.0,2025-12-31,20260319001175,BYC,0.3333333333333333
00156354,2025,6.0,3.0,2025-12-31,20260320001109,지엠비코리아,0.5
00108612,2025,7.0,3.0,2025-12-31,20260323000702,DS단석,0.42857142857142855
00138279,2025,11.0,6.0,2025-12-31,20260320000559,S-Oil,0.5454545454545454
00160418,2025,4.0,1.0,2025-12-31,20260323000529,한국무브넥스,0.25
00145552,2025,5.0,2.0,2025-12-31,20260319001212,이수화학,0.4
00116949,2025,5.0,2.0,2025-12-31,20260312001285,DN오토모티브,0.4
00176914,2025,5.0,3.0,2025-12-31,20260318001606,다우기술,0.6
00160232,2025,8.0,5.0,2025-12-31,20260318001401,KSS해운,0.625
00508344,2025,6.0,4.0,2025-12-31,20260317000411,SK디앤디,0.6666666666666666
00111722,2025,7.0,4.0,2025-12-31,20260515002972,미래에셋증권,0.5714285714285714
00128227,2025,3.0,1.0,2025-12-31,20260319000474,삼정펄프,0.3333333333333333
01080252,2025,5.0,2.0,2025-12-31,20260323000883,넥스틴,0.4
00158316,2025,8.0,3.0,2025-12-31,20260323000907,NICE,0.375
00583424,2025,10.0,6.0,2025-12-31,20260318000785,아모레퍼시픽,0.6
00113997,2025,5.0,2.0,2025-12-31,20260310002974,롯데에너지머티리얼즈,0.4
00173032,2025,3.0,1.0,2025-12-31,20260608000293,동화기업,0.3333333333333333
00480455,2025,4.0,2.0,2025-12-31,20260323000690,STX엔진,0.5
00228350,2025,3.0,1.0,2025-12-31,20260318000583,신화인터텍,0.3333333333333333
00106313,2025,5.0,3.0,2025-12-31,20260318001135,금호건설,0.6
00828789,2025,10.0,3.0,2025-12-31,20260319001251,대성산업,0.3
00125576,2025,6.0,2.0,2025-12-31,20260323000928,체시스,0.3333333333333333
00855163,2025,7.0,3.0,2025-12-31,20260309001317,미원화학,0.42857142857142855
00127255,2025,5.0,2.0,2025-12-31,20260323000789,삼영,0.4
00114552,2025,10.0,3.0,2025-12-31,20260316001627,도화엔지니어링,0.3
00116301,2025,4.0,1.0,2025-12-31,20260312001308,NI스틸,0.25
00121570,2025,4.0,1.0,2025-12-31,20260319000530,문배철강,0.25
00142865,2025,6.0,3.0,2025-12-31,20260319000477,WISCOM,0.5
00490151,2025,4.0,1.0,2025-12-31,20260702000296,파트론,0.25
01350869,2025,8.0,7.0,2025-12-31,20260313001235,우리금융지주,0.875
00180795,2025,6.0,3.0,2025-12-31,20260323001188,인팩,0.5
00646732,2025,4.0,1.0,2025-12-31,20260312001025,진양홀딩스,0.25
00564562,2025,5.0,3.0,2025-12-31,20260318001219,엠씨넥스,0.6
00353762,2025,3.0,1.0,2025-12-31,20260316001281,키이스트,0.3333333333333333
00102113,2025,8.0,2.0,2025-12-31,20260319000395,경인양행,0.25
00145598,2025,6.0,3.0,2025-12-31,20260320001314,이연제약,0.5
00409672,2025,3.0,1.0,2025-12-31,20260323000437,티비에이치글로벌,0.3333333333333333
00138057,2025,3.0,1.0,2025-12-31,20260318001440,써니전자,0.3333333333333333
00468374,2025,4.0,1.0,2025-12-31,20260323001246,원익QnC,0.25
00159971,2025,3.0,1.0,2025-12-31,20260701000397,KC그린홀딩스,0.3333333333333333
00367710,2025,4.0,2.0,2025-12-31,20260319001347,동인기연,0.5
00692254,2025,5.0,2.0,2025-12-31,20260320000432,아이패밀리에스씨,0.4
00126201,2025,4.0,1.0,2025-12-31,20260608000034,삼성공조,0.25
00266961,2025,7.0,4.0,2025-12-31,20260313001021,NAVER,0.5714285714285714
00122694,2025,4.0,2.0,2025-12-31,20260331003709,범양건영,0.5
00858364,2025,8.0,7.0,2025-12-31,20260318001147,BNK금융지주,0.875
00161693,2025,7.0,2.0,2025-12-31,20260319001167,한샘,0.2857142857142857
00124780,2025,7.0,3.0,2025-12-31,20260317000763,사조씨푸드,0.42857142857142855
00139214,2025,6.0,4.0,2025-12-31,20260312001399,삼성화재해상보험,0.6666666666666666
00166500,2025,6.0,2.0,2025-12-31,20260318001051,화천기계,0.3333333333333333
01135941,2025,6.0,3.0,2025-12-31,20260316001453,원익IPS,0.5
00165103,2025,8.0,3.0,2025-12-31,20260324000034,푸드웰,0.375
00535676,2025,3.0,1.0,2025-12-31,20260623000173,테크윙,0.3333333333333333
00878696,2025,7.0,4.0,2025-12-31,20260318000773,에스케이바이오팜,0.5714285714285714
00181943,2025,3.0,1.0,2025-12-31,20260319001165,에스제이엠홀딩스,0.3333333333333333
00595191,2025,3.0,1.0,2025-12-31,20260318001491,후성,0.3333333333333333
00136271,2025,7.0,3.0,2025-12-31,20260318000940,신성이엔지,0.42857142857142855
00149239,2025,7.0,3.0,2025-12-31,20260312000761,조일알미늄,0.42857142857142855
00612294,2025,5.0,3.0,2025-12-31,20260316000390,피엔티,0.6
00264547,2025,4.0,1.0,2025-12-31,20260318000474,KG이니시스,0.25
00104768,2025,6.0,3.0,2025-12-31,20260316000969,가온전선,0.5
00167208,2025,5.0,2.0,2025-12-31,20260318000745,흥아해운,0.4
01528141,2025,6.0,3.0,2025-12-31,20260604000337,LS머트리얼즈,0.5
00150165,2025,6.0,2.0,2025-12-31,20260319001002,브이티,0.3333333333333333
00545716,2025,7.0,4.0,2025-12-31,20260316000884,롯데렌탈,0.5714285714285714
00767460,2025,7.0,3.0,2025-12-31,20260312000098,PI첨단소재,0.42857142857142855
00599595,2025,4.0,1.0,2025-12-31,20260318001144,BGF에코머티리얼즈,0.25
00152729,2025,3.0,1.0,2025-12-31,20260319000424,광전자,0.3333333333333333
00765569,2025,7.0,2.0,2025-12-31,20260319000682,기가비스,0.2857142857142857
00360595,2025,9.0,5.0,2025-12-31,20260318001205,현대글로비스,0.5555555555555556
00403632,2025,6.0,3.0,2025-12-31,20260313001193,현대퓨처넷,0.5
00208444,2025,5.0,2.0,2025-12-31,20260320000819,피에스케이홀딩스,0.4
00161860,2025,4.0,1.0,2025-12-31,20260318001070,한성기업,0.25
00428251,2025,9.0,5.0,2025-12-31,20260318001314,현대백화점,0.5555555555555556
00135962,2025,4.0,1.0,2025-12-31,20260515001873,신라교역,0.25
00447609,2025,4.0,3.0,2025-12-31,20260323001134,비에이치,0.75
00106119,2025,9.0,3.0,2025-12-31,20260608000226,금양,0.3333333333333333
00108940,2025,7.0,3.0,2025-12-31,20260319000799,대성홀딩스,0.42857142857142855
00140964,2025,5.0,2.0,2025-12-31,20260319001240,영원무역홀딩스,0.4
01199550,2025,5.0,3.0,2025-12-31,20260313001045,HD현대에너지솔루션,0.6
01721809,2025,7.0,3.0,2025-12-31,20260316001009,현대그린푸드,0.42857142857142855
00106669,2025,7.0,4.0,2025-12-31,20260316001503,세아베스틸지주,0.5714285714285714
00156895,2025,8.0,3.0,2025-12-31,20260319001243,아주IB투자,0.375
01323032,2025,6.0,3.0,2025-12-31,20260318000506,케이카,0.5
00173078,2025,4.0,1.0,2025-12-31,20260323000909,명신산업,0.25
00573579,2025,8.0,3.0,2025-12-31,20260316000837,평화산업,0.375
00861076,2025,5.0,3.0,2025-12-31,20260312001183,케이탑리츠,0.6
00776820,2025,7.0,4.0,2025-12-31,20260319001279,영원무역,0.5714285714285714
00550994,2025,5.0,2.0,2025-12-31,20260318001657,아이센스,0.4
01566248,2025,5.0,3.0,2025-12-31,20260316001329,에코프로에이치엔,0.6
00140779,2025,5.0,2.0,2025-12-31,20260311004373,영보화학,0.4
00134565,2025,2.0,1.0,2025-12-31,20260319000990,이스타코,0.5
00136624,2025,8.0,3.0,2025-12-31,20260312001122,신영와코루,0.375
00248974,2025,6.0,2.0,2025-12-31,20260320001014,하나제약,0.3333333333333333
00127954,2025,5.0,3.0,2025-12-31,20260319000895,CJ프레시웨이,0.6
00161116,2025,7.0,4.0,2025-12-31,20260317000824,HL D&I,0.5714285714285714
00114765,2025,3.0,1.0,2025-12-31,20260317000470,케이비아이동국실업,0.3333333333333333
00625942,2025,8.0,3.0,2025-12-31,20260313000415,한솔아이원스,0.375
00132992,2025,7.0,4.0,2025-12-31,20260319000729,성우하이텍,0.5714285714285714
00153339,2025,4.0,1.0,2025-12-31,20260323001550,태경산업,0.25
00117027,2025,6.0,3.0,2025-12-31,20260318001554,알루코,0.5
00110875,2025,3.0,1.0,2025-03-31,20250619000193,대신정보통신,0.3333333333333333
01765265,2025,6.0,4.0,2025-12-31,20260313000519,동국제강,0.6666666666666666
00150828,2025,4.0,1.0,2025-12-31,20260311004416,진흥기업,0.25
00164779,2025,9.0,5.0,2025-12-31,20260317000635,SK하이닉스,0.5555555555555556
00260930,2025,11.0,6.0,2025-12-31,20260317000781,에스엠,0.5454545454545454
00171636,2025,7.0,3.0,2025-12-31,20260318001586,한솔홀딩스,0.42857142857142855
00181712,2025,8.0,5.0,2025-12-31,20260318001157,SK,0.625
00632304,2025,7.0,3.0,2025-12-31,20260318001363,JW홀딩스,0.42857142857142855
00414850,2025,5.0,2.0,2025-12-31,20260318001001,효성 ITX,0.4
00825223,2025,4.0,3.0,2025-12-31,20260316000444,화신정공,0.75
00148984,2025,5.0,3.0,2025-12-31,20260319000043,시알홀딩스,0.6
00652423,2025,5.0,3.0,2025-12-31,20260331002681,인바이오젠,0.6
00127167,2025,5.0,3.0,2025-12-31,20260318000524,삼영무역,0.6
00857480,2025,3.0,1.0,2025-12-31,20260313001349,사람인,0.3333333333333333
00101664,2025,4.0,1.0,2025-12-31,20260318001475,경보제약,0.25
00983040,2025,11.0,8.0,2025-12-31,20260318001143,한진칼,0.7272727272727273
00209780,2025,8.0,2.0,2025-12-31,20260316001307,케이씨,0.25
01181515,2025,5.0,3.0,2025-12-31,20260324000006,엘앤씨바이오,0.6
00265324,2025,7.0,4.0,2025-12-31,20260318001469,CJ ENM,0.5714285714285714
00136226,2025,7.0,2.0,2025-12-31,20260317000805,신성델타테크,0.2857142857142857
00111689,2025,4.0,2.0,2025-12-31,20260323001496,아진전자부품,0.5
00797364,2025,3.0,1.0,2025-12-31,20260407003641,KC코트렐,0.3333333333333333
00129235,2025,3.0,1.0,2025-12-31,20260319000454,삼화왕관,0.3333333333333333
01204056,2025,9.0,5.0,2025-12-31,20260320000802,하이브,0.5555555555555556
00113562,2025,5.0,3.0,2025-12-31,20260331004266,롯데손해보험,0.6
00226316,2025,5.0,3.0,2025-12-31,20260330001610,호전실업,0.6
00160375,2025,,1.0,2025-12-31,20260227008561,진양폴리우레탄,
00164788,2025,9.0,5.0,2025-12-31,20260309001878,현대모비스,0.5555555555555556
01074862,2025,8.0,2.0,2025-12-31,20260318000849,메가스터디교육,0.25
00124504,2025,8.0,5.0,2025-12-31,20260318001494,포스코인터내셔널,0.625
00128032,2025,7.0,3.0,2025-12-31,20260318001625,삼일제약,0.42857142857142855
00441243,2025,4.0,1.0,2025-06-30,20250919000232,형지엘리트,0.25
00225706,2025,5.0,2.0,2025-12-31,20260318001371,JW생명과학,0.4
00557508,2025,12.0,7.0,2025-12-31,20260608000223,GKL,0.5833333333333334
00129013,2025,3.0,1.0,2025-12-31,20260323001443,CJ씨푸드,0.3333333333333333
00135795,2025,6.0,3.0,2025-12-31,20260311003722,신도리코,0.5
00161125,2025,7.0,4.0,2025-12-31,20260318000645,한온시스템,0.5714285714285714
00138792,2025,7.0,4.0,2025-12-31,20260318001045,아시아나항공,0.5714285714285714
00651901,2025,7.0,2.0,2025-12-31,20260317000736,에어부산,0.2857142857142857
00121039,2025,2.0,1.0,2025-12-31,20260330000375,명문제약,0.5
00159193,2025,14.0,8.0,2025-12-31,20260317000686,한국전력공사,0.5714285714285714
00105271,2025,7.0,4.0,2025-12-31,20260309001896,케이씨씨,0.5714285714285714
00124197,2025,4.0,1.0,2025-12-31,20260316000062,세아제강지주,0.25
01205851,2025,5.0,3.0,2025-12-31,20260316000940,HD현대일렉트릭,0.6
01236897,2025,8.0,3.0,2025-12-31,20260316000872,제일약품,0.375
01010642,2025,2.0,1.0,2025-12-31,20260316001381,지씨셀,0.5
00260408,2025,6.0,3.0,2025-12-31,20260320000233,팜스코,0.5
00362238,2025,6.0,3.0,2025-12-31,20260701000444,휴비스,0.5
00102432,2025,8.0,3.0,2025-12-31,20260325001239,계룡건설산업,0.375
00125150,2025,6.0,2.0,2025-12-31,20260312001227,SGC에너지,0.3333333333333333
01159853,2025,8.0,3.0,2025-12-31,20260323001636,휴온스,0.375
00670340,2025,6.0,3.0,2025-12-31,20260318001110,씨에스윈드,0.5
00239639,2025,10.0,3.0,2025-12-31,20260320000882,삼표시멘트,0.3
00580199,2025,5.0,2.0,2025-12-31,20260319001223,메디톡스,0.4
00877059,2025,7.0,4.0,2025-12-31,20260515001658,삼성바이오로직스,0.5714285714285714
00102618,2025,6.0,3.0,2025-12-31,20260317000814,계양전기,0.5
00141246,2025,4.0,1.0,2025-12-31,20260311004333,SGC E&C,0.25
00753643,2025,6.0,5.0,2025-12-31,20260318000727,주성코퍼레이션,0.8333333333333334
00105855,2025,9.0,5.0,2025-12-31,20260318001243,엘에스일렉트릭,0.5555555555555556
00185046,2025,9.0,3.0,2025-12-31,20260317000720,SM C&C,0.3333333333333333
00120571,2025,7.0,5.0,2025-12-31,20260311004566,롯데칠성음료,0.7142857142857143
00313649,2025,4.0,1.0,2025-12-31,20260330001311,현대바이오,0.25
00231363,2025,7.0,4.0,2025-12-31,20260313000442,LG유플러스,0.5714285714285714
00303873,2025,7.0,4.0,2025-12-31,20260318001114,CJ CGV,0.5714285714285714
00161383,2025,3.0,1.0,2025-12-31,20260312001230,한미반도체,0.3333333333333333
00104388,2025,8.0,3.0,2025-12-31,20260305001586,국도화학,0.375
00111999,2025,6.0,3.0,2025-12-31,20260318001398,대원제약,0.5
01078178,2025,4.0,1.0,2025-12-31,20260331004907,RFHIC,0.25
01095722,2025,4.0,1.0,2025-12-31,20260317000641,심텍,0.25
01770203,2025,5.0,3.0,2025-12-31,20260319000141,조선내화,0.6
00113410,2025,5.0,3.0,2025-12-31,20260316001417,CJ대한통운,0.6
00131850,2025,7.0,4.0,2025-12-31,20260316000883,SK증권,0.5714285714285714
00536523,2025,4.0,1.0,2025-12-31,20260312000793,로보스타,0.25
00660750,2025,4.0,1.0,2025-12-31,20260313001351,하나머티리얼즈,0.25
00124540,2025,6.0,5.0,2025-12-31,20260318001029,대우건설,0.8333333333333334
01316245,2025,9.0,5.0,2025-12-31,20260323001004,효성중공업,0.5555555555555556
00111810,2025,5.0,3.0,2025-12-31,20260318001178,대웅,0.6
00159209,2025,9.0,6.0,2025-12-31,20260326001003,한전기술,0.6666666666666666
00155124,2025,7.0,3.0,2025-12-31,20260316000856,평화홀딩스,0.42857142857142855
00258801,2025,8.0,5.0,2025-12-31,20260318001423,카카오,0.625
00357360,2025,7.0,3.0,2025-12-31,20260318001269,한세엠케이,0.42857142857142855
00390055,2025,3.0,1.0,2025-12-31,20260318001214,종근당바이오,0.3333333333333333
00427483,2025,5.0,2.0,2025-12-31,20260318001528,대웅제약,0.4
00445054,2025,4.0,1.0,2025-12-31,20260319000032,하나마이크론,0.25
00155319,2025,10.0,6.0,2025-12-31,20260311004517,POSCO홀딩스,0.6
00157681,2025,6.0,3.0,2025-12-31,20260814002211,롯데정밀화학,0.5
00939687,2025,4.0,3.0,2025-12-31,20260318001036,동일고무벨트,0.75
00540641,2025,7.0,3.0,2025-12-31,20260323001365,동양고속,0.42857142857142855
00684802,2025,5.0,3.0,2025-12-31,20260323001605,에이플러스에셋,0.6
00872984,2025,7.0,4.0,2025-12-31,20260318001024,이마트,0.5714285714285714
00113191,2025,7.0,4.0,2025-12-31,20260331003834,코리안리,0.5714285714285714
00126487,2025,7.0,3.0,2025-12-31,20260318001442,F&F 홀딩스,0.42857142857142855
00141389,2025,5.0,3.0,2025-12-31,20260311004507,KZ정밀,0.6
00219486,2025,6.0,3.0,2025-12-31,20260316001238,신세계I&C,0.5
01568413,2025,7.0,3.0,2025-12-31,20260318001512,F&F,0.42857142857142855
01765256,2025,5.0,3.0,2025-12-31,20260317000766,동국씨엠,0.6
00132725,2025,6.0,3.0,2025-12-31,20260318001484,SB성보,0.5
01011526,2025,7.0,3.0,2025-12-31,20260326001049,엔켐,0.42857142857142855
00119007,2025,5.0,3.0,2025-12-31,20260313001288,무림P&P,0.6
00136086,2025,5.0,3.0,2025-12-31,20260316001269,무림페이퍼,0.6
00326731,2025,6.0,1.0,2025-12-31,20260324001036,바이오니아,0.16666666666666666
01784394,2025,4.0,2.0,2025-12-31,20260319000949,STX그린로지스,0.5
00108038,2025,4.0,1.0,2025-12-31,20260323001210,엔피씨,0.25
01152470,2025,6.0,2.0,2025-12-31,20260319001336,펄어비스,0.3333333333333333
00247975,2025,4.0,1.0,2025-12-31,20260318001251,솔브레인홀딩스,0.25
00109754,2025,4.0,1.0,2025-12-31,20260319001199,대림바스,0.25
00878915,2025,8.0,7.0,2025-12-31,20260515000720,iM금융지주,0.875
00263654,2025,4.0,1.0,2025-12-31,20260319001005,오스코텍,0.25
00256955,2025,6.0,3.0,2025-12-31,20260316001319,테이팩스,0.5
00128412,2025,7.0,3.0,2025-12-31,20260316001338,삼진제약,0.42857142857142855
00164973,2025,7.0,4.0,2025-12-31,20260312001448,현대해상,0.5714285714285714
00536541,2025,7.0,4.0,2025-12-31,20260318001612,에코프로,0.5714285714285714
00688996,2025,9.0,7.0,2025-12-31,20260619000667,KB금융,0.7777777777777778
00871833,2025,5.0,3.0,2025-12-31,20260602000343,에스티팜,0.6
00151128,2025,6.0,2.0,2025-12-31,20260318000984,모토닉,0.3333333333333333
00155355,2025,11.0,8.0,2025-12-31,20260323001547,풀무원,0.7272727272727273
00150439,2025,3.0,1.0,2025-12-31,20260304001741,진양산업,0.3333333333333333
00661847,2025,6.0,3.0,2025-12-31,20260323001157,화인베스틸,0.5
01105153,2025,6.0,3.0,2025-12-31,20260318001562,두산로보틱스,0.5
00447575,2025,3.0,1.0,2025-12-31,20260323001603,제이앤티씨,0.3333333333333333
00526599,2025,7.0,3.0,2025-12-31,20260401003696,덴티움,0.42857142857142855
00486705,2025,4.0,1.0,2025-12-31,20260318001296,아주스틸,0.25
00173698,2025,5.0,2.0,2025-12-31,20260320000508,신일전자,0.4
00114792,2025,3.0,1.0,2025-12-31,20260318000823,동국홀딩스,0.3333333333333333
00126186,2025,7.0,4.0,2025-12-31,20260310002989,삼성에스디에스,0.5714285714285714
00107987,2025,17.0,8.0,2025-12-31,20260319000635,남해화학,0.47058823529411764
00223762,2025,7.0,3.0,2025-12-31,20260605000121,KT지니뮤직,0.42857142857142855
00216647,2025,8.0,3.0,2025-12-31,20260319001183,원익홀딩스,0.375
00141671,2025,5.0,3.0,2025-12-31,20260323001680,오리콤,0.6
00149354,2025,4.0,2.0,2025-12-31,20260318001530,종근당홀딩스,0.5
00152862,2025,6.0,2.0,2025-12-31,20260323001718,코오롱,0.3333333333333333
00357740,2025,6.0,3.0,2025-12-31,20260318000635,NHN KCP,0.5
00129509,2025,4.0,1.0,2025-12-31,20260320000351,한익스프레스,0.25
00121534,2025,4.0,1.0,2025-12-31,20260312000803,MH에탄올,0.25
00126292,2025,7.0,4.0,2025-12-31,20260311004049,삼성카드,0.5714285714285714
00137252,2025,8.0,3.0,2025-12-31,20260318001588,사조동아원,0.375
00140177,2025,7.0,4.0,2025-12-31,20260311004487,GS리테일,0.5714285714285714
00150633,2025,6.0,3.0,2025-12-31,20260313000634,지누스,0.5
00140168,2025,6.0,2.0,2025-12-31,20260413002635,HS애드,0.3333333333333333
01093007,2025,6.0,2.0,2025-12-31,20260316001365,LS에코에너지,0.3333333333333333
00155258,2025,4.0,1.0,2025-12-31,20260317000684,포스코스틸리온,0.25
00155276,2025,7.0,4.0,2025-12-31,20260312000826,포스코퓨처엠,0.5714285714285714
00204208,2025,4.0,1.0,2025-12-31,20260313001223,마니커,0.25
00377610,2025,6.0,2.0,2025-12-31,20260318001415,세아홀딩스,0.3333333333333333
01032413,2025,7.0,3.0,2025-12-31,20260318001527,해성디에스,0.42857142857142855
01316254,2025,6.0,3.0,2025-12-31,20260312001146,HS효성첨단소재,0.5
00613318,2025,7.0,4.0,2025-12-31,20260323001610,와이지엔터테인먼트,0.5714285714285714
00113234,2025,6.0,2.0,2025-12-31,20260319000542,대한제당,0.3333333333333333
00121941,2025,7.0,4.0,2025-12-31,20260327000936,대상,0.5714285714285714
00142661,2025,7.0,3.0,2025-12-31,20260814003673,우성,0.42857142857142855
00156691,2025,4.0,2.0,2025-12-31,20260319000066,한국공항,0.5
00158149,2025,7.0,3.0,2025-12-31,20260319000588,한국쉘석유,0.42857142857142855
00127158,2025,5.0,2.0,2025-12-31,20260323001571,씨아이테크,0.4
00149345,2025,3.0,1.0,2025-12-31,20260312000677,조흥,0.3333333333333333
00428321,2025,6.0,2.0,2025-12-31,20260318001023,해태제과식품,0.3333333333333333
00108913,2025,8.0,3.0,2025-12-31,20260609000080,대교,0.375
01168684,2025,4.0,1.0,2025-12-31,20260318001699,스튜디오드래곤,0.25
00116824,2025,6.0,3.0,2025-12-31,20260318001307,동아쏘시오홀딩스,0.5
00956930,2025,6.0,4.0,2025-12-31,20260318001313,동아에스티,0.6666666666666666
00855093,2025,7.0,3.0,2025-12-31,20260320000571,선진,0.42857142857142855
01167056,2025,3.0,1.0,2025-12-31,20260515000077,샘표식품,0.3333333333333333
01205329,2025,4.0,2.0,2025-12-31,20260318000900,크라운제과,0.5
00101488,2025,9.0,3.0,2025-12-31,20260318001570,경동나비엔,0.3333333333333333
00107066,2025,4.0,1.0,2025-12-31,20260323000403,남광토건,0.25
00184667,2025,4.0,1.0,2025-12-31,20260320001208,유진기업,0.25
00125521,2025,7.0,4.0,2025-12-31,20260318000781,에스엘,0.5714285714285714
00131832,2025,7.0,4.0,2025-12-31,20260317000867,SK디스커버리,0.5714285714285714
00145190,2025,7.0,3.0,2025-12-31,20260311004334,유화증권,0.42857142857142855
00114808,2025,3.0,1.0,2025-12-31,20260312001256,동국제약,0.3333333333333333
00156488,2025,8.0,3.0,2025-12-31,20260602000398,휴스틸,0.375
00163761,2025,4.0,1.0,2025-12-31,20260318000958,한창제지,0.25
00106614,2025,4.0,1.0,2025-03-31,20250612000335,기신정기,0.25
00557933,2025,3.0,1.0,2025-12-31,20260323000280,진도,0.3333333333333333
00122551,2025,4.0,1.0,2025-12-31,20260319000754,백산,0.25
00140946,2025,7.0,2.0,2025-12-31,20260313000860,한솔로지스틱스,0.2857142857142857
00534598,2025,8.0,3.0,2025-12-31,20260317000861,한컴라이프케어,0.375
00123718,2025,5.0,3.0,2025-12-31,20260316001273,부광약품,0.6
00126414,2025,6.0,2.0,2025-12-31,20260318001547,삼성제약,0.3333333333333333
00141149,2025,5.0,3.0,2025-12-31,20260312000801,영진약품,0.6
00144818,2025,5.0,3.0,2025-12-31,20260318001501,유유제약,0.6
00158963,2025,8.0,3.0,2025-12-31,20260319001196,유나이티드,0.375
00161046,2025,8.0,3.0,2025-12-31,20260318000762,한독,0.375
00167192,2025,6.0,3.0,2025-12-31,20260318000932,넥센,0.5
00854997,2025,7.0,4.0,2025-12-31,20260318001064,에스디바이오센서,0.5714285714285714
00157399,2025,6.0,3.0,2025-12-31,20260311004024,한솔테크닉스,0.5
00164706,2025,4.0,3.0,2025-11-30,20260213002543,현대약품,0.75
00166573,2025,5.0,3.0,2025-12-31,20260312001200,환인제약,0.6
00541349,2025,8.0,5.0,2025-12-31,20260316001332,셀트리온제약,0.625
00937324,2025,8.0,5.0,2025-12-31,20260318000959,한국타이어앤테크놀로지,0.625
01108099,2025,6.0,3.0,2025-12-31,20260323001454,현대코퍼레이션홀딩스,0.5
00992871,2025,6.0,2.0,2025-12-31,20260318001376,종근당,0.3333333333333333
01012066,2025,6.0,3.0,2025-12-31,20260318000705,HK이노엔,0.5
00148832,2025,7.0,4.0,2025-12-31,20260316000708,제주은행,0.5714285714285714
00128111,2025,4.0,1.0,2025-12-31,20260318000807,포스코엠텍,0.25
00130763,2025,7.0,3.0,2025-12-31,20260319000003,서울반도체,0.42857142857142855
00219574,2025,5.0,2.0,2025-12-31,20260317000869,코스맥스비티아이,0.4
00589127,2025,4.0,1.0,2025-12-31,20260319000580,KEC,0.25
01009789,2025,5.0,2.0,2025-12-31,20260318000694,코스맥스,0.4
01412725,2025,5.0,3.0,2025-12-31,20260318001264,두산퓨얼셀,0.6
00122481,2025,4.0,1.0,2025-12-31,20260319000934,태경비케이,0.25
01274329,2025,6.0,3.0,2025-12-31,20260602000219,성일하이텍,0.5
00162072,2025,3.0,1.0,2025-12-31,20260319001391,한신기계공업,0.3333333333333333
00141307,2025,6.0,4.0,2025-12-31,20260317000753,영풍,0.6666666666666666
00158219,2025,4.0,1.0,2025-12-31,20260319000661,시그네틱스,0.25
00157991,2025,4.0,1.0,2025-12-31,20260319001351,한국석유공업,0.25
00203315,2025,4.0,1.0,2025-12-31,20260318001520,콘텐트리중앙,0.25
01008762,2025,5.0,2.0,2025-12-31,20260316001364,데브시스터즈,0.4
00126779,2025,8.0,2.0,2025-12-31,20260318000860,삼아알미늄,0.25
00138516,2025,4.0,1.0,2025-12-31,20260312001247,아남전자,0.25
00191472,2025,6.0,2.0,2025-12-31,20260312001374,KPX케미칼,0.3333333333333333
00788773,2025,6.0,2.0,2025-12-31,20260319000422,씨젠,0.3333333333333333
00104856,2025,7.0,4.0,2025-12-31,20260312001379,삼성증권,0.5714285714285714
00105961,2025,7.0,4.0,2025-12-31,20260312001270,LG이노텍,0.5714285714285714
00126256,2025,6.0,4.0,2025-12-31,20260331004244,삼성생명,0.6666666666666666
00126478,2025,7.0,4.0,2025-12-31,20260312001037,삼성중공업,0.5714285714285714
00136378,2025,7.0,4.0,2025-12-31,20260316001039,신세계,0.5714285714285714
00137997,2025,5.0,3.0,2025-12-31,20260318001432,현대차증권,0.6
00166519,2025,5.0,2.0,2025-12-31,20260318000857,화천기공,0.4
00103006,2025,10.0,4.0,2025-12-31,20260319001226,고려제강,0.4
00105466,2025,3.0,1.0,2025-12-31,20260319001024,KCC건설,0.3333333333333333
00113614,2025,6.0,3.0,2025-12-31,20260319001075,대현,0.5
00525934,2025,7.0,4.0,2025-12-31,20260318001308,LX세미콘,0.5714285714285714
00146861,2025,4.0,1.0,2025-12-31,20260318000870,자화전자,0.25
00372226,2025,4.0,1.0,2025-12-31,20260318000738,티에스이,0.25
00361488,2025,3.0,1.0,2025-12-31,20260319000726,텔코웨어,0.3333333333333333
00852087,2025,5.0,2.0,2025-12-31,20260319001086,시디즈,0.4
00117188,2025,9.0,6.0,2025-12-31,20260312000976,효성,0.6666666666666666
00117601,2025,5.0,3.0,2025-12-31,20260312000253,유안타증권,0.6
00131939,2025,5.0,3.0,2025-12-31,20260319000984,선도전기,0.6
00159573,2025,7.0,2.0,2025-12-31,20260814000666,한국주철관공업,0.2857142857142857
00129642,2025,6.0,3.0,2025-12-31,20260318001187,상신브레이크,0.5
00137368,2025,3.0,1.0,2025-12-31,20260319000293,신풍,0.3333333333333333
01237540,2025,6.0,3.0,2025-12-31,20260318001197,이녹스첨단소재,0.5
00367604,2025,4.0,1.0,2025-12-31,20260316000473,SM Life Design,0.25
00125743,2025,7.0,3.0,2025-12-31,20260316001374,현대비앤지스틸,0.42857142857142855
00656951,2025,6.0,3.0,2025-12-31,20260316001224,현대이지웰,0.5
00130684,2025,7.0,3.0,2025-12-31,20260318000625,서울도시가스,0.42857142857142855
00155212,2025,5.0,2.0,2025-12-31,20260417000431,포스코DX,0.4
01263022,2025,6.0,4.0,2025-12-31,20260318000829,BGF리테일,0.6666666666666666
00219097,2025,4.0,2.0,2025-12-31,20260318000777,BGF,0.5
00161426,2025,10.0,3.0,2025-12-31,20260320001158,한미사이언스,0.3
01760738,2025,5.0,4.0,2025-12-31,20260313000943,OCI,0.8
00148461,2025,7.0,3.0,2025-12-31,20260318000296,제일연마,0.42857142857142855
00119195,2025,3.0,3.0,2025-12-31,20260318001027,동화약품,1.0
00106623,2025,7.0,4.0,2025-12-31,20260317000785,현대위아,0.5714285714285714
00172228,2025,5.0,2.0,2025-12-31,20260323001528,엔케이,0.4
00631518,2025,8.0,6.0,2025-12-31,20260316000827,SK이노베이션,0.75
00104810,2025,4.0,1.0,2025-12-31,20260323001106,소노스퀘어,0.25
00375931,2025,5.0,2.0,2025-12-31,20260319001290,인선이엔티,0.4
00121969,2025,5.0,2.0,2025-12-31,20260318000864,에쓰씨엔지니어링,0.4
00128980,2025,4.0,1.0,2025-12-31,20260316000588,삼호개발,0.25
00159616,2025,7.0,4.0,2025-12-31,20260320001246,두산에너빌리티,0.5714285714285714
00164742,2025,12.0,7.0,2025-12-31,20260318001394,현대자동차,0.5833333333333334
01310269,2025,5.0,3.0,2025-12-31,20260318001249,IPARK현대산업개발,0.6
00524421,2025,4.0,1.0,2025-12-31,20260313000585,테스,0.25
00356370,2025,7.0,4.0,2025-12-31,20260316000985,LG생활건강,0.5714285714285714
01571107,2025,4.0,1.0,2025-12-31,20260319001410,오픈엣지테크놀로지,0.25
00693554,2025,4.0,1.0,2025-12-31,20260323001373,티케이케미칼,0.25
00349097,2025,9.0,5.0,2025-12-31,20260318001593,케이티스카이라이프,0.5555555555555556
00422895,2025,3.0,1.0,2025-12-31,20260319000406,세이브존I&C,0.3333333333333333
00372873,2025,7.0,3.0,2025-12-31,20260323001433,KTis,0.42857142857142855
00372882,2025,7.0,3.0,2025-12-31,20260323000707,KTcs,0.42857142857142855
00100939,2025,6.0,3.0,2025-12-31,20260318001400,강남제비스코,0.5
00135777,2025,7.0,2.0,2025-12-31,20260319001044,신대양제지,0.2857142857142857
00146296,2025,4.0,2.0,2025-12-31,20260320001302,일신석재,0.5
00114154,2025,6.0,2.0,2025-12-31,20260317000660,디와이덕양,0.3333333333333333
00154426,2025,6.0,2.0,2025-12-31,20260320000772,아이에이치큐,0.3333333333333333
00137207,2025,6.0,2.0,2025-12-31,20260325000515,유니켐,0.3333333333333333
00426086,2025,6.0,2.0,2025-12-31,20260402002347,티케이지휴켐스,0.3333333333333333
00936787,2025,8.0,3.0,2025-12-31,20260318000074,애경케미칼,0.375
00197759,2025,5.0,1.0,2025-12-31,20260319001166,미래산업,0.2
00146232,2025,4.0,1.0,2025-12-31,20260417000596,일성건설,0.25
00153524,2025,4.0,1.0,2025-12-31,20260319001237,태림포장,0.25
00362441,2025,7.0,4.0,2025-12-31,20260318001324,현대오토에버,0.5714285714285714
00111704,2025,8.0,5.0,2025-12-31,20260317000644,한화오션,0.625
00169048,2025,5.0,2.0,2025-12-31,20260318001016,HLB글로벌,0.4
00296290,2025,7.0,4.0,2025-12-31,20260317000838,키움증권,0.5714285714285714
00117577,2025,5.0,3.0,2025-12-31,20260318000838,오리온홀딩스,0.6
00791209,2025,4.0,1.0,2025-12-31,20260317000732,메타케어,0.25
00113544,2025,6.0,4.0,2025-12-31,20260318001465,대한화섬,0.6666666666666666
00163673,2025,5.0,3.0,2025-12-31,20260319000097,한진중공업홀딩스,0.6
00123772,2025,7.0,3.0,2025-12-31,20260403002276,부국증권,0.42857142857142855
00163716,2025,3.0,1.0,2025-12-31,20260326001334,한창,0.3333333333333333
01244601,2025,6.0,4.0,2025-12-31,20260312001366,카카오페이,0.6666666666666666
01412822,2025,4.0,3.0,2025-12-31,20260319000659,솔루스첨단소재,0.75
00860730,2025,3.0,2.0,2025-12-31,20260323000749,에이자기관리부동산투자회사,0.6666666666666666
00127200,2025,4.0,2.0,2025-12-31,20260319001319,삼영전자공업,0.5
00124799,2025,8.0,3.0,2025-12-31,20260318000986,사조산업,0.375
00361008,2025,7.0,3.0,2025-12-31,20260318000939,한화엔진,0.42857142857142855
00549891,2025,6.0,2.0,2025-12-31,20260316001449,케어젠,0.3333333333333333
01133217,2025,9.0,6.0,2025-12-31,20260318000884,카카오뱅크,0.6666666666666666
00579980,2025,6.0,2.0,2025-12-31,20260320001343,아이티엠반도체,0.3333333333333333
01327746,2025,6.0,3.0,2025-12-31,20260320000892,보로노이,0.5
01325979,2025,7.0,4.0,2025-12-31,20260312000989,세아제강,0.5714285714285714
00110893,2025,8.0,5.0,2025-12-31,20260319000718,대신증권,0.625
00115676,2025,7.0,4.0,2025-12-31,20260316001588,KG스틸,0.5714285714285714
00225742,2025,7.0,2.0,2025-12-31,20260316000800,LS마린솔루션,0.2857142857142857
00120030,2025,7.0,4.0,2025-12-31,20260701000624,GS건설,0.5714285714285714
00128555,2025,5.0,3.0,2025-12-31,20260312000794,삼천리,0.6
00134510,2025,4.0,2.0,2025-12-31,20260316000994,SJG세종,0.5
00166315,2025,5.0,3.0,2025-12-31,20260316000461,화신,0.6
00330424,2025,5.0,3.0,2025-12-31,20260316000923,LS증권,0.6
00191588,2025,6.0,3.0,2025-12-31,20260316001210,삼원강재,0.5
00222532,2025,6.0,3.0,2025-12-31,20260316000756,LG헬로비전,0.5
00300548,2025,7.0,3.0,2025-12-31,20260316001287,현대리바트,0.42857142857142855
00406046,2025,5.0,3.0,2025-12-31,20260316001327,HD현대마린엔진,0.6
00671376,2025,9.0,3.0,2025-12-31,20260430001376,트리니티항공,0.3333333333333333
00635134,2025,7.0,4.0,2025-12-31,20260316001116,CJ제일제당,0.5714285714285714
00759513,2025,9.0,5.0,2025-12-31,20260316001555,LX하우시스,0.5555555555555556
01208885,2025,4.0,1.0,2025-12-31,20260316000333,경동도시가스,0.25
01267170,2025,7.0,4.0,2025-12-31,20260319000495,SK케미칼,0.5714285714285714
00127042,2025,5.0,3.0,2025-12-31,20260319000873,SYTS,0.6
00137915,2025,8.0,2.0,2025-12-31,20260319001365,엠엑스로보틱스,0.25
00454946,2025,4.0,1.0,2025-12-31,20260317000822,그린케미칼,0.25
00123143,2025,5.0,2.0,2025-12-31,20260709000536,보령,0.4
00156150,2025,6.0,2.0,2025-12-31,20260323000002,엑시큐어하이트론,0.3333333333333333
00144252,2025,4.0,1.0,2025-12-31,20260319000893,유니온,0.25
00160843,2025,9.0,6.0,2025-12-31,20260601001661,DB하이텍,0.6666666666666666
00687711,2025,5.0,3.0,2025-12-31,20260319001021,한국철강,0.6
00911955,2025,6.0,3.0,2025-12-31,20260814002486,잇츠한불,0.5
00160302,2025,8.0,3.0,2025-12-31,20260602000269,코스모화학,0.375
00117726,2025,7.0,3.0,2025-12-31,20260323001599,DYP,0.42857142857142855
01762569,2025,4.0,1.0,2025-12-31,20260319001027,이수스페셜티케미컬,0.25
00122472,2025,5.0,3.0,2025-12-31,20260318001618,PKC,0.6
00154329,2025,3.0,1.0,2025-12-31,20260318001472,TP,0.3333333333333333
00164478,2025,7.0,4.0,2025-12-31,20260318001395,현대건설,0.5714285714285714
00401731,2025,7.0,4.0,2025-12-31,20260706000276,LG전자,0.5714285714285714
01060744,2025,9.0,5.0,2025-12-31,20260313001328,한솔제지,0.5555555555555556
00265041,2025,4.0,1.0,2025-12-31,20260319000646,삼양케이씨아이,0.25
01060814,2025,4.0,1.0,2025-12-31,20260313001090,삼양패키징,0.25
01316227,2025,6.0,3.0,2025-12-31,20260311004548,효성티앤씨,0.5
01712485,2025,6.0,2.0,2025-12-31,20260318001091,코오롱모빌리티그룹,0.3333333333333333
00306454,2025,5.0,2.0,2025-12-31,20260318001623,한국정보인증,0.4
00648721,2025,4.0,1.0,2025-12-31,20260220002472,SNT에너지,0.25
00109514,2025,3.0,1.0,2025-12-31,20260323001343,티웨이홀딩스,0.3333333333333333
01238169,2025,5.0,3.0,2025-12-31,20260318001320,오리온,0.6
00134176,2025,6.0,2.0,2025-12-31,20260318001571,세우글로벌,0.3333333333333333
00113225,2025,3.0,1.0,2025-12-31,20260318000780,대한제강,0.3333333333333333
00339391,2025,4.0,3.0,2025-12-31,20260513000644,한화시스템,0.75
00129989,2025,8.0,3.0,2025-12-31,20260602000342,코스모신소재,0.375
00163345,2025,8.0,3.0,2025-12-31,20260323001119,DB,0.375
00411048,2025,7.0,3.0,2025-12-31,20260316000487,에스앤에스텍,0.42857142857142855
00148276,2025,5.0,2.0,2025-12-31,20260310002959,제일기획,0.4
00365989,2025,3.0,1.0,2025-12-31,20260323001076,모나용평,0.3333333333333333
00105101,2025,8.0,3.0,2025-12-31,20260605000111,INVENI,0.375
00309503,2025,6.0,5.0,2025-12-31,20260318001461,한국항공우주,0.8333333333333334
00245472,2025,4.0,1.0,2025-12-31,20260310002891,티씨케이,0.25
00162461,2025,9.0,5.0,2025-12-31,20260325001401,한화솔루션,0.5555555555555556
00520887,2025,4.0,1.0,2025-12-31,20260625000299,비상교육,0.25
00158501,2025,9.0,5.0,2025-12-31,20260311004583,에스원,0.5555555555555556
00159786,2025,5.0,2.0,2025-12-31,20260310002923,유니드,0.4
00508274,2025,4.0,1.0,2025-12-31,20260311004300,일진다이아,0.25
00683469,2025,4.0,1.0,2025-12-31,20260311004216,일진전기,0.25
00972503,2025,4.0,1.0,2025-12-31,20260311004292,일진하이솔루스,0.25
01234297,2025,7.0,3.0,2025-12-31,20260311003661,미원에스씨,0.42857142857142855
00200275,2025,8.0,4.0,2025-12-31,20260319001233,YTN,0.5
00413046,2025,12.0,8.0,2025-12-31,20260316001415,셀트리온,0.6666666666666666
00228536,2025,6.0,3.0,2025-12-31,20260608000442,현대에버다임,0.5
00144720,2025,4.0,2.0,2025-12-31,20260320000895,와이투솔루션,0.5
00203290,2025,8.0,3.0,2025-12-31,20260318001455,콜마홀딩스,0.375
00161709,2025,6.0,3.0,2025-12-31,20260407003277,퍼시스,0.5
00165583,2025,7.0,4.0,2025-12-31,20260319001298,E1,0.5714285714285714
00210856,2025,5.0,2.0,2025-12-31,20260324000545,코아스,0.4
00225159,2025,4.0,1.0,2025-12-31,20260402003712,SNT홀딩스,0.25
00404701,2025,6.0,4.0,2025-12-31,20260318001022,한국자산신탁,0.6666666666666666
00633835,2025,5.0,3.0,2025-12-31,20260319000606,HJ중공업,0.6
00706715,2025,7.0,3.0,2025-12-31,20260319001135,미원홀딩스,0.42857142857142855
00104519,2025,3.0,1.0,2025-12-31,20260330001343,국보,0.3333333333333333
00157104,2025,2.0,3.0,2025-03-31,20250619000257,대동전자,1.5
00552859,2025,5.0,2.0,2025-12-31,20260319001264,HLB테라퓨틱스,0.4
00862853,2025,3.0,1.0,2025-12-31,20260319000825,플레이디,0.3333333333333333
00970453,2025,9.0,4.0,2025-12-31,20260319001417,파마리서치,0.4444444444444444
01067516,2025,6.0,3.0,2025-12-31,20260319001346,골프존,0.5
01311408,2025,6.0,4.0,2025-12-31,20260320000475,에코프로머티,0.6666666666666666
00888347,2025,7.0,2.0,2025-12-31,20260320000349,휴젤,0.2857142857142857
00141626,2025,4.0,1.0,2025-03-31,20250619000265,오리엔트바이오,0.25
00193328,2025,6.0,2.0,2025-12-31,20260323001320,수산인더스트리,0.3333333333333333
00113207,2025,7.0,4.0,2025-12-31,20260318001418,대한전선,0.5714285714285714
01316236,2025,5.0,3.0,2025-12-31,20260311004423,효성화학,0.6
00146454,2025,6.0,3.0,2025-12-31,20260318000595,일양약품,0.5
00302926,2025,7.0,4.0,2025-12-31,20260319001275,현대로템,0.5714285714285714
00360142,2025,7.0,3.0,2025-12-31,20260319000859,아이마켓코리아,0.42857142857142855
00130772,2025,8.0,4.0,2025-12-31,20260319001224,SBS,0.5
01026157,2025,6.0,2.0,2025-12-31,20260318000788,쏘카,0.3333333333333333
00117230,2025,8.0,3.0,2025-12-31,20260318001226,TYM,0.375
00153393,2025,7.0,4.0,2025-12-31,20260323001584,태광산업,0.5714285714285714
00173795,2025,6.0,3.0,2025-12-31,20260319000887,신흥,0.5
00267942,2025,5.0,2.0,2025-12-31,20260317000829,큐캐피탈,0.4
00145686,2025,7.0,3.0,2025-12-31,20260319000381,이화산업,0.42857142857142855
00400857,2025,7.0,3.0,2025-12-31,20260320000406,에이블씨엔씨,0.42857142857142855
00151863,2025,5.0,0.0,2025-12-31,20260325001218,청호ICT,0.0
00127802,2025,11.0,4.0,2025-12-31,20260319001288,삼익THK,0.36363636363636365
00149947,2025,6.0,3.0,2025-12-31,20260318001544,JW중외제약,0.5
01562589,2025,7.0,4.0,2025-12-31,20260323001295,LX홀딩스,0.5714285714285714
00399694,2025,4.0,3.0,2025-12-31,20260319001348,SOOP,0.75
00145163,2025,7.0,3.0,2025-12-31,20260318000243,파미셀,0.42857142857142855
00152385,2025,3.0,1.0,2025-12-31,20260323001476,에이프로젠,0.3333333333333333
00261443,2025,7.0,5.0,2025-12-31,20260318001448,NC,0.7142857142857143
00107224,2025,6.0,2.0,2025-12-31,20260323001569,남선알미늄,0.3333333333333333
00117629,2025,3.0,1.0,2025-12-31,20260318001380,KBI동양철관,0.3333333333333333
00174527,2025,6.0,3.0,2025-12-31,20260319000781,HS화성,0.5
00108135,2025,5.0,2.0,2025-12-31,20260318000995,녹십자홀딩스,0.4
00411808,2025,4.0,2.0,2025-12-31,20260323000393,제이오,0.5
00125530,2025,5.0,3.0,2025-12-31,20260318001066,삼립,0.6
00129679,2025,7.0,4.0,2025-12-31,20260318001316,녹십자,0.5714285714285714
00162063,2025,5.0,2.0,2025-12-31,20260319000721,한신공영,0.4
00619640,2025,3.0,1.0,2025-12-31,20260403002080,에코앤드림,0.3333333333333333
00842619,2025,7.0,2.0,2025-12-31,20260323001538,리가켐바이오,0.2857142857142857
00115694,2025,5.0,3.0,2025-12-31,20260318000876,DB증권,0.6
00138242,2025,7.0,5.0,2025-12-31,20260318000964,KG모빌리티,0.7142857142857143
00244455,2025,8.0,6.0,2025-12-31,20260318001422,케이티앤지,0.75
00255619,2025,11.0,8.0,2025-12-31,20260323000917,강원랜드,0.7272727272727273
00525679,2025,4.0,1.0,2025-12-31,20260609000370,차바이오텍,0.25
00356802,2025,6.0,3.0,2025-12-31,20260317000027,큐렉소,0.5
00107598,2025,6.0,2.0,2025-12-31,20260319001235,남양유업,0.3333333333333333
01236532,2025,4.0,1.0,2025-12-31,20260313001171,와이즈버즈,0.25
00298270,2025,6.0,3.0,2025-12-31,20260320000868,안랩,0.5
00105873,2025,7.0,4.0,2025-12-31,20260311003822,LG디스플레이,0.5714285714285714
00117267,2025,5.0,3.0,2025-12-31,20260331004234,동양생명,0.6
01702017,2025,3.0,1.0,2025-12-31,20260318001647,유니드비티플러스,0.3333333333333333
00141404,2025,7.0,2.0,2025-12-31,20260323001405,블루산업개발,0.2857142857142857
00126362,2025,7.0,4.0,2025-12-31,20260310002954,삼성SDI,0.5714285714285714
00787376,2025,10.0,3.0,2025-12-31,20260318001167,대성에너지,0.3
00815369,2025,3.0,1.0,2025-12-31,20260319001071,에스제이엠,0.3333333333333333
01020843,2025,4.0,1.0,2025-12-31,20260318000720,원익피앤이,0.25
00126308,2025,7.0,4.0,2025-12-31,20260311003927,삼성E&A,0.5714285714285714
00121543,2025,7.0,3.0,2025-12-31,20260318000658,무학,0.42857142857142855
00132211,2025,4.0,1.0,2025-12-31,20260323000705,SUN&L,0.25
00925374,2025,3.0,2.0,2025-12-31,20260323001135,윤성에프앤씨,0.6666666666666666
00160861,2025,6.0,2.0,2025-12-31,20260319000612,한농화성,0.3333333333333333
00141529,2025,6.0,4.0,2025-12-31,20260318000621,오뚜기,0.6666666666666666
00151368,2025,5.0,3.0,2025-12-31,20260316001310,인터지스,0.6
00503668,2025,7.0,4.0,2025-12-31,20260323001211,LIG디펜스앤에어로스페이스,0.5714285714285714
00151298,2025,7.0,3.0,2025-12-31,20260318001149,DSR제강,0.42857142857142855
00178754,2025,6.0,2.0,2025-12-31,20260318001545,동아지질,0.3333333333333333
00173102,2025,6.0,2.0,2025-12-31,20260515002512,모나리자,0.3333333333333333
01386916,2025,6.0,4.0,2025-12-31,20260316001149,SK아이이테크놀로지,0.6666666666666666
00486097,2025,7.0,3.0,2025-12-31,20260320000328,KT나스미디어,0.42857142857142855
00149804,2025,7.0,3.0,2025-12-31,20260317000864,디와이에이,0.42857142857142855
00405278,2025,4.0,1.0,2025-12-31,20260313001362,KG파이낸셜,0.25
00124726,2025,6.0,2.0,2025-12-31,20260318001526,빙그레,0.3333333333333333
00101433,2025,4.0,1.0,2025-12-31,20260318001176,경농,0.25
00226352,2025,4.0,1.0,2025-12-31,20260319000852,케이엠더블유,0.25
00131780,2025,7.0,4.0,2025-12-31,20260318001112,SK네트웍스,0.5714285714285714
00364467,2025,7.0,2.0,2025-12-31,20260319000743,드림어스컴퍼니,0.2857142857142857
00141273,2025,5.0,2.0,2025-12-31,20260331000524,웰바이오텍,0.4
01489648,2025,3.0,1.0,2025-12-31,20260316001567,솔브레인,0.3333333333333333
00195229,2025,7.0,3.0,2025-12-31,20260318000916,미스토홀딩스,0.42857142857142855
00194947,2025,8.0,4.0,2025-12-31,20260319000705,한전산업,0.5
00117498,2025,8.0,4.0,2025-12-31,20260319000750,스틱인베스트먼트,0.5
00540605,2025,5.0,2.0,2025-12-31,20260319000675,이월드,0.4
00679314,2025,5.0,2.0,2025-12-31,20260318001381,동성케미컬,0.4
00531014,2025,4.0,1.0,2025-12-31,20260319000837,유진테크,0.25
00120562,2025,8.0,5.0,2025-12-31,20260316001619,롯데지주,0.625
00398701,2025,8.0,5.0,2025-12-31,20260814000818,엘앤에프,0.625
00838005,2025,4.0,1.0,2025-12-31,20260323001543,서진시스템,0.25
01256864,2025,5.0,3.0,2025-12-31,20260312000744,에이비엘바이오,0.6
00104573,2025,5.0,3.0,2025-12-31,20260320000352,국일제지,0.6
00103176,2025,6.0,4.0,2025-12-31,20260319001047,흥국화재,0.6666666666666666
00109824,2025,4.0,1.0,2025-12-31,20260319001328,대림통상,0.25
00113243,2025,5.0,2.0,2025-12-31,20260319001278,대한제분,0.4
00144243,2025,7.0,2.0,2025-12-31,20260319001238,유니슨,0.2857142857142857
00115287,2025,3.0,1.0,2025-12-31,20260319001296,동방,0.3333333333333333
00118266,2025,5.0,4.0,2025-12-31,20260319000977,DRB동일,0.8
00120076,2025,7.0,4.0,2025-12-31,20260318000623,LX인터내셔널,0.5714285714285714
00260958,2025,7.0,3.0,2025-12-31,20260319001242,케이티알파,0.42857142857142855
00130879,2025,6.0,2.0,2025-12-31,20260319000927,서울식품공업,0.3333333333333333
00159795,2025,3.0,1.0,2025-12-31,20260319001272,한국카본,0.3333333333333333
00382199,2025,11.0,9.0,2025-12-31,20260318000826,신한지주,0.8181818181818182
00492894,2025,6.0,2.0,2025-12-31,20260320001156,젬백스,0.3333333333333333
00115612,2025,5.0,3.0,2025-12-31,20260316001362,동부건설,0.6
00145260,2025,4.0,2.0,2025-12-31,20260316001034,율촌화학,0.5
00108241,2025,7.0,4.0,2025-12-31,20260311003892,농심,0.5714285714285714
00117276,2025,8.0,2.0,2025-12-31,20260323001523,네이처셀,0.25
00120526,2025,8.0,6.0,2025-12-31,20260312001405,롯데쇼핑,0.75
00144395,2025,4.0,1.0,2025-12-31,20260312000207,동서,0.25
00149655,2025,9.0,5.0,2025-12-31,20260312000856,삼성물산,0.5555555555555556
00165413,2025,10.0,6.0,2025-12-31,20260312001296,롯데케미칼,0.6
00101044,2025,4.0,1.0,2025-12-31,20260320000881,에이프로젠바이오로직스,0.25
00163512,2025,8.0,5.0,2025-12-31,20260316001427,한진,0.625
01497869,2025,8.0,4.0,2025-12-31,20260320000006,티와이홀딩스,0.5
00172185,2025,4.0,1.0,2025-12-31,20260320001336,남성,0.25
00260392,2025,4.0,2.0,2025-12-31,20260331003244,대원전선,0.5
00190321,2025,9.0,7.0,2025-12-31,20260323001553,케이티,0.7777777777777778
00198697,2025,4.0,1.0,2025-12-31,20260323001151,일진디스플,0.25
00220613,2025,6.0,3.0,2025-12-31,20260414002511,넥스틸,0.5
00356361,2025,7.0,4.0,2025-12-31,20260313001195,LG화학,0.5714285714285714
00365590,2025,4.0,2.0,2025-12-31,20260323001728,HLB생명과학,0.5
00102751,2025,7.0,3.0,2025-12-31,20260311003408,고려산업,0.42857142857142855
00123541,2025,3.0,1.0,2025-12-31,20260318000704,보해양조,0.3333333333333333
00162416,2025,5.0,3.0,2025-12-31,20260318001610,한양증권,0.6
00103130,2025,6.0,2.0,2025-12-31,20260318000918,플레이그램,0.3333333333333333
00163691,2025,4.0,3.0,2025-12-31,20260323001290,유수홀딩스,0.75
00150244,2025,5.0,3.0,2025-12-31,20260318000752,하이트진로,0.6
00415628,2025,3.0,1.0,2025-12-31,20260323001183,세진중공업,0.3333333333333333
00480367,2025,4.0,1.0,2025-12-31,20260323000486,SK오션플랜트,0.25
00653024,2025,7.0,4.0,2025-12-31,20260318000946,진에어,0.5714285714285714
00795135,2025,11.0,6.0,2025-12-31,20260331001900,코오롱인더,0.5454545454545454
00816544,2025,6.0,3.0,2025-12-31,20260323001192,토니모리,0.5
00425351,2025,3.0,1.0,2025-12-31,20260316000476,멀티캠퍼스,0.3333333333333333
00828497,2025,10.0,4.0,2025-12-31,20260320001130,한미약품,0.4
00447487,2025,3.0,1.0,2025-12-31,20260323001029,제주반도체,0.3333333333333333
01205709,2025,5.0,3.0,2025-12-31,20260320000872,HD현대,0.6
01390344,2025,5.0,3.0,2025-12-31,20260320000859,HD현대중공업,0.6
00140955,2025,6.0,3.0,2025-12-31,20260318001424,한솔케미칼,0.5
00563545,2025,5.0,3.0,2025-12-31,20260323001118,두산테스나,0.6
00118044,2025,4.0,1.0,2025-12-31,20260312000830,동원수산,0.25
00106881,2025,3.0,1.0,2025-12-31,20260319000445,인디에프,0.3333333333333333
01226410,2025,7.0,2.0,2025-12-31,20260323001238,씨앤씨인터내셔널,0.2857142857142857
01261644,2025,8.0,3.0,2025-12-31,20260320000803,레인보우로보틱스,0.375
00177199,2025,4.0,1.0,2025-12-31,20260724000315,디씨엠,0.25
00657783,2025,4.0,1.0,2025-12-31,20260318000753,모델솔루션,0.25
00126380,2025,9.0,6.0,2025-12-31,20260310002820,삼성전자,0.6666666666666666
01261893,2025,9.0,3.0,2025-12-31,20260313001174,케이씨텍,0.3333333333333333
00172936,2025,5.0,3.0,2025-12-31,20260326000328,동일산업,0.6
00173874,2025,8.0,5.0,2025-12-31,20260318001435,넥센타이어,0.625
00233653,2025,8.0,4.0,2025-12-31,20260318001299,한국토지신탁,0.5
00299002,2025,7.0,4.0,2025-12-31,20260813001221,HL홀딩스,0.5714285714285714
01061558,2025,6.0,2.0,2025-12-31,20260318001436,덕산네오룩스,0.3333333333333333
00350312,2025,3.0,1.0,2025-12-31,20260318001288,HDC랩스,0.3333333333333333
00186559,2025,3.0,1.0,2025-12-31,20260323001544,아이티센씨티에스,0.3333333333333333
00147860,2025,6.0,3.0,2025-12-31,20260320000787,에스엠벡셀,0.5
01109539,2025,3.0,1.0,2025-12-31,20260318001246,와이씨,0.3333333333333333
00357935,2025,3.0,1.0,2025-12-31,20260814001252,HDC현대EP,0.3333333333333333
00365387,2025,6.0,2.0,2025-12-31,20260318001186,AJ네트웍스,0.3333333333333333
00369833,2025,4.0,1.0,2025-12-31,20260318001126,유니온머티리얼,0.25
00458234,2025,7.0,5.0,2025-12-31,20260317000731,아시아나IDT,0.7142857142857143
00459871,2025,4.0,1.0,2025-12-31,20260318001210,농심홀딩스,0.25
00896285,2025,8.0,5.0,2025-12-31,20260318001585,삼양사,0.625
01042775,2025,7.0,4.0,2025-12-31,20260318000883,HL만도,0.5714285714285714
01205842,2025,5.0,3.0,2025-12-31,20260602000456,HD건설기계,0.6
01428203,2025,5.0,3.0,2025-12-31,20260319000948,케이씨씨글라스,0.6
00113058,2025,7.0,4.0,2025-12-31,20260331003585,한화생명,0.5714285714285714
00148540,2025,7.0,4.0,2025-12-31,20260318001509,CJ,0.5714285714285714
00127857,2025,4.0,1.0,2025-12-31,20260814002549,삼익악기,0.25
00107613,2025,4.0,1.0,2025-12-31,20260323000847,이수페타시스,0.25
00126566,2025,9.0,5.0,2025-12-31,20260316001112,한화에어로스페이스,0.5555555555555556
00565154,2025,7.0,3.0,2025-12-31,20260310003051,이노션,0.42857142857142855
00171265,2025,5.0,3.0,2025-12-31,20260319001270,파라다이스,0.6
00155531,2025,6.0,2.0,2025-12-31,20260312001433,풍산홀딩스,0.3333333333333333
00103510,2025,3.0,1.0,2025-12-31,20260323001493,인지컨트롤스,0.3333333333333333
00130383,2025,7.0,4.0,2025-12-31,20260319000002,서부T&D,0.5714285714285714
00104786,2025,4.0,1.0,2025-12-31,20260323000816,미래아이앤지,0.25
00159698,2025,10.0,6.0,2025-12-31,20260313000652,지역난방공사,0.6
00210980,2025,4.0,1.0,2025-12-31,20260323000632,원익,0.25
00453284,2025,7.0,4.0,2025-12-31,20260323000879,교촌에프앤비,0.5714285714285714
00103626,2025,4.0,,2025-12-31,20260312000618,한솔피엔에스,
00136341,2025,3.0,1.0,2025-06-30,20250918000334,신성통상,0.3333333333333333
00134723,2025,4.0,1.0,2025-12-31,20260323001240,페이퍼코리아,0.25
01021666,2025,3.0,1.0,2025-12-31,20260323001592,덕산테코피아,0.3333333333333333
00583442,2025,5.0,2.0,2025-12-31,20260312000811,노루페인트,0.4
01258507,2025,7.0,5.0,2025-12-31,20260312000907,롯데웰푸드,0.7142857142857143
00119140,2025,8.0,3.0,2025-12-31,20260731000461,핸즈코퍼레이션,0.375
00121288,2025,4.0,1.0,2025-12-31,20260323001298,모나미,0.25
00124090,2025,6.0,3.0,2025-12-31,20260323000279,한국특강,0.5
00125080,2025,8.0,3.0,2025-12-31,20260323001489,AK홀딩스,0.375
00131197,2025,4.0,1.0,2025-12-31,20260601001187,서원,0.25
00135050,2025,8.0,2.0,2025-12-31,20260515001314,팜젠사이언스,0.25
00135111,2025,8.0,3.0,2025-12-31,20260323001435,수산세보틱스,0.375
00141477,2025,5.0,3.0,2025-12-31,20260323000923,영흥,0.6
00152880,2025,9.0,5.0,2025-12-31,20260323001556,코오롱글로벌,0.5555555555555556
00164830,2025,5.0,3.0,2025-12-31,20260320001032,HD한국조선해양,0.6
00113508,2025,4.0,2.0,2025-12-31,20260312001302,노루홀딩스,0.5
00148610,2025,5.0,3.0,2025-12-31,20260310002967,한화투자증권,0.6
00102858,2025,19.0,13.0,2025-12-31,20260813001726,고려아연,0.6842105263157895
01596425,2025,6.0,4.0,2025-12-31,20260317000830,SK스퀘어,0.6666666666666666
01187148,2025,4.0,1.0,2025-12-31,20260319000459,케어랩스,0.25
01159233,2025,5.0,2.0,2025-12-31,20260325001187,솔루엠,0.4
00469799,2025,6.0,2.0,2025-12-31,20260331000004,이엔플러스,0.3333333333333333
00244747,2025,7.0,5.0,2025-12-31,20260319000022,파크시스템스,0.7142857142857143
01067808,2025,4.0,3.0,2025-12-31,20260318000703,넵튠,0.75
00166227,2025,7.0,3.0,2025-12-31,20260312000403,화승인더스트리,0.42857142857142855
00728638,2025,6.0,3.0,2025-12-31,20260318001459,한세실업,0.5
00104698,2025,6.0,3.0,2025-12-31,20260318001521,LS네트웍스,0.5
00128175,2025,4.0,1.0,2025-12-31,20260318000858,원익큐브,0.25
00112059,2025,5.0,3.0,2025-12-31,20260630000637,상상인증권,0.6
00112651,2025,3.0,1.0,2025-12-31,20260318000499,대창,0.3333333333333333
00115977,2025,7.0,4.0,2025-12-31,20260318001565,아이에스동서,0.5714285714285714
00117300,2025,4.0,1.0,2025-12-31,20260318000366,TCC스틸,0.25
00118345,2025,8.0,4.0,2025-12-31,20260318001468,디아이동일,0.5
00156859,2025,9.0,5.0,2025-12-31,20260312000604,다올투자증권,0.5555555555555556
00252135,2025,6.0,4.0,2025-12-31,20260318000323,주성엔지니어링,0.6666666666666666
00113526,2025,9.0,6.0,2025-12-31,20260318001125,대한항공,0.6666666666666666
00227333,2025,7.0,2.0,2025-12-31,20260318001666,네패스,0.2857142857142857
00129420,2025,5.0,3.0,2025-12-31,20260318000955,까뮤이앤씨,0.6
00132637,2025,3.0,1.0,2025-12-31,20260514000698,동원시스템즈,0.3333333333333333
00133706,2025,4.0,1.0,2025-12-31,20260318001240,한국제지,0.25
00138190,2025,7.0,3.0,2025-12-31,20260317000713,GS글로벌,0.42857142857142855
00139454,2025,8.0,3.0,2025-12-31,20260318001405,애경산업,0.375
00366137,2025,4.0,1.0,2025-12-31,20260318001667,KG에코솔루션,0.25
00139889,2025,7.0,4.0,2025-12-31,20260610000521,SKC,0.5714285714285714
00141875,2025,6.0,3.0,2025-12-31,20260318001080,사조오양,0.5
00145446,2025,4.0,1.0,2025-12-31,20260318001636,이건산업,0.25
00146083,2025,6.0,2.0,2025-12-31,20260318001076,일동홀딩스,0.3333333333333333
00133858,2025,8.0,3.0,2025-12-31,20260319001105,세방전지,0.375
00137359,2025,5.0,3.0,2025-12-31,20260320000611,신풍제약,0.6
00149646,2025,6.0,4.0,2025-12-31,20260318000761,기업은행,0.6666666666666666
00154462,2025,6.0,4.0,2025-12-31,20260318000825,아모레퍼시픽홀딩스,0.6666666666666666
00525642,2025,3.0,1.0,2025-12-31,20260318001698,코오롱생명과학,0.3333333333333333
00148896,2025,7.0,4.0,2025-12-31,20260318000617,OCI홀딩스,0.5714285714285714
00153621,2025,3.0,1.0,2025-12-31,20260318001238,참엔지니어링,0.3333333333333333
00153861,2025,5.0,3.0,2025-12-31,20260318001574,태영건설,0.6
00541163,2025,3.0,2.0,2025-12-31,20260318000944,이엠텍,0.6666666666666666
00159023,2025,8.0,5.0,2025-12-31,20260318000532,SK텔레콤,0.625
00162586,2025,7.0,2.0,2025-12-31,20260318001637,한올바이오파마,0.2857142857142857
00572905,2025,7.0,2.0,2025-12-31,20260318000018,ISC,0.2857142857142857
00163114,2025,6.0,3.0,2025-12-31,20260318001577,서연,0.5
00164636,2025,5.0,3.0,2025-12-31,20260318001262,HDC,0.6
01096341,2025,3.0,1.0,2025-12-31,20260319000472,넥슨게임즈,0.3333333333333333
00234412,2025,8.0,3.0,2025-12-31,20260316001380,신세계인터내셔날,0.375
00989619,2025,6.0,2.0,2025-12-31,20260323001596,알테오젠,0.3333333333333333
01456011,2025,7.0,2.0,2025-12-31,20260316001246,디어유,0.2857142857142857
00301246,2025,4.0,1.0,2025-12-31,20260323000826,SFA반도체,0.25
00109189,2025,4.0,1.0,2025-12-31,20260319001087,대덕,0.25
00126937,2025,6.0,4.0,2025-12-31,20260323001299,삼양홀딩스,0.6666666666666666
01351080,2025,8.0,4.0,2025-12-31,20260318001639,지아이이노베이션,0.5
00151395,2025,4.0,1.0,2025-12-31,20260319000972,천일고속,0.25
00579999,2025,6.0,2.0,2025-12-31,20260312000804,고영,0.3333333333333333
01319808,2025,7.0,4.0,2025-12-31,20260317000863,한일시멘트,0.5714285714285714
00176835,2025,11.0,6.0,2025-12-31,20260320000311,NH농우바이오,0.5454545454545454
01168383,2025,6.0,2.0,2025-12-31,20260318000787,일동제약,0.3333333333333333
00136721,2025,5.0,3.0,2025-03-31,20250829000681,신영증권,0.6
00442835,2025,4.0,1.0,2025-12-31,20260319000871,메타랩스,0.25
00112022,2025,5.0,3.0,2025-12-31,20260702000206,대원화성,0.6
00105280,2025,6.0,3.0,2025-12-31,20260814002527,현대지에프홀딩스,0.5
00606664,2025,4.0,1.0,2025-12-31,20260311003815,케이엔더블유,0.25
00128546,2025,4.0,1.0,2025-12-31,20260602000573,삼천당제약,0.25
00238782,2025,4.0,1.0,2025-12-31,20260320001289,다우데이타,0.25
01722437,2025,5.0,3.0,2025-12-31,20260318001221,한화갤러리아,0.6
00148993,2025,5.0,3.0,2025-12-31,20260318001474,하이트진로홀딩스,0.6
00117212,2025,7.0,4.0,2025-12-31,20260323000945,두산,0.5714285714285714
00122056,2025,6.0,2.0,2025-12-31,20260320001114,미창석유공업,0.3333333333333333
00104722,2025,6.0,3.0,2025-12-31,20260318000669,국제약품,0.5
00112378,2025,4.0,2.0,2025-12-31,20260320001257,KR모터스,0.5
00117337,2025,7.0,3.0,2025-12-31,20260318001406,동양,0.42857142857142855
00118451,2025,7.0,3.0,2025-12-31,20260323000811,동일제강,0.42857142857142855
00159740,2025,6.0,3.0,2025-12-31,20260319001343,KISCO홀딩스,0.5
00160047,2025,6.0,4.0,2025-12-31,20260318000997,한국앤컴퍼니,0.6666666666666666
00203582,2025,7.0,2.0,2025-12-31,20260311003988,한솔홈데코,0.2857142857142857
00305668,2025,3.0,1.0,2025-12-31,20260331002685,새론오토모티브,0.3333333333333333
01160363,2025,8.0,5.0,2025-12-31,20260318001622,에코프로비엠,0.625
00149594,2025,7.0,4.0,2025-12-31,20260312000997,한국캐피탈,0.5714285714285714
00136101,2025,5.0,2.0,2025-03-31,20250617000184,메이슨캐피탈,0.4
00122737,2025,7.0,4.0,2025-12-31,20260319001097,팬오션,0.5714285714285714
00353610,2025,3.0,1.0,2025-12-31,20260320001193,이니텍,0.3333333333333333
01365825,2025,5.0,2.0,2025-12-31,20260323000017,피에스케이,0.4
00523307,2025,6.0,2.0,2025-12-31,20260324000038,다원시스,0.3333333333333333
00415868,2025,4.0,2.0,2025-12-31,20260318001345,펩트론,0.5
00168331,2025,4.0,1.0,2025-12-31,20260319001171,온타이드,0.25
00164645,2025,6.0,4.0,2025-12-31,20260318001444,HMM,0.6666666666666666
00136457,2025,7.0,3.0,2025-12-31,20260320000650,SH에너지화학,0.42857142857142855
00126955,2025,8.0,4.0,2025-12-31,20260318001082,삼양식품,0.5
01035289,2025,4.0,1.0,2025-12-31,20260323001430,제이케이리버스톤자기관리부동산투자회사,0.25
00145437,2025,6.0,2.0,2025-12-31,20260318001629,아센디오,0.3333333333333333
00134477,2025,4.0,1.0,2025-12-31,20260219002133,SNT다이내믹스,0.25
00526836,2025,4.0,1.0,2025-12-31,20260319000008,미래나노텍,0.25
01032404,2025,8.0,2.0,2025-12-31,20260317000761,콜마비앤에이치,0.25
00241005,2025,6.0,2.0,2025-12-31,20260317000831,코오롱이앤피,0.3333333333333333
01262032,2025,7.0,3.0,2025-12-31,20260313000002,롯데이노베이트,0.42857142857142855
00628189,2025,5.0,3.0,2025-12-31,20260318001421,웅진씽크빅,0.6
00132868,2025,4.0,1.0,2025-12-31,20260318000501,우성머티리얼스,0.25
00124027,2025,5.0,2.0,2025-12-31,20260319000540,부산산업,0.4
00982023,2025,7.0,2.0,2025-12-31,20260320001024,실리콘투,0.2857142857142857
00159810,2025,7.0,4.0,2025-12-31,20260323000718,카프로,0.5714285714285714
00681142,2025,7.0,4.0,2025-12-31,20260331004451,쌍방울,0.5714285714285714
00143651,2025,6.0,2.0,2025-12-31,20260318001480,웅진,0.3333333333333333
00226866,2025,7.0,3.0,2025-12-31,20260317000896,인탑스,0.42857142857142855
00450010,2025,3.0,2.0,2025-12-31,20260318000736,씨티알모빌리티,0.6666666666666666
01319899,2025,7.0,4.0,2025-12-31,20260313000936,SK바이오사이언스,0.5714285714285714
00115384,2025,4.0,1.0,2025-12-31,20260312000569,동방아그로,0.25
00476498,2025,5.0,3.0,2025-12-31,20260320001410,컴투스,0.6
01010110,2025,6.0,3.0,2025-12-31,20260724000595,더블유게임즈,0.5
01137383,2025,9.0,6.0,2025-12-31,20260318001659,카카오게임즈,0.6666666666666666
01515323,2025,7.0,4.0,2025-12-31,20260312000217,LG에너지솔루션,0.5714285714285714
00983271,2025,6.0,3.0,2025-12-31,20260318001525,NHN,0.5
00133991,2025,4.0,1.0,2025-12-31,20260318001410,세아특수강,0.25
00585219,2025,3.0,1.0,2025-12-31,20260622000358,세원이앤씨,0.3333333333333333
00136776,2025,8.0,2.0,2025-12-31,20260319001268,차AI헬스케어,0.25
00146214,2025,8.0,3.0,2025-12-31,20260318001342,일성아이에스,0.375
00358271,2025,6.0,3.0,2025-12-31,20260610000400,SFA,0.5
00159218,2025,9.0,5.0,2025-12-31,20260323000091,한전KPS,0.5555555555555556
01524093,2025,7.0,4.0,2025-12-31,20260814003447,DL이앤씨,0.5714285714285714
00480950,2025,5.0,3.0,2025-12-31,20260331004772,이아이디,0.6
00347734,2025,3.0,1.0,2025-12-31,20260303003003,진양화학,0.3333333333333333
00109286,2025,7.0,4.0,2025-12-31,20260318001552,대동,0.5714285714285714
00118804,2025,4.0,1.0,2025-12-31,20260319000264,동진쎄미켐,0.25
00112970,2025,6.0,2.0,2025-12-31,20260319001239,대한방직,0.3333333333333333
01090471,2025,7.0,3.0,2025-12-31,20260320001352,SFA넥셀,0.42857142857142855
01288827,2025,7.0,3.0,2025-12-31,20260319000776,HPSP,0.42857142857142855
00129387,2025,5.0,2.0,2025-12-31,20260318000462,SP삼화,0.4
00111111,2025,6.0,2.0,2025-12-31,20260319001294,대양금속,0.3333333333333333
00470829,2025,7.0,3.0,2025-12-31,20260227005846,인티큐브,0.42857142857142855
00453488,2025,6.0,3.0,2025-12-31,20260323001749,다이나믹디자인,0.5
00160588,2025,7.0,4.0,2025-12-31,20260331003871,한화,0.5714285714285714
00106395,2025,6.0,2.0,2025-12-31,20260318001105,금호전기,0.3333333333333333
00876908,2025,3.0,1.0,2025-12-31,20260318000967,모트렉스,0.3333333333333333
00444329,2025,5.0,3.0,2025-12-31,20260319000853,위메이드,0.6
00367844,2025,5.0,3.0,2025-12-31,20260630001001,자이에스앤디,0.6
00547583,2025,12.0,9.0,2025-12-31,20260814004019,하나금융지주,0.75
00140131,2025,4.0,1.0,2025-12-31,20260317000560,키다리스튜디오,0.25
00158325,2025,8.0,3.0,2025-12-31,20260313001207,NICE평가정보,0.375
00159500,2025,8.0,3.0,2025-12-31,20260318001681,한국종합기술,0.375
00145880,2025,9.0,5.0,2025-12-31,20260318001506,현대제철,0.5555555555555556
00340096,2025,4.0,1.0,2025-12-31,20260313001348,미래에셋벤처투자,0.25
00904672,2025,9.0,5.0,2025-12-31,20260318001170,넷마블,0.5555555555555556
00193009,2025,7.0,2.0,2025-12-31,20260731000424,케이에이치필룩스,0.2857142857142857
00651017,2025,3.0,1.0,2025-12-31,20260313001276,나우IB,0.3333333333333333
00111847,2025,7.0,4.0,2025-12-31,20260318001323,대원강업,0.5714285714285714
01071041,2025,5.0,3.0,2025-12-31,20260316001695,CJ 바이오사이언스,0.6
00103592,2025,6.0,3.0,2025-12-31,20260318001573,광동제약,0.5
00108746,2025,7.0,4.0,2025-12-31,20260528000864,DKME,0.5714285714285714
00109693,2025,5.0,3.0,2025-12-31,20260318000970,DL,0.6
00118026,2025,9.0,5.0,2025-12-31,20260318001195,동원산업,0.5555555555555556
00117179,2025,7.0,2.0,2025-12-31,20260318001042,디와이,0.2857142857142857
00118521,2025,5.0,2.0,2025-12-31,20260407003512,진원생명과학,0.4
00684714,2025,7.0,4.0,2025-12-31,20260312001327,풍산,0.5714285714285714
00172291,2025,5.0,2.0,2025-12-31,20260318001198,더존비즈온,0.4
00110750,2025,3.0,1.0,2025-12-31,20260320000002,GMI벤처,0.3333333333333333
00104999,2025,6.0,3.0,2025-12-31,20260702000587,윌비스,0.5
00274933,2025,6.0,3.0,2025-12-31,20260318000936,신세계푸드,0.5
01061327,2025,7.0,3.0,2025-12-31,20260323001541,클래시스,0.42857142857142855
00204262,2025,6.0,2.0,2025-12-31,20260318001305,한컴,0.3333333333333333
00121932,2025,7.0,3.0,2025-12-31,20260316000483,미원상사,0.42857142857142855
00118008,2025,6.0,3.0,2025-03-31,20250618000195,동원모빌리티,0.5
00415646,2025,7.0,3.0,2025-12-31,20260318001215,드림텍,0.42857142857142855
00135917,2025,7.0,4.0,2025-12-31,20260331000594,한화손해보험,0.5714285714285714
00760971,2025,7.0,5.0,2025-12-31,20260515002689,크래프톤,0.7142857142857143
00109806,2025,7.0,3.0,2025-12-31,20260323000312,삼일씨엔에스,0.42857142857142855
00111421,2025,3.0,1.0,2025-12-31,20260319001066,휴니드테크놀러지스,0.3333333333333333
00145862,2025,6.0,2.0,2025-12-31,20260305001037,인천도시가스,0.3333333333333333
01234507,2025,7.0,4.0,2025-12-31,20260319001065,매일유업,0.5714285714285714
00120182,2025,7.0,5.0,2025-12-31,20260313000771,NH투자증권,0.7142857142857143
00304915,2025,4.0,2.0,2025-03-31,20250620000266,코리아에셋투자증권,0.5
00120872,2025,4.0,2.0,2025-06-30,20250918000340,만호제강,0.5
00113535,2025,5.0,3.0,2025-12-31,20260320001138,대한해운,0.6
00481454,2025,7.0,4.0,2025-12-31,20260317000836,금호타이어,0.5714285714285714
00112332,2025,6.0,3.0,2025-12-31,20260721001043,미래에셋생명,0.5
00412597,2025,7.0,4.0,2025-12-31,20260316000819,현대홈쇼핑,0.5714285714285714
00126089,2025,5.0,2.0,2025-12-31,20260619000568,DH오토넥스,0.4
00261285,2025,14.0,8.0,2025-12-31,20260323001058,한국가스공사,0.5714285714285714
00119672,2025,7.0,2.0,2025-12-31,20260318001456,두올,0.2857142857142857
00158307,2025,9.0,5.0,2025-12-31,20260311004061,롯데하이마트,0.5555555555555556
00199252,2025,8.0,2.0,2025-12-31,20260323001673,HLB,0.25
00103662,2025,6.0,1.0,2025-12-31,20260407003303,광명전기,0.16666666666666666
00428729,2025,8.0,2.0,2025-12-31,20260324000005,대호에이엘,0.25
00146542,2025,4.0,2.0,2025-12-31,20260323000224,일정실업,0.5
00269241,2025,5.0,2.0,2025-12-31,20260319000699,주연테크,0.4
00106641,2025,9.0,5.0,2025-12-31,20260312001224,기아,0.5555555555555556
00396925,2025,7.0,2.0,2025-12-31,20260716000549,엠로,0.2857142857142857
00122825,2025,7.0,2.0,2025-12-31,20260407003654,프리티,0.2857142857142857
00249247,2025,6.0,2.0,2025-12-31,20260319000816,YG PLUS,0.3333333333333333
00113492,2025,6.0,2.0,2025-12-31,20260319000486,깨끗한나라,0.3333333333333333
00165680,2025,7.0,4.0,2025-12-31,20260311004398,호텔신라,0.5714285714285714
